Timing Analyzer report for CPU
Wed Jun  3 10:10:45 2026
Quartus Prime Version 25.1std.0 Build 1129 10/21/2025 SC Lite Edition


---------------------
; Table of Contents ;
---------------------
  1. Legal Notice
  2. Timing Analyzer Summary
  3. Parallel Compilation
  4. Clocks
  5. Slow 1200mV 85C Model Fmax Summary
  6. Timing Closure Recommendations
  7. Slow 1200mV 85C Model Setup Summary
  8. Slow 1200mV 85C Model Hold Summary
  9. Slow 1200mV 85C Model Recovery Summary
 10. Slow 1200mV 85C Model Removal Summary
 11. Slow 1200mV 85C Model Minimum Pulse Width Summary
 12. Slow 1200mV 85C Model Setup: 'KEY[0]'
 13. Slow 1200mV 85C Model Hold: 'KEY[0]'
 14. Slow 1200mV 85C Model Metastability Summary
 15. Slow 1200mV 0C Model Fmax Summary
 16. Slow 1200mV 0C Model Setup Summary
 17. Slow 1200mV 0C Model Hold Summary
 18. Slow 1200mV 0C Model Recovery Summary
 19. Slow 1200mV 0C Model Removal Summary
 20. Slow 1200mV 0C Model Minimum Pulse Width Summary
 21. Slow 1200mV 0C Model Setup: 'KEY[0]'
 22. Slow 1200mV 0C Model Hold: 'KEY[0]'
 23. Slow 1200mV 0C Model Metastability Summary
 24. Fast 1200mV 0C Model Setup Summary
 25. Fast 1200mV 0C Model Hold Summary
 26. Fast 1200mV 0C Model Recovery Summary
 27. Fast 1200mV 0C Model Removal Summary
 28. Fast 1200mV 0C Model Minimum Pulse Width Summary
 29. Fast 1200mV 0C Model Setup: 'KEY[0]'
 30. Fast 1200mV 0C Model Hold: 'KEY[0]'
 31. Fast 1200mV 0C Model Metastability Summary
 32. Multicorner Timing Analysis Summary
 33. Board Trace Model Assignments
 34. Input Transition Times
 35. Signal Integrity Metrics (Slow 1200mv 0c Model)
 36. Signal Integrity Metrics (Slow 1200mv 85c Model)
 37. Signal Integrity Metrics (Fast 1200mv 0c Model)
 38. Setup Transfers
 39. Hold Transfers
 40. Report TCCS
 41. Report RSKM
 42. Unconstrained Paths Summary
 43. Clock Status Summary
 44. Unconstrained Input Ports
 45. Unconstrained Output Ports
 46. Unconstrained Input Ports
 47. Unconstrained Output Ports
 48. Timing Analyzer Messages



----------------
; Legal Notice ;
----------------
Copyright (C) 2025  Altera Corporation. All rights reserved.
Your use of Altera Corporation's design tools, logic functions 
and other software and tools, and any partner logic 
functions, and any output files from any of the foregoing 
(including device programming or simulation files), and any 
associated documentation or information are expressly subject 
to the terms and conditions of the Altera Program License 
Subscription Agreement, the Altera Quartus Prime License Agreement,
the Altera IP License Agreement, or other applicable license
agreement, including, without limitation, that your use is for
the sole purpose of programming logic devices manufactured by
Altera and sold by Altera or its authorized distributors.  Please
refer to the Altera Software License Subscription Agreements 
on the Quartus Prime software download page.



+---------------------------------------------------------------------------------+
; Timing Analyzer Summary                                                         ;
+-----------------------+---------------------------------------------------------+
; Quartus Prime Version ; Version 25.1std.0 Build 1129 10/21/2025 SC Lite Edition ;
; Timing Analyzer       ; Legacy Timing Analyzer                                  ;
; Revision Name         ; CPU                                                     ;
; Device Family         ; Cyclone IV E                                            ;
; Device Name           ; EP4CE115F29C7                                           ;
; Timing Models         ; Final                                                   ;
; Delay Model           ; Combined                                                ;
; Rise/Fall Delays      ; Enabled                                                 ;
+-----------------------+---------------------------------------------------------+


+------------------------------------------+
; Parallel Compilation                     ;
+----------------------------+-------------+
; Processors                 ; Number      ;
+----------------------------+-------------+
; Number detected on machine ; 16          ;
; Maximum allowed            ; 10          ;
;                            ;             ;
; Average used               ; 1.06        ;
; Maximum used               ; 10          ;
;                            ;             ;
; Usage by Processor         ; % Time Used ;
;     Processor 1            ; 100.0%      ;
;     Processor 2            ;   1.4%      ;
;     Processor 3            ;   1.1%      ;
;     Processor 4            ;   0.9%      ;
;     Processors 5-10        ;   0.4%      ;
+----------------------------+-------------+


+------------------------------------------------------------------------------------------------------------------------------------------------------------------------------------+
; Clocks                                                                                                                                                                             ;
+------------+------+--------+------------+-------+-------+------------+-----------+-------------+-------+--------+-----------+------------+----------+--------+--------+------------+
; Clock Name ; Type ; Period ; Frequency  ; Rise  ; Fall  ; Duty Cycle ; Divide by ; Multiply by ; Phase ; Offset ; Edge List ; Edge Shift ; Inverted ; Master ; Source ; Targets    ;
+------------+------+--------+------------+-------+-------+------------+-----------+-------------+-------+--------+-----------+------------+----------+--------+--------+------------+
; KEY[0]     ; Base ; 1.000  ; 1000.0 MHz ; 0.000 ; 0.500 ;            ;           ;             ;       ;        ;           ;            ;          ;        ;        ; { KEY[0] } ;
+------------+------+--------+------------+-------+-------+------------+-----------+-------------+-------+--------+-----------+------------+----------+--------+--------+------------+


+-----------------------------------------------------------------------------------------------------------+
; Slow 1200mV 85C Model Fmax Summary                                                                        ;
+------------+-----------------+------------+---------------------------------------------------------------+
; Fmax       ; Restricted Fmax ; Clock Name ; Note                                                          ;
+------------+-----------------+------------+---------------------------------------------------------------+
; 376.65 MHz ; 250.0 MHz       ; KEY[0]     ; limit due to minimum period restriction (max I/O toggle rate) ;
+------------+-----------------+------------+---------------------------------------------------------------+
This panel reports FMAX for every clock in the design, regardless of the user-specified clock periods.  FMAX is only computed for paths where the source and destination registers or ports are driven by the same clock.  Paths of different clocks, including generated clocks, are ignored.  For paths between a clock and its inversion, FMAX is computed as if the rising and falling edges are scaled along with FMAX, such that the duty cycle (in terms of a percentage) is maintained. Altera recommends that you always use clock constraints and other slack reports for sign-off analysis.


----------------------------------
; Timing Closure Recommendations ;
----------------------------------
HTML report is unavailable in plain text report export.


+-------------------------------------+
; Slow 1200mV 85C Model Setup Summary ;
+--------+--------+-------------------+
; Clock  ; Slack  ; End Point TNS     ;
+--------+--------+-------------------+
; KEY[0] ; -1.655 ; -43.646           ;
+--------+--------+-------------------+


+------------------------------------+
; Slow 1200mV 85C Model Hold Summary ;
+--------+-------+-------------------+
; Clock  ; Slack ; End Point TNS     ;
+--------+-------+-------------------+
; KEY[0] ; 1.249 ; 0.000             ;
+--------+-------+-------------------+


------------------------------------------
; Slow 1200mV 85C Model Recovery Summary ;
------------------------------------------
No paths to report.


-----------------------------------------
; Slow 1200mV 85C Model Removal Summary ;
-----------------------------------------
No paths to report.


+---------------------------------------------------+
; Slow 1200mV 85C Model Minimum Pulse Width Summary ;
+--------+--------+---------------------------------+
; Clock  ; Slack  ; End Point TNS                   ;
+--------+--------+---------------------------------+
; KEY[0] ; -3.000 ; -44.120                         ;
+--------+--------+---------------------------------+


+----------------------------------------------------------------------------------------------------+
; Slow 1200mV 85C Model Setup: 'KEY[0]'                                                              ;
+--------+-----------+---------+--------------+-------------+--------------+------------+------------+
; Slack  ; From Node ; To Node ; Launch Clock ; Latch Clock ; Relationship ; Clock Skew ; Data Delay ;
+--------+-----------+---------+--------------+-------------+--------------+------------+------------+
; -1.655 ; R0[4]     ; R0[4]   ; KEY[0]       ; KEY[0]      ; 1.000        ; -0.049     ; 2.624      ;
; -1.614 ; R0[4]     ; R2[4]   ; KEY[0]       ; KEY[0]      ; 1.000        ; -0.007     ; 2.625      ;
; -1.557 ; R0[3]     ; R3[3]   ; KEY[0]       ; KEY[0]      ; 1.000        ; -0.108     ; 2.467      ;
; -1.557 ; R2[4]     ; R0[4]   ; KEY[0]       ; KEY[0]      ; 1.000        ; -0.113     ; 2.462      ;
; -1.532 ; R0[6]     ; R0[6]   ; KEY[0]       ; KEY[0]      ; 1.000        ; -0.057     ; 2.493      ;
; -1.524 ; R1[3]     ; R3[3]   ; KEY[0]       ; KEY[0]      ; 1.000        ; -0.104     ; 2.438      ;
; -1.512 ; R0[3]     ; R1[3]   ; KEY[0]       ; KEY[0]      ; 1.000        ; -0.063     ; 2.467      ;
; -1.510 ; R0[2]     ; R0[2]   ; KEY[0]       ; KEY[0]      ; 1.000        ; -0.056     ; 2.472      ;
; -1.496 ; R2[4]     ; R2[4]   ; KEY[0]       ; KEY[0]      ; 1.000        ; -0.051     ; 2.463      ;
; -1.493 ; R2[0]     ; R0[0]   ; KEY[0]       ; KEY[0]      ; 1.000        ; -0.113     ; 2.398      ;
; -1.487 ; R0[6]     ; R2[6]   ; KEY[0]       ; KEY[0]      ; 1.000        ; -0.013     ; 2.492      ;
; -1.477 ; R1[1]     ; R3[1]   ; KEY[0]       ; KEY[0]      ; 1.000        ; -0.104     ; 2.391      ;
; -1.473 ; R0[7]     ; R3[7]   ; KEY[0]       ; KEY[0]      ; 1.000        ; -0.038     ; 2.453      ;
; -1.470 ; R0[0]     ; R0[0]   ; KEY[0]       ; KEY[0]      ; 1.000        ; -0.049     ; 2.439      ;
; -1.469 ; R1[3]     ; R1[3]   ; KEY[0]       ; KEY[0]      ; 1.000        ; -0.049     ; 2.438      ;
; -1.466 ; R0[2]     ; R2[2]   ; KEY[0]       ; KEY[0]      ; 1.000        ; -0.012     ; 2.472      ;
; -1.464 ; R0[7]     ; R2[7]   ; KEY[0]       ; KEY[0]      ; 1.000        ; -0.029     ; 2.453      ;
; -1.455 ; R1[1]     ; R1[1]   ; KEY[0]       ; KEY[0]      ; 1.000        ; -0.049     ; 2.424      ;
; -1.432 ; R2[0]     ; R2[0]   ; KEY[0]       ; KEY[0]      ; 1.000        ; -0.051     ; 2.399      ;
; -1.429 ; R0[0]     ; R2[0]   ; KEY[0]       ; KEY[0]      ; 1.000        ; -0.007     ; 2.440      ;
; -1.416 ; R2[6]     ; R0[6]   ; KEY[0]       ; KEY[0]      ; 1.000        ; -0.103     ; 2.331      ;
; -1.393 ; R2[2]     ; R0[2]   ; KEY[0]       ; KEY[0]      ; 1.000        ; -0.102     ; 2.309      ;
; -1.387 ; R3[3]     ; R3[3]   ; KEY[0]       ; KEY[0]      ; 1.000        ; -0.048     ; 2.357      ;
; -1.375 ; R1[2]     ; R0[2]   ; KEY[0]       ; KEY[0]      ; 1.000        ; -0.308     ; 2.085      ;
; -1.371 ; R2[6]     ; R2[6]   ; KEY[0]       ; KEY[0]      ; 1.000        ; -0.059     ; 2.330      ;
; -1.366 ; R1[7]     ; R3[7]   ; KEY[0]       ; KEY[0]      ; 1.000        ; -0.093     ; 2.291      ;
; -1.362 ; R3[1]     ; R3[1]   ; KEY[0]       ; KEY[0]      ; 1.000        ; -0.048     ; 2.332      ;
; -1.357 ; R1[7]     ; R2[7]   ; KEY[0]       ; KEY[0]      ; 1.000        ; -0.084     ; 2.291      ;
; -1.353 ; R3[3]     ; R1[3]   ; KEY[0]       ; KEY[0]      ; 1.000        ; -0.013     ; 2.358      ;
; -1.350 ; R0[4]     ; R3[4]   ; KEY[0]       ; KEY[0]      ; 1.000        ; -0.114     ; 2.254      ;
; -1.349 ; R2[2]     ; R2[2]   ; KEY[0]       ; KEY[0]      ; 1.000        ; -0.058     ; 2.309      ;
; -1.348 ; R1[1]     ; R0[1]   ; KEY[0]       ; KEY[0]      ; 1.000        ; -0.103     ; 2.263      ;
; -1.345 ; R3[1]     ; R1[1]   ; KEY[0]       ; KEY[0]      ; 1.000        ; -0.013     ; 2.350      ;
; -1.331 ; R1[2]     ; R2[2]   ; KEY[0]       ; KEY[0]      ; 1.000        ; -0.264     ; 2.085      ;
; -1.322 ; R2[7]     ; R3[7]   ; KEY[0]       ; KEY[0]      ; 1.000        ; -0.080     ; 2.260      ;
; -1.317 ; R1[5]     ; R1[5]   ; KEY[0]       ; KEY[0]      ; 1.000        ; -0.056     ; 2.279      ;
; -1.316 ; R0[6]     ; R3[6]   ; KEY[0]       ; KEY[0]      ; 1.000        ; -0.041     ; 2.293      ;
; -1.314 ; R0[4]     ; R1[4]   ; KEY[0]       ; KEY[0]      ; 1.000        ; -0.079     ; 2.253      ;
; -1.313 ; R2[7]     ; R2[7]   ; KEY[0]       ; KEY[0]      ; 1.000        ; -0.071     ; 2.260      ;
; -1.313 ; R0[7]     ; R0[7]   ; KEY[0]       ; KEY[0]      ; 1.000        ; -0.056     ; 2.275      ;
; -1.313 ; R1[6]     ; R0[6]   ; KEY[0]       ; KEY[0]      ; 1.000        ; -0.213     ; 2.118      ;
; -1.309 ; R1[3]     ; R0[3]   ; KEY[0]       ; KEY[0]      ; 1.000        ; -0.103     ; 2.224      ;
; -1.309 ; R1[0]     ; R0[0]   ; KEY[0]       ; KEY[0]      ; 1.000        ; -0.096     ; 2.231      ;
; -1.305 ; R1[1]     ; R2[1]   ; KEY[0]       ; KEY[0]      ; 1.000        ; -0.059     ; 2.264      ;
; -1.301 ; R0[5]     ; R1[5]   ; KEY[0]       ; KEY[0]      ; 1.000        ; -0.016     ; 2.303      ;
; -1.283 ; R0[3]     ; R0[3]   ; KEY[0]       ; KEY[0]      ; 1.000        ; -0.048     ; 2.253      ;
; -1.283 ; R1[3]     ; R2[3]   ; KEY[0]       ; KEY[0]      ; 1.000        ; -0.059     ; 2.242      ;
; -1.282 ; R1[5]     ; R2[5]   ; KEY[0]       ; KEY[0]      ; 1.000        ; -0.021     ; 2.279      ;
; -1.268 ; R1[6]     ; R2[6]   ; KEY[0]       ; KEY[0]      ; 1.000        ; -0.169     ; 2.117      ;
; -1.268 ; R0[3]     ; R2[3]   ; KEY[0]       ; KEY[0]      ; 1.000        ; -0.015     ; 2.271      ;
; -1.267 ; R3[4]     ; R0[4]   ; KEY[0]       ; KEY[0]      ; 1.000        ; -0.079     ; 2.206      ;
; -1.266 ; R0[5]     ; R2[5]   ; KEY[0]       ; KEY[0]      ; 1.000        ; 0.019      ; 2.303      ;
; -1.260 ; R0[7]     ; R1[7]   ; KEY[0]       ; KEY[0]      ; 1.000        ; -0.003     ; 2.275      ;
; -1.258 ; R1[0]     ; R2[0]   ; KEY[0]       ; KEY[0]      ; 1.000        ; -0.044     ; 2.232      ;
; -1.253 ; R0[1]     ; R3[1]   ; KEY[0]       ; KEY[0]      ; 1.000        ; -0.108     ; 2.163      ;
; -1.250 ; R3[1]     ; R0[1]   ; KEY[0]       ; KEY[0]      ; 1.000        ; -0.057     ; 2.211      ;
; -1.242 ; R2[4]     ; R3[4]   ; KEY[0]       ; KEY[0]      ; 1.000        ; -0.168     ; 2.092      ;
; -1.241 ; R0[1]     ; R1[1]   ; KEY[0]       ; KEY[0]      ; 1.000        ; -0.063     ; 2.196      ;
; -1.235 ; R0[6]     ; R1[6]   ; KEY[0]       ; KEY[0]      ; 1.000        ; 0.040      ; 2.293      ;
; -1.215 ; R3[4]     ; R2[4]   ; KEY[0]       ; KEY[0]      ; 1.000        ; -0.027     ; 2.206      ;
; -1.212 ; R1[5]     ; R0[5]   ; KEY[0]       ; KEY[0]      ; 1.000        ; -0.147     ; 2.083      ;
; -1.210 ; R3[3]     ; R0[3]   ; KEY[0]       ; KEY[0]      ; 1.000        ; -0.057     ; 2.171      ;
; -1.207 ; R3[1]     ; R2[1]   ; KEY[0]       ; KEY[0]      ; 1.000        ; -0.013     ; 2.212      ;
; -1.206 ; R1[7]     ; R0[7]   ; KEY[0]       ; KEY[0]      ; 1.000        ; -0.111     ; 2.113      ;
; -1.206 ; R2[4]     ; R1[4]   ; KEY[0]       ; KEY[0]      ; 1.000        ; -0.133     ; 2.091      ;
; -1.200 ; R2[6]     ; R3[6]   ; KEY[0]       ; KEY[0]      ; 1.000        ; -0.087     ; 2.131      ;
; -1.190 ; R2[0]     ; R3[0]   ; KEY[0]       ; KEY[0]      ; 1.000        ; -0.143     ; 2.065      ;
; -1.189 ; R1[4]     ; R0[4]   ; KEY[0]       ; KEY[0]      ; 1.000        ; -0.116     ; 2.091      ;
; -1.187 ; R3[2]     ; R0[2]   ; KEY[0]       ; KEY[0]      ; 1.000        ; -0.300     ; 1.905      ;
; -1.183 ; R3[5]     ; R1[5]   ; KEY[0]       ; KEY[0]      ; 1.000        ; -0.177     ; 2.024      ;
; -1.183 ; R3[3]     ; R2[3]   ; KEY[0]       ; KEY[0]      ; 1.000        ; -0.013     ; 2.188      ;
; -1.177 ; R0[0]     ; R3[0]   ; KEY[0]       ; KEY[0]      ; 1.000        ; -0.089     ; 2.106      ;
; -1.175 ; R2[7]     ; R0[7]   ; KEY[0]       ; KEY[0]      ; 1.000        ; -0.111     ; 2.082      ;
; -1.169 ; R0[5]     ; R0[5]   ; KEY[0]       ; KEY[0]      ; 1.000        ; -0.080     ; 2.107      ;
; -1.154 ; R0[2]     ; R3[2]   ; KEY[0]       ; KEY[0]      ; 1.000        ; 0.109      ; 2.281      ;
; -1.153 ; R1[7]     ; R1[7]   ; KEY[0]       ; KEY[0]      ; 1.000        ; -0.058     ; 2.113      ;
; -1.147 ; R3[5]     ; R2[5]   ; KEY[0]       ; KEY[0]      ; 1.000        ; -0.142     ; 2.023      ;
; -1.145 ; R2[0]     ; R1[0]   ; KEY[0]       ; KEY[0]      ; 1.000        ; -0.098     ; 2.065      ;
; -1.143 ; R3[2]     ; R2[2]   ; KEY[0]       ; KEY[0]      ; 1.000        ; -0.256     ; 1.905      ;
; -1.137 ; R1[4]     ; R2[4]   ; KEY[0]       ; KEY[0]      ; 1.000        ; -0.064     ; 2.091      ;
; -1.132 ; R0[0]     ; R1[0]   ; KEY[0]       ; KEY[0]      ; 1.000        ; -0.044     ; 2.106      ;
; -1.130 ; R0[2]     ; R1[2]   ; KEY[0]       ; KEY[0]      ; 1.000        ; 0.133      ; 2.281      ;
; -1.122 ; R2[7]     ; R1[7]   ; KEY[0]       ; KEY[0]      ; 1.000        ; -0.058     ; 2.082      ;
; -1.119 ; R2[6]     ; R1[6]   ; KEY[0]       ; KEY[0]      ; 1.000        ; -0.006     ; 2.131      ;
; -1.117 ; R2[5]     ; R1[5]   ; KEY[0]       ; KEY[0]      ; 1.000        ; -0.093     ; 2.042      ;
; -1.088 ; R1[6]     ; R3[6]   ; KEY[0]       ; KEY[0]      ; 1.000        ; -0.170     ; 1.936      ;
; -1.082 ; R3[0]     ; R0[0]   ; KEY[0]       ; KEY[0]      ; 1.000        ; -0.050     ; 2.050      ;
; -1.081 ; R2[5]     ; R2[5]   ; KEY[0]       ; KEY[0]      ; 1.000        ; -0.058     ; 2.041      ;
; -1.069 ; R3[5]     ; R0[5]   ; KEY[0]       ; KEY[0]      ; 1.000        ; -0.241     ; 1.846      ;
; -1.066 ; R0[1]     ; R0[1]   ; KEY[0]       ; KEY[0]      ; 1.000        ; -0.048     ; 2.036      ;
; -1.056 ; R1[5]     ; R3[5]   ; KEY[0]       ; KEY[0]      ; 1.000        ; 0.007      ; 2.081      ;
; -1.049 ; R3[6]     ; R0[6]   ; KEY[0]       ; KEY[0]      ; 1.000        ; -0.129     ; 1.938      ;
; -1.037 ; R2[2]     ; R3[2]   ; KEY[0]       ; KEY[0]      ; 1.000        ; 0.063      ; 2.118      ;
; -1.034 ; R0[1]     ; R2[1]   ; KEY[0]       ; KEY[0]      ; 1.000        ; -0.015     ; 2.037      ;
; -1.031 ; R3[0]     ; R2[0]   ; KEY[0]       ; KEY[0]      ; 1.000        ; 0.002      ; 2.051      ;
; -1.030 ; R2[5]     ; R0[5]   ; KEY[0]       ; KEY[0]      ; 1.000        ; -0.184     ; 1.864      ;
; -1.013 ; R0[5]     ; R3[5]   ; KEY[0]       ; KEY[0]      ; 1.000        ; 0.074      ; 2.105      ;
; -1.013 ; R2[2]     ; R1[2]   ; KEY[0]       ; KEY[0]      ; 1.000        ; 0.087      ; 2.118      ;
; -1.012 ; R1[2]     ; R3[2]   ; KEY[0]       ; KEY[0]      ; 1.000        ; -0.116     ; 1.914      ;
; -1.004 ; R3[6]     ; R2[6]   ; KEY[0]       ; KEY[0]      ; 1.000        ; -0.085     ; 1.937      ;
+--------+-----------+---------+--------------+-------------+--------------+------------+------------+


+---------------------------------------------------------------------------------------------------+
; Slow 1200mV 85C Model Hold: 'KEY[0]'                                                              ;
+-------+-----------+---------+--------------+-------------+--------------+------------+------------+
; Slack ; From Node ; To Node ; Launch Clock ; Latch Clock ; Relationship ; Clock Skew ; Data Delay ;
+-------+-----------+---------+--------------+-------------+--------------+------------+------------+
; 1.249 ; R3[6]     ; R1[6]   ; KEY[0]       ; KEY[0]      ; 0.000        ; 0.170      ; 1.605      ;
; 1.281 ; R3[2]     ; R1[2]   ; KEY[0]       ; KEY[0]      ; 0.000        ; 0.116      ; 1.583      ;
; 1.283 ; R3[0]     ; R1[0]   ; KEY[0]       ; KEY[0]      ; 0.000        ; 0.104      ; 1.573      ;
; 1.305 ; R3[2]     ; R3[2]   ; KEY[0]       ; KEY[0]      ; 0.000        ; 0.092      ; 1.583      ;
; 1.325 ; R1[4]     ; R1[4]   ; KEY[0]       ; KEY[0]      ; 0.000        ; 0.060      ; 1.571      ;
; 1.332 ; R3[6]     ; R3[6]   ; KEY[0]       ; KEY[0]      ; 0.000        ; 0.086      ; 1.604      ;
; 1.338 ; R3[0]     ; R3[0]   ; KEY[0]       ; KEY[0]      ; 0.000        ; 0.048      ; 1.572      ;
; 1.346 ; R2[3]     ; R0[3]   ; KEY[0]       ; KEY[0]      ; 0.000        ; 0.015      ; 1.547      ;
; 1.359 ; R2[3]     ; R2[3]   ; KEY[0]       ; KEY[0]      ; 0.000        ; 0.050      ; 1.595      ;
; 1.359 ; R2[1]     ; R2[1]   ; KEY[0]       ; KEY[0]      ; 0.000        ; 0.050      ; 1.595      ;
; 1.363 ; R1[4]     ; R3[4]   ; KEY[0]       ; KEY[0]      ; 0.000        ; 0.023      ; 1.572      ;
; 1.367 ; R3[7]     ; R1[7]   ; KEY[0]       ; KEY[0]      ; 0.000        ; 0.093      ; 1.646      ;
; 1.368 ; R3[4]     ; R1[4]   ; KEY[0]       ; KEY[0]      ; 0.000        ; 0.095      ; 1.649      ;
; 1.393 ; R2[1]     ; R0[1]   ; KEY[0]       ; KEY[0]      ; 0.000        ; 0.015      ; 1.594      ;
; 1.405 ; R2[5]     ; R3[5]   ; KEY[0]       ; KEY[0]      ; 0.000        ; 0.142      ; 1.733      ;
; 1.406 ; R3[4]     ; R3[4]   ; KEY[0]       ; KEY[0]      ; 0.000        ; 0.058      ; 1.650      ;
; 1.407 ; R3[5]     ; R3[5]   ; KEY[0]       ; KEY[0]      ; 0.000        ; 0.073      ; 1.666      ;
; 1.421 ; R3[7]     ; R0[7]   ; KEY[0]       ; KEY[0]      ; 0.000        ; 0.038      ; 1.645      ;
; 1.435 ; R1[2]     ; R1[2]   ; KEY[0]       ; KEY[0]      ; 0.000        ; 0.092      ; 1.713      ;
; 1.443 ; R1[2]     ; R3[2]   ; KEY[0]       ; KEY[0]      ; 0.000        ; 0.084      ; 1.713      ;
; 1.468 ; R1[0]     ; R1[0]   ; KEY[0]       ; KEY[0]      ; 0.000        ; 0.049      ; 1.703      ;
; 1.474 ; R1[6]     ; R1[6]   ; KEY[0]       ; KEY[0]      ; 0.000        ; 0.075      ; 1.735      ;
; 1.478 ; R0[5]     ; R3[5]   ; KEY[0]       ; KEY[0]      ; 0.000        ; 0.241      ; 1.905      ;
; 1.491 ; R2[1]     ; R1[1]   ; KEY[0]       ; KEY[0]      ; 0.000        ; 0.059      ; 1.736      ;
; 1.496 ; R2[1]     ; R3[1]   ; KEY[0]       ; KEY[0]      ; 0.000        ; 0.013      ; 1.695      ;
; 1.503 ; R1[0]     ; R3[0]   ; KEY[0]       ; KEY[0]      ; 0.000        ; 0.013      ; 1.702      ;
; 1.520 ; R2[2]     ; R1[2]   ; KEY[0]       ; KEY[0]      ; 0.000        ; 0.264      ; 1.970      ;
; 1.521 ; R2[3]     ; R1[3]   ; KEY[0]       ; KEY[0]      ; 0.000        ; 0.059      ; 1.766      ;
; 1.523 ; R3[6]     ; R2[6]   ; KEY[0]       ; KEY[0]      ; 0.000        ; 0.087      ; 1.796      ;
; 1.528 ; R2[2]     ; R3[2]   ; KEY[0]       ; KEY[0]      ; 0.000        ; 0.256      ; 1.970      ;
; 1.543 ; R1[6]     ; R3[6]   ; KEY[0]       ; KEY[0]      ; 0.000        ; 0.005      ; 1.734      ;
; 1.555 ; R3[7]     ; R2[7]   ; KEY[0]       ; KEY[0]      ; 0.000        ; 0.080      ; 1.821      ;
; 1.557 ; R3[5]     ; R0[5]   ; KEY[0]       ; KEY[0]      ; 0.000        ; -0.074     ; 1.669      ;
; 1.566 ; R3[7]     ; R3[7]   ; KEY[0]       ; KEY[0]      ; 0.000        ; 0.070      ; 1.822      ;
; 1.567 ; R2[3]     ; R3[3]   ; KEY[0]       ; KEY[0]      ; 0.000        ; 0.013      ; 1.766      ;
; 1.569 ; R2[5]     ; R0[5]   ; KEY[0]       ; KEY[0]      ; 0.000        ; -0.019     ; 1.736      ;
; 1.570 ; R3[6]     ; R0[6]   ; KEY[0]       ; KEY[0]      ; 0.000        ; 0.041      ; 1.797      ;
; 1.579 ; R3[0]     ; R2[0]   ; KEY[0]       ; KEY[0]      ; 0.000        ; 0.143      ; 1.908      ;
; 1.582 ; R1[5]     ; R3[5]   ; KEY[0]       ; KEY[0]      ; 0.000        ; 0.177      ; 1.945      ;
; 1.584 ; R2[7]     ; R1[7]   ; KEY[0]       ; KEY[0]      ; 0.000        ; 0.084      ; 1.854      ;
; 1.599 ; R0[2]     ; R1[2]   ; KEY[0]       ; KEY[0]      ; 0.000        ; 0.308      ; 2.093      ;
; 1.607 ; R0[2]     ; R3[2]   ; KEY[0]       ; KEY[0]      ; 0.000        ; 0.300      ; 2.093      ;
; 1.624 ; R1[4]     ; R2[4]   ; KEY[0]       ; KEY[0]      ; 0.000        ; 0.133      ; 1.943      ;
; 1.629 ; R2[6]     ; R1[6]   ; KEY[0]       ; KEY[0]      ; 0.000        ; 0.169      ; 1.984      ;
; 1.632 ; R3[0]     ; R0[0]   ; KEY[0]       ; KEY[0]      ; 0.000        ; 0.089      ; 1.907      ;
; 1.638 ; R2[7]     ; R0[7]   ; KEY[0]       ; KEY[0]      ; 0.000        ; 0.029      ; 1.853      ;
; 1.640 ; R3[5]     ; R2[5]   ; KEY[0]       ; KEY[0]      ; 0.000        ; 0.030      ; 1.856      ;
; 1.642 ; R0[5]     ; R0[5]   ; KEY[0]       ; KEY[0]      ; 0.000        ; 0.080      ; 1.908      ;
; 1.643 ; R3[2]     ; R2[2]   ; KEY[0]       ; KEY[0]      ; 0.000        ; -0.063     ; 1.766      ;
; 1.649 ; R0[1]     ; R2[1]   ; KEY[0]       ; KEY[0]      ; 0.000        ; 0.105      ; 1.940      ;
; 1.667 ; R3[4]     ; R2[4]   ; KEY[0]       ; KEY[0]      ; 0.000        ; 0.168      ; 2.021      ;
; 1.675 ; R0[0]     ; R1[0]   ; KEY[0]       ; KEY[0]      ; 0.000        ; 0.096      ; 1.957      ;
; 1.678 ; R3[5]     ; R1[5]   ; KEY[0]       ; KEY[0]      ; 0.000        ; -0.007     ; 1.857      ;
; 1.678 ; R1[4]     ; R0[4]   ; KEY[0]       ; KEY[0]      ; 0.000        ; 0.079      ; 1.943      ;
; 1.679 ; R2[5]     ; R2[5]   ; KEY[0]       ; KEY[0]      ; 0.000        ; 0.058      ; 1.923      ;
; 1.683 ; R3[3]     ; R0[3]   ; KEY[0]       ; KEY[0]      ; 0.000        ; 0.108      ; 1.977      ;
; 1.685 ; R3[3]     ; R2[3]   ; KEY[0]       ; KEY[0]      ; 0.000        ; 0.154      ; 2.025      ;
; 1.688 ; R1[7]     ; R1[7]   ; KEY[0]       ; KEY[0]      ; 0.000        ; 0.058      ; 1.932      ;
; 1.689 ; R3[2]     ; R0[2]   ; KEY[0]       ; KEY[0]      ; 0.000        ; -0.109     ; 1.766      ;
; 1.689 ; R2[0]     ; R1[0]   ; KEY[0]       ; KEY[0]      ; 0.000        ; 0.044      ; 1.919      ;
; 1.694 ; R2[4]     ; R1[4]   ; KEY[0]       ; KEY[0]      ; 0.000        ; 0.064      ; 1.944      ;
; 1.705 ; R0[1]     ; R0[1]   ; KEY[0]       ; KEY[0]      ; 0.000        ; 0.048      ; 1.939      ;
; 1.707 ; R0[5]     ; R2[5]   ; KEY[0]       ; KEY[0]      ; 0.000        ; 0.184      ; 2.077      ;
; 1.709 ; R0[6]     ; R1[6]   ; KEY[0]       ; KEY[0]      ; 0.000        ; 0.213      ; 2.108      ;
; 1.710 ; R3[1]     ; R2[1]   ; KEY[0]       ; KEY[0]      ; 0.000        ; 0.154      ; 2.050      ;
; 1.713 ; R2[6]     ; R3[6]   ; KEY[0]       ; KEY[0]      ; 0.000        ; 0.085      ; 1.984      ;
; 1.717 ; R2[5]     ; R1[5]   ; KEY[0]       ; KEY[0]      ; 0.000        ; 0.021      ; 1.924      ;
; 1.721 ; R3[4]     ; R0[4]   ; KEY[0]       ; KEY[0]      ; 0.000        ; 0.114      ; 2.021      ;
; 1.721 ; R0[0]     ; R3[0]   ; KEY[0]       ; KEY[0]      ; 0.000        ; 0.050      ; 1.957      ;
; 1.732 ; R2[4]     ; R3[4]   ; KEY[0]       ; KEY[0]      ; 0.000        ; 0.027      ; 1.945      ;
; 1.734 ; R1[6]     ; R2[6]   ; KEY[0]       ; KEY[0]      ; 0.000        ; 0.006      ; 1.926      ;
; 1.735 ; R2[0]     ; R3[0]   ; KEY[0]       ; KEY[0]      ; 0.000        ; -0.002     ; 1.919      ;
; 1.742 ; R1[7]     ; R0[7]   ; KEY[0]       ; KEY[0]      ; 0.000        ; 0.003      ; 1.931      ;
; 1.745 ; R0[5]     ; R1[5]   ; KEY[0]       ; KEY[0]      ; 0.000        ; 0.147      ; 2.078      ;
; 1.746 ; R1[5]     ; R0[5]   ; KEY[0]       ; KEY[0]      ; 0.000        ; 0.016      ; 1.948      ;
; 1.753 ; R2[7]     ; R3[7]   ; KEY[0]       ; KEY[0]      ; 0.000        ; 0.104      ; 2.043      ;
; 1.754 ; R1[0]     ; R2[0]   ; KEY[0]       ; KEY[0]      ; 0.000        ; 0.098      ; 2.038      ;
; 1.755 ; R3[1]     ; R0[1]   ; KEY[0]       ; KEY[0]      ; 0.000        ; 0.108      ; 2.049      ;
; 1.758 ; R0[7]     ; R1[7]   ; KEY[0]       ; KEY[0]      ; 0.000        ; 0.111      ; 2.055      ;
; 1.765 ; R0[4]     ; R1[4]   ; KEY[0]       ; KEY[0]      ; 0.000        ; 0.116      ; 2.067      ;
; 1.781 ; R1[6]     ; R0[6]   ; KEY[0]       ; KEY[0]      ; 0.000        ; -0.040     ; 1.927      ;
; 1.785 ; R2[7]     ; R2[7]   ; KEY[0]       ; KEY[0]      ; 0.000        ; 0.071      ; 2.042      ;
; 1.785 ; R0[1]     ; R1[1]   ; KEY[0]       ; KEY[0]      ; 0.000        ; 0.103      ; 2.074      ;
; 1.790 ; R0[1]     ; R3[1]   ; KEY[0]       ; KEY[0]      ; 0.000        ; 0.057      ; 2.033      ;
; 1.793 ; R0[6]     ; R3[6]   ; KEY[0]       ; KEY[0]      ; 0.000        ; 0.129      ; 2.108      ;
; 1.797 ; R1[2]     ; R2[2]   ; KEY[0]       ; KEY[0]      ; 0.000        ; -0.087     ; 1.896      ;
; 1.803 ; R0[4]     ; R3[4]   ; KEY[0]       ; KEY[0]      ; 0.000        ; 0.079      ; 2.068      ;
; 1.807 ; R1[0]     ; R0[0]   ; KEY[0]       ; KEY[0]      ; 0.000        ; 0.044      ; 2.037      ;
; 1.809 ; R0[3]     ; R2[3]   ; KEY[0]       ; KEY[0]      ; 0.000        ; 0.105      ; 2.100      ;
; 1.812 ; R0[7]     ; R0[7]   ; KEY[0]       ; KEY[0]      ; 0.000        ; 0.056      ; 2.054      ;
; 1.818 ; R0[3]     ; R0[3]   ; KEY[0]       ; KEY[0]      ; 0.000        ; 0.048      ; 2.052      ;
; 1.825 ; R1[3]     ; R0[3]   ; KEY[0]       ; KEY[0]      ; 0.000        ; 0.063      ; 2.074      ;
; 1.826 ; R1[7]     ; R3[7]   ; KEY[0]       ; KEY[0]      ; 0.000        ; 0.091      ; 2.103      ;
; 1.827 ; R1[3]     ; R2[3]   ; KEY[0]       ; KEY[0]      ; 0.000        ; 0.109      ; 2.122      ;
; 1.838 ; R1[5]     ; R2[5]   ; KEY[0]       ; KEY[0]      ; 0.000        ; 0.093      ; 2.117      ;
; 1.843 ; R1[2]     ; R0[2]   ; KEY[0]       ; KEY[0]      ; 0.000        ; -0.133     ; 1.896      ;
; 1.851 ; R1[1]     ; R2[1]   ; KEY[0]       ; KEY[0]      ; 0.000        ; 0.109      ; 2.146      ;
; 1.858 ; R1[7]     ; R2[7]   ; KEY[0]       ; KEY[0]      ; 0.000        ; 0.058      ; 2.102      ;
; 1.876 ; R1[5]     ; R1[5]   ; KEY[0]       ; KEY[0]      ; 0.000        ; 0.056      ; 2.118      ;
; 1.891 ; R2[2]     ; R2[2]   ; KEY[0]       ; KEY[0]      ; 0.000        ; 0.058      ; 2.135      ;
+-------+-----------+---------+--------------+-------------+--------------+------------+------------+


-----------------------------------------------
; Slow 1200mV 85C Model Metastability Summary ;
-----------------------------------------------
No synchronizer chains to report.


+-----------------------------------------------------------------------------------------------------------+
; Slow 1200mV 0C Model Fmax Summary                                                                         ;
+------------+-----------------+------------+---------------------------------------------------------------+
; Fmax       ; Restricted Fmax ; Clock Name ; Note                                                          ;
+------------+-----------------+------------+---------------------------------------------------------------+
; 412.37 MHz ; 250.0 MHz       ; KEY[0]     ; limit due to minimum period restriction (max I/O toggle rate) ;
+------------+-----------------+------------+---------------------------------------------------------------+
This panel reports FMAX for every clock in the design, regardless of the user-specified clock periods.  FMAX is only computed for paths where the source and destination registers or ports are driven by the same clock.  Paths of different clocks, including generated clocks, are ignored.  For paths between a clock and its inversion, FMAX is computed as if the rising and falling edges are scaled along with FMAX, such that the duty cycle (in terms of a percentage) is maintained. Altera recommends that you always use clock constraints and other slack reports for sign-off analysis.


+------------------------------------+
; Slow 1200mV 0C Model Setup Summary ;
+--------+--------+------------------+
; Clock  ; Slack  ; End Point TNS    ;
+--------+--------+------------------+
; KEY[0] ; -1.425 ; -37.041          ;
+--------+--------+------------------+


+-----------------------------------+
; Slow 1200mV 0C Model Hold Summary ;
+--------+-------+------------------+
; Clock  ; Slack ; End Point TNS    ;
+--------+-------+------------------+
; KEY[0] ; 1.152 ; 0.000            ;
+--------+-------+------------------+


-----------------------------------------
; Slow 1200mV 0C Model Recovery Summary ;
-----------------------------------------
No paths to report.


----------------------------------------
; Slow 1200mV 0C Model Removal Summary ;
----------------------------------------
No paths to report.


+--------------------------------------------------+
; Slow 1200mV 0C Model Minimum Pulse Width Summary ;
+--------+--------+--------------------------------+
; Clock  ; Slack  ; End Point TNS                  ;
+--------+--------+--------------------------------+
; KEY[0] ; -3.000 ; -44.120                        ;
+--------+--------+--------------------------------+


+----------------------------------------------------------------------------------------------------+
; Slow 1200mV 0C Model Setup: 'KEY[0]'                                                               ;
+--------+-----------+---------+--------------+-------------+--------------+------------+------------+
; Slack  ; From Node ; To Node ; Launch Clock ; Latch Clock ; Relationship ; Clock Skew ; Data Delay ;
+--------+-----------+---------+--------------+-------------+--------------+------------+------------+
; -1.425 ; R0[4]     ; R0[4]   ; KEY[0]       ; KEY[0]      ; 1.000        ; -0.044     ; 2.400      ;
; -1.389 ; R0[4]     ; R2[4]   ; KEY[0]       ; KEY[0]      ; 1.000        ; -0.007     ; 2.401      ;
; -1.338 ; R0[3]     ; R3[3]   ; KEY[0]       ; KEY[0]      ; 1.000        ; -0.097     ; 2.260      ;
; -1.333 ; R2[4]     ; R0[4]   ; KEY[0]       ; KEY[0]      ; 1.000        ; -0.100     ; 2.252      ;
; -1.312 ; R0[6]     ; R0[6]   ; KEY[0]       ; KEY[0]      ; 1.000        ; -0.051     ; 2.280      ;
; -1.300 ; R0[3]     ; R1[3]   ; KEY[0]       ; KEY[0]      ; 1.000        ; -0.058     ; 2.261      ;
; -1.299 ; R2[0]     ; R0[0]   ; KEY[0]       ; KEY[0]      ; 1.000        ; -0.100     ; 2.218      ;
; -1.299 ; R1[3]     ; R3[3]   ; KEY[0]       ; KEY[0]      ; 1.000        ; -0.093     ; 2.225      ;
; -1.290 ; R0[2]     ; R0[2]   ; KEY[0]       ; KEY[0]      ; 1.000        ; -0.051     ; 2.258      ;
; -1.279 ; R2[4]     ; R2[4]   ; KEY[0]       ; KEY[0]      ; 1.000        ; -0.045     ; 2.253      ;
; -1.273 ; R0[6]     ; R2[6]   ; KEY[0]       ; KEY[0]      ; 1.000        ; -0.013     ; 2.279      ;
; -1.264 ; R0[7]     ; R3[7]   ; KEY[0]       ; KEY[0]      ; 1.000        ; -0.035     ; 2.248      ;
; -1.263 ; R1[1]     ; R3[1]   ; KEY[0]       ; KEY[0]      ; 1.000        ; -0.093     ; 2.189      ;
; -1.257 ; R0[7]     ; R2[7]   ; KEY[0]       ; KEY[0]      ; 1.000        ; -0.029     ; 2.247      ;
; -1.253 ; R0[0]     ; R0[0]   ; KEY[0]       ; KEY[0]      ; 1.000        ; -0.044     ; 2.228      ;
; -1.252 ; R1[3]     ; R1[3]   ; KEY[0]       ; KEY[0]      ; 1.000        ; -0.045     ; 2.226      ;
; -1.251 ; R0[2]     ; R2[2]   ; KEY[0]       ; KEY[0]      ; 1.000        ; -0.012     ; 2.258      ;
; -1.245 ; R2[0]     ; R2[0]   ; KEY[0]       ; KEY[0]      ; 1.000        ; -0.045     ; 2.219      ;
; -1.242 ; R1[1]     ; R1[1]   ; KEY[0]       ; KEY[0]      ; 1.000        ; -0.045     ; 2.216      ;
; -1.217 ; R0[0]     ; R2[0]   ; KEY[0]       ; KEY[0]      ; 1.000        ; -0.007     ; 2.229      ;
; -1.204 ; R2[6]     ; R0[6]   ; KEY[0]       ; KEY[0]      ; 1.000        ; -0.091     ; 2.132      ;
; -1.187 ; R2[2]     ; R0[2]   ; KEY[0]       ; KEY[0]      ; 1.000        ; -0.091     ; 2.115      ;
; -1.165 ; R2[6]     ; R2[6]   ; KEY[0]       ; KEY[0]      ; 1.000        ; -0.053     ; 2.131      ;
; -1.162 ; R1[7]     ; R3[7]   ; KEY[0]       ; KEY[0]      ; 1.000        ; -0.081     ; 2.100      ;
; -1.157 ; R3[3]     ; R3[3]   ; KEY[0]       ; KEY[0]      ; 1.000        ; -0.043     ; 2.133      ;
; -1.155 ; R1[7]     ; R2[7]   ; KEY[0]       ; KEY[0]      ; 1.000        ; -0.075     ; 2.099      ;
; -1.148 ; R2[2]     ; R2[2]   ; KEY[0]       ; KEY[0]      ; 1.000        ; -0.052     ; 2.115      ;
; -1.137 ; R0[4]     ; R3[4]   ; KEY[0]       ; KEY[0]      ; 1.000        ; -0.104     ; 2.052      ;
; -1.131 ; R1[5]     ; R1[5]   ; KEY[0]       ; KEY[0]      ; 1.000        ; -0.050     ; 2.100      ;
; -1.131 ; R1[1]     ; R0[1]   ; KEY[0]       ; KEY[0]      ; 1.000        ; -0.093     ; 2.057      ;
; -1.128 ; R3[3]     ; R1[3]   ; KEY[0]       ; KEY[0]      ; 1.000        ; -0.013     ; 2.134      ;
; -1.124 ; R1[2]     ; R0[2]   ; KEY[0]       ; KEY[0]      ; 1.000        ; -0.273     ; 1.870      ;
; -1.119 ; R3[1]     ; R3[1]   ; KEY[0]       ; KEY[0]      ; 1.000        ; -0.043     ; 2.095      ;
; -1.116 ; R3[1]     ; R1[1]   ; KEY[0]       ; KEY[0]      ; 1.000        ; -0.013     ; 2.122      ;
; -1.110 ; R0[5]     ; R1[5]   ; KEY[0]       ; KEY[0]      ; 1.000        ; -0.013     ; 2.116      ;
; -1.105 ; R0[4]     ; R1[4]   ; KEY[0]       ; KEY[0]      ; 1.000        ; -0.073     ; 2.051      ;
; -1.101 ; R1[5]     ; R2[5]   ; KEY[0]       ; KEY[0]      ; 1.000        ; -0.020     ; 2.100      ;
; -1.098 ; R0[6]     ; R3[6]   ; KEY[0]       ; KEY[0]      ; 1.000        ; -0.032     ; 2.085      ;
; -1.093 ; R1[1]     ; R2[1]   ; KEY[0]       ; KEY[0]      ; 1.000        ; -0.054     ; 2.058      ;
; -1.087 ; R0[7]     ; R0[7]   ; KEY[0]       ; KEY[0]      ; 1.000        ; -0.051     ; 2.055      ;
; -1.085 ; R1[2]     ; R2[2]   ; KEY[0]       ; KEY[0]      ; 1.000        ; -0.234     ; 1.870      ;
; -1.083 ; R2[7]     ; R3[7]   ; KEY[0]       ; KEY[0]      ; 1.000        ; -0.069     ; 2.033      ;
; -1.082 ; R1[3]     ; R0[3]   ; KEY[0]       ; KEY[0]      ; 1.000        ; -0.093     ; 2.008      ;
; -1.080 ; R0[5]     ; R2[5]   ; KEY[0]       ; KEY[0]      ; 1.000        ; 0.017      ; 2.116      ;
; -1.079 ; R1[0]     ; R0[0]   ; KEY[0]       ; KEY[0]      ; 1.000        ; -0.085     ; 2.013      ;
; -1.076 ; R2[7]     ; R2[7]   ; KEY[0]       ; KEY[0]      ; 1.000        ; -0.063     ; 2.032      ;
; -1.070 ; R1[6]     ; R0[6]   ; KEY[0]       ; KEY[0]      ; 1.000        ; -0.194     ; 1.895      ;
; -1.069 ; R0[3]     ; R0[3]   ; KEY[0]       ; KEY[0]      ; 1.000        ; -0.045     ; 2.043      ;
; -1.068 ; R1[3]     ; R2[3]   ; KEY[0]       ; KEY[0]      ; 1.000        ; -0.054     ; 2.033      ;
; -1.065 ; R0[3]     ; R2[3]   ; KEY[0]       ; KEY[0]      ; 1.000        ; -0.016     ; 2.068      ;
; -1.064 ; R0[1]     ; R3[1]   ; KEY[0]       ; KEY[0]      ; 1.000        ; -0.097     ; 1.986      ;
; -1.052 ; R0[1]     ; R1[1]   ; KEY[0]       ; KEY[0]      ; 1.000        ; -0.058     ; 2.013      ;
; -1.043 ; R0[7]     ; R1[7]   ; KEY[0]       ; KEY[0]      ; 1.000        ; -0.006     ; 2.056      ;
; -1.038 ; R3[4]     ; R0[4]   ; KEY[0]       ; KEY[0]      ; 1.000        ; -0.069     ; 1.988      ;
; -1.036 ; R2[4]     ; R3[4]   ; KEY[0]       ; KEY[0]      ; 1.000        ; -0.151     ; 1.904      ;
; -1.034 ; R1[0]     ; R2[0]   ; KEY[0]       ; KEY[0]      ; 1.000        ; -0.039     ; 2.014      ;
; -1.031 ; R1[6]     ; R2[6]   ; KEY[0]       ; KEY[0]      ; 1.000        ; -0.156     ; 1.894      ;
; -1.027 ; R0[6]     ; R1[6]   ; KEY[0]       ; KEY[0]      ; 1.000        ; 0.039      ; 2.085      ;
; -1.025 ; R3[1]     ; R0[1]   ; KEY[0]       ; KEY[0]      ; 1.000        ; -0.052     ; 1.992      ;
; -1.023 ; R1[5]     ; R0[5]   ; KEY[0]       ; KEY[0]      ; 1.000        ; -0.133     ; 1.909      ;
; -1.015 ; R2[0]     ; R3[0]   ; KEY[0]       ; KEY[0]      ; 1.000        ; -0.128     ; 1.906      ;
; -1.004 ; R2[4]     ; R1[4]   ; KEY[0]       ; KEY[0]      ; 1.000        ; -0.120     ; 1.903      ;
; -0.992 ; R3[4]     ; R2[4]   ; KEY[0]       ; KEY[0]      ; 1.000        ; -0.023     ; 1.988      ;
; -0.990 ; R2[6]     ; R3[6]   ; KEY[0]       ; KEY[0]      ; 1.000        ; -0.072     ; 1.937      ;
; -0.988 ; R3[1]     ; R2[1]   ; KEY[0]       ; KEY[0]      ; 1.000        ; -0.013     ; 1.994      ;
; -0.985 ; R1[7]     ; R0[7]   ; KEY[0]       ; KEY[0]      ; 1.000        ; -0.097     ; 1.907      ;
; -0.978 ; R0[5]     ; R0[5]   ; KEY[0]       ; KEY[0]      ; 1.000        ; -0.072     ; 1.925      ;
; -0.978 ; R0[0]     ; R3[0]   ; KEY[0]       ; KEY[0]      ; 1.000        ; -0.081     ; 1.916      ;
; -0.977 ; R2[0]     ; R1[0]   ; KEY[0]       ; KEY[0]      ; 1.000        ; -0.089     ; 1.907      ;
; -0.977 ; R3[3]     ; R0[3]   ; KEY[0]       ; KEY[0]      ; 1.000        ; -0.052     ; 1.944      ;
; -0.972 ; R1[4]     ; R0[4]   ; KEY[0]       ; KEY[0]      ; 1.000        ; -0.101     ; 1.890      ;
; -0.964 ; R3[3]     ; R2[3]   ; KEY[0]       ; KEY[0]      ; 1.000        ; -0.013     ; 1.970      ;
; -0.959 ; R3[2]     ; R0[2]   ; KEY[0]       ; KEY[0]      ; 1.000        ; -0.265     ; 1.713      ;
; -0.959 ; R0[2]     ; R3[2]   ; KEY[0]       ; KEY[0]      ; 1.000        ; 0.094      ; 2.072      ;
; -0.951 ; R3[5]     ; R1[5]   ; KEY[0]       ; KEY[0]      ; 1.000        ; -0.160     ; 1.810      ;
; -0.944 ; R2[7]     ; R0[7]   ; KEY[0]       ; KEY[0]      ; 1.000        ; -0.096     ; 1.867      ;
; -0.941 ; R1[7]     ; R1[7]   ; KEY[0]       ; KEY[0]      ; 1.000        ; -0.052     ; 1.908      ;
; -0.940 ; R0[0]     ; R1[0]   ; KEY[0]       ; KEY[0]      ; 1.000        ; -0.042     ; 1.917      ;
; -0.937 ; R0[2]     ; R1[2]   ; KEY[0]       ; KEY[0]      ; 1.000        ; 0.116      ; 2.072      ;
; -0.934 ; R2[5]     ; R1[5]   ; KEY[0]       ; KEY[0]      ; 1.000        ; -0.082     ; 1.871      ;
; -0.926 ; R1[4]     ; R2[4]   ; KEY[0]       ; KEY[0]      ; 1.000        ; -0.055     ; 1.890      ;
; -0.920 ; R3[2]     ; R2[2]   ; KEY[0]       ; KEY[0]      ; 1.000        ; -0.226     ; 1.713      ;
; -0.920 ; R3[5]     ; R2[5]   ; KEY[0]       ; KEY[0]      ; 1.000        ; -0.130     ; 1.809      ;
; -0.919 ; R2[6]     ; R1[6]   ; KEY[0]       ; KEY[0]      ; 1.000        ; -0.001     ; 1.937      ;
; -0.904 ; R2[5]     ; R2[5]   ; KEY[0]       ; KEY[0]      ; 1.000        ; -0.052     ; 1.871      ;
; -0.900 ; R2[7]     ; R1[7]   ; KEY[0]       ; KEY[0]      ; 1.000        ; -0.051     ; 1.868      ;
; -0.880 ; R0[1]     ; R0[1]   ; KEY[0]       ; KEY[0]      ; 1.000        ; -0.045     ; 1.854      ;
; -0.879 ; R1[5]     ; R3[5]   ; KEY[0]       ; KEY[0]      ; 1.000        ; 0.008      ; 1.906      ;
; -0.879 ; R3[0]     ; R0[0]   ; KEY[0]       ; KEY[0]      ; 1.000        ; -0.044     ; 1.854      ;
; -0.872 ; R1[6]     ; R3[6]   ; KEY[0]       ; KEY[0]      ; 1.000        ; -0.151     ; 1.740      ;
; -0.863 ; R3[7]     ; R2[7]   ; KEY[0]       ; KEY[0]      ; 1.000        ; -0.096     ; 1.786      ;
; -0.859 ; R3[5]     ; R0[5]   ; KEY[0]       ; KEY[0]      ; 1.000        ; -0.219     ; 1.659      ;
; -0.856 ; R2[2]     ; R3[2]   ; KEY[0]       ; KEY[0]      ; 1.000        ; 0.054      ; 1.929      ;
; -0.852 ; R0[1]     ; R2[1]   ; KEY[0]       ; KEY[0]      ; 1.000        ; -0.016     ; 1.855      ;
; -0.840 ; R3[6]     ; R0[6]   ; KEY[0]       ; KEY[0]      ; 1.000        ; -0.121     ; 1.738      ;
; -0.834 ; R0[5]     ; R3[5]   ; KEY[0]       ; KEY[0]      ; 1.000        ; 0.069      ; 1.922      ;
; -0.834 ; R3[0]     ; R2[0]   ; KEY[0]       ; KEY[0]      ; 1.000        ; 0.002      ; 1.855      ;
; -0.834 ; R2[2]     ; R1[2]   ; KEY[0]       ; KEY[0]      ; 1.000        ; 0.076      ; 1.929      ;
; -0.832 ; R2[3]     ; R3[3]   ; KEY[0]       ; KEY[0]      ; 1.000        ; -0.137     ; 1.714      ;
; -0.831 ; R3[7]     ; R3[7]   ; KEY[0]       ; KEY[0]      ; 1.000        ; -0.063     ; 1.787      ;
+--------+-----------+---------+--------------+-------------+--------------+------------+------------+


+---------------------------------------------------------------------------------------------------+
; Slow 1200mV 0C Model Hold: 'KEY[0]'                                                               ;
+-------+-----------+---------+--------------+-------------+--------------+------------+------------+
; Slack ; From Node ; To Node ; Launch Clock ; Latch Clock ; Relationship ; Clock Skew ; Data Delay ;
+-------+-----------+---------+--------------+-------------+--------------+------------+------------+
; 1.152 ; R3[6]     ; R1[6]   ; KEY[0]       ; KEY[0]      ; 0.000        ; 0.151      ; 1.474      ;
; 1.181 ; R3[2]     ; R1[2]   ; KEY[0]       ; KEY[0]      ; 0.000        ; 0.104      ; 1.456      ;
; 1.184 ; R3[0]     ; R1[0]   ; KEY[0]       ; KEY[0]      ; 0.000        ; 0.093      ; 1.448      ;
; 1.202 ; R3[2]     ; R3[2]   ; KEY[0]       ; KEY[0]      ; 0.000        ; 0.082      ; 1.455      ;
; 1.216 ; R2[3]     ; R0[3]   ; KEY[0]       ; KEY[0]      ; 0.000        ; 0.016      ; 1.403      ;
; 1.221 ; R1[4]     ; R1[4]   ; KEY[0]       ; KEY[0]      ; 0.000        ; 0.054      ; 1.446      ;
; 1.225 ; R3[6]     ; R3[6]   ; KEY[0]       ; KEY[0]      ; 0.000        ; 0.078      ; 1.474      ;
; 1.229 ; R3[7]     ; R1[7]   ; KEY[0]       ; KEY[0]      ; 0.000        ; 0.081      ; 1.481      ;
; 1.233 ; R2[3]     ; R2[3]   ; KEY[0]       ; KEY[0]      ; 0.000        ; 0.046      ; 1.450      ;
; 1.233 ; R3[0]     ; R3[0]   ; KEY[0]       ; KEY[0]      ; 0.000        ; 0.043      ; 1.447      ;
; 1.234 ; R2[1]     ; R2[1]   ; KEY[0]       ; KEY[0]      ; 0.000        ; 0.046      ; 1.451      ;
; 1.255 ; R1[4]     ; R3[4]   ; KEY[0]       ; KEY[0]      ; 0.000        ; 0.022      ; 1.448      ;
; 1.260 ; R3[4]     ; R1[4]   ; KEY[0]       ; KEY[0]      ; 0.000        ; 0.085      ; 1.516      ;
; 1.263 ; R2[1]     ; R0[1]   ; KEY[0]       ; KEY[0]      ; 0.000        ; 0.016      ; 1.450      ;
; 1.275 ; R3[7]     ; R0[7]   ; KEY[0]       ; KEY[0]      ; 0.000        ; 0.035      ; 1.481      ;
; 1.292 ; R2[5]     ; R3[5]   ; KEY[0]       ; KEY[0]      ; 0.000        ; 0.130      ; 1.593      ;
; 1.294 ; R3[5]     ; R3[5]   ; KEY[0]       ; KEY[0]      ; 0.000        ; 0.066      ; 1.531      ;
; 1.294 ; R3[4]     ; R3[4]   ; KEY[0]       ; KEY[0]      ; 0.000        ; 0.053      ; 1.518      ;
; 1.319 ; R1[2]     ; R1[2]   ; KEY[0]       ; KEY[0]      ; 0.000        ; 0.082      ; 1.572      ;
; 1.326 ; R1[2]     ; R3[2]   ; KEY[0]       ; KEY[0]      ; 0.000        ; 0.074      ; 1.571      ;
; 1.333 ; R2[1]     ; R3[1]   ; KEY[0]       ; KEY[0]      ; 0.000        ; 0.013      ; 1.517      ;
; 1.339 ; R2[1]     ; R1[1]   ; KEY[0]       ; KEY[0]      ; 0.000        ; 0.054      ; 1.564      ;
; 1.340 ; R0[5]     ; R3[5]   ; KEY[0]       ; KEY[0]      ; 0.000        ; 0.219      ; 1.730      ;
; 1.348 ; R1[0]     ; R1[0]   ; KEY[0]       ; KEY[0]      ; 0.000        ; 0.045      ; 1.564      ;
; 1.351 ; R1[6]     ; R1[6]   ; KEY[0]       ; KEY[0]      ; 0.000        ; 0.068      ; 1.590      ;
; 1.366 ; R2[3]     ; R1[3]   ; KEY[0]       ; KEY[0]      ; 0.000        ; 0.054      ; 1.591      ;
; 1.379 ; R1[0]     ; R3[0]   ; KEY[0]       ; KEY[0]      ; 0.000        ; 0.013      ; 1.563      ;
; 1.386 ; R3[7]     ; R2[7]   ; KEY[0]       ; KEY[0]      ; 0.000        ; 0.069      ; 1.626      ;
; 1.387 ; R2[2]     ; R1[2]   ; KEY[0]       ; KEY[0]      ; 0.000        ; 0.234      ; 1.792      ;
; 1.393 ; R3[7]     ; R3[7]   ; KEY[0]       ; KEY[0]      ; 0.000        ; 0.063      ; 1.627      ;
; 1.395 ; R2[2]     ; R3[2]   ; KEY[0]       ; KEY[0]      ; 0.000        ; 0.226      ; 1.792      ;
; 1.406 ; R2[3]     ; R3[3]   ; KEY[0]       ; KEY[0]      ; 0.000        ; 0.013      ; 1.590      ;
; 1.410 ; R3[6]     ; R2[6]   ; KEY[0]       ; KEY[0]      ; 0.000        ; 0.072      ; 1.653      ;
; 1.412 ; R1[6]     ; R3[6]   ; KEY[0]       ; KEY[0]      ; 0.000        ; 0.007      ; 1.590      ;
; 1.432 ; R3[5]     ; R0[5]   ; KEY[0]       ; KEY[0]      ; 0.000        ; -0.069     ; 1.534      ;
; 1.433 ; R1[5]     ; R3[5]   ; KEY[0]       ; KEY[0]      ; 0.000        ; 0.160      ; 1.764      ;
; 1.441 ; R2[5]     ; R0[5]   ; KEY[0]       ; KEY[0]      ; 0.000        ; -0.017     ; 1.595      ;
; 1.451 ; R3[6]     ; R0[6]   ; KEY[0]       ; KEY[0]      ; 0.000        ; 0.032      ; 1.654      ;
; 1.462 ; R3[0]     ; R2[0]   ; KEY[0]       ; KEY[0]      ; 0.000        ; 0.128      ; 1.761      ;
; 1.465 ; R2[7]     ; R1[7]   ; KEY[0]       ; KEY[0]      ; 0.000        ; 0.075      ; 1.711      ;
; 1.469 ; R0[2]     ; R1[2]   ; KEY[0]       ; KEY[0]      ; 0.000        ; 0.273      ; 1.913      ;
; 1.477 ; R2[6]     ; R1[6]   ; KEY[0]       ; KEY[0]      ; 0.000        ; 0.156      ; 1.804      ;
; 1.477 ; R0[2]     ; R3[2]   ; KEY[0]       ; KEY[0]      ; 0.000        ; 0.265      ; 1.913      ;
; 1.489 ; R0[5]     ; R0[5]   ; KEY[0]       ; KEY[0]      ; 0.000        ; 0.072      ; 1.732      ;
; 1.489 ; R0[1]     ; R2[1]   ; KEY[0]       ; KEY[0]      ; 0.000        ; 0.095      ; 1.755      ;
; 1.504 ; R2[0]     ; R1[0]   ; KEY[0]       ; KEY[0]      ; 0.000        ; 0.039      ; 1.714      ;
; 1.505 ; R1[4]     ; R2[4]   ; KEY[0]       ; KEY[0]      ; 0.000        ; 0.120      ; 1.796      ;
; 1.508 ; R3[0]     ; R0[0]   ; KEY[0]       ; KEY[0]      ; 0.000        ; 0.081      ; 1.760      ;
; 1.510 ; R2[7]     ; R0[7]   ; KEY[0]       ; KEY[0]      ; 0.000        ; 0.029      ; 1.710      ;
; 1.514 ; R3[2]     ; R2[2]   ; KEY[0]       ; KEY[0]      ; 0.000        ; -0.054     ; 1.631      ;
; 1.517 ; R2[5]     ; R2[5]   ; KEY[0]       ; KEY[0]      ; 0.000        ; 0.052      ; 1.740      ;
; 1.522 ; R3[5]     ; R2[5]   ; KEY[0]       ; KEY[0]      ; 0.000        ; 0.024      ; 1.717      ;
; 1.526 ; R0[0]     ; R1[0]   ; KEY[0]       ; KEY[0]      ; 0.000        ; 0.085      ; 1.782      ;
; 1.530 ; R1[7]     ; R1[7]   ; KEY[0]       ; KEY[0]      ; 0.000        ; 0.052      ; 1.753      ;
; 1.538 ; R0[1]     ; R0[1]   ; KEY[0]       ; KEY[0]      ; 0.000        ; 0.045      ; 1.754      ;
; 1.541 ; R0[5]     ; R2[5]   ; KEY[0]       ; KEY[0]      ; 0.000        ; 0.165      ; 1.877      ;
; 1.544 ; R3[4]     ; R2[4]   ; KEY[0]       ; KEY[0]      ; 0.000        ; 0.151      ; 1.866      ;
; 1.545 ; R2[0]     ; R3[0]   ; KEY[0]       ; KEY[0]      ; 0.000        ; -0.002     ; 1.714      ;
; 1.546 ; R2[4]     ; R1[4]   ; KEY[0]       ; KEY[0]      ; 0.000        ; 0.055      ; 1.772      ;
; 1.549 ; R2[5]     ; R1[5]   ; KEY[0]       ; KEY[0]      ; 0.000        ; 0.020      ; 1.740      ;
; 1.550 ; R2[6]     ; R3[6]   ; KEY[0]       ; KEY[0]      ; 0.000        ; 0.083      ; 1.804      ;
; 1.552 ; R1[4]     ; R0[4]   ; KEY[0]       ; KEY[0]      ; 0.000        ; 0.073      ; 1.796      ;
; 1.554 ; R3[2]     ; R0[2]   ; KEY[0]       ; KEY[0]      ; 0.000        ; -0.094     ; 1.631      ;
; 1.554 ; R3[5]     ; R1[5]   ; KEY[0]       ; KEY[0]      ; 0.000        ; -0.008     ; 1.717      ;
; 1.558 ; R0[6]     ; R1[6]   ; KEY[0]       ; KEY[0]      ; 0.000        ; 0.194      ; 1.923      ;
; 1.561 ; R3[3]     ; R0[3]   ; KEY[0]       ; KEY[0]      ; 0.000        ; 0.097      ; 1.829      ;
; 1.563 ; R3[3]     ; R2[3]   ; KEY[0]       ; KEY[0]      ; 0.000        ; 0.137      ; 1.871      ;
; 1.567 ; R0[0]     ; R3[0]   ; KEY[0]       ; KEY[0]      ; 0.000        ; 0.044      ; 1.782      ;
; 1.573 ; R0[5]     ; R1[5]   ; KEY[0]       ; KEY[0]      ; 0.000        ; 0.133      ; 1.877      ;
; 1.576 ; R1[7]     ; R0[7]   ; KEY[0]       ; KEY[0]      ; 0.000        ; 0.006      ; 1.753      ;
; 1.579 ; R2[4]     ; R3[4]   ; KEY[0]       ; KEY[0]      ; 0.000        ; 0.023      ; 1.773      ;
; 1.582 ; R1[5]     ; R0[5]   ; KEY[0]       ; KEY[0]      ; 0.000        ; 0.013      ; 1.766      ;
; 1.584 ; R3[1]     ; R2[1]   ; KEY[0]       ; KEY[0]      ; 0.000        ; 0.137      ; 1.892      ;
; 1.591 ; R3[4]     ; R0[4]   ; KEY[0]       ; KEY[0]      ; 0.000        ; 0.104      ; 1.866      ;
; 1.595 ; R0[7]     ; R1[7]   ; KEY[0]       ; KEY[0]      ; 0.000        ; 0.097      ; 1.863      ;
; 1.597 ; R2[7]     ; R3[7]   ; KEY[0]       ; KEY[0]      ; 0.000        ; 0.096      ; 1.864      ;
; 1.598 ; R0[1]     ; R3[1]   ; KEY[0]       ; KEY[0]      ; 0.000        ; 0.052      ; 1.821      ;
; 1.604 ; R1[6]     ; R2[6]   ; KEY[0]       ; KEY[0]      ; 0.000        ; 0.001      ; 1.776      ;
; 1.604 ; R0[1]     ; R1[1]   ; KEY[0]       ; KEY[0]      ; 0.000        ; 0.093      ; 1.868      ;
; 1.615 ; R0[4]     ; R1[4]   ; KEY[0]       ; KEY[0]      ; 0.000        ; 0.101      ; 1.887      ;
; 1.617 ; R1[0]     ; R2[0]   ; KEY[0]       ; KEY[0]      ; 0.000        ; 0.089      ; 1.877      ;
; 1.623 ; R3[1]     ; R0[1]   ; KEY[0]       ; KEY[0]      ; 0.000        ; 0.097      ; 1.891      ;
; 1.629 ; R2[7]     ; R2[7]   ; KEY[0]       ; KEY[0]      ; 0.000        ; 0.063      ; 1.863      ;
; 1.631 ; R0[6]     ; R3[6]   ; KEY[0]       ; KEY[0]      ; 0.000        ; 0.121      ; 1.923      ;
; 1.641 ; R0[7]     ; R0[7]   ; KEY[0]       ; KEY[0]      ; 0.000        ; 0.051      ; 1.863      ;
; 1.644 ; R1[7]     ; R3[7]   ; KEY[0]       ; KEY[0]      ; 0.000        ; 0.084      ; 1.899      ;
; 1.645 ; R1[6]     ; R0[6]   ; KEY[0]       ; KEY[0]      ; 0.000        ; -0.039     ; 1.777      ;
; 1.648 ; R0[4]     ; R3[4]   ; KEY[0]       ; KEY[0]      ; 0.000        ; 0.069      ; 1.888      ;
; 1.655 ; R1[2]     ; R2[2]   ; KEY[0]       ; KEY[0]      ; 0.000        ; -0.076     ; 1.750      ;
; 1.656 ; R0[3]     ; R2[3]   ; KEY[0]       ; KEY[0]      ; 0.000        ; 0.095      ; 1.922      ;
; 1.658 ; R1[5]     ; R2[5]   ; KEY[0]       ; KEY[0]      ; 0.000        ; 0.082      ; 1.911      ;
; 1.659 ; R0[3]     ; R0[3]   ; KEY[0]       ; KEY[0]      ; 0.000        ; 0.045      ; 1.875      ;
; 1.663 ; R1[0]     ; R0[0]   ; KEY[0]       ; KEY[0]      ; 0.000        ; 0.042      ; 1.876      ;
; 1.672 ; R1[3]     ; R0[3]   ; KEY[0]       ; KEY[0]      ; 0.000        ; 0.058      ; 1.901      ;
; 1.676 ; R1[7]     ; R2[7]   ; KEY[0]       ; KEY[0]      ; 0.000        ; 0.051      ; 1.898      ;
; 1.679 ; R1[3]     ; R2[3]   ; KEY[0]       ; KEY[0]      ; 0.000        ; 0.098      ; 1.948      ;
; 1.690 ; R1[5]     ; R1[5]   ; KEY[0]       ; KEY[0]      ; 0.000        ; 0.050      ; 1.911      ;
; 1.695 ; R1[2]     ; R0[2]   ; KEY[0]       ; KEY[0]      ; 0.000        ; -0.116     ; 1.750      ;
; 1.698 ; R1[1]     ; R2[1]   ; KEY[0]       ; KEY[0]      ; 0.000        ; 0.098      ; 1.967      ;
; 1.709 ; R0[7]     ; R3[7]   ; KEY[0]       ; KEY[0]      ; 0.000        ; 0.129      ; 2.009      ;
+-------+-----------+---------+--------------+-------------+--------------+------------+------------+


----------------------------------------------
; Slow 1200mV 0C Model Metastability Summary ;
----------------------------------------------
No synchronizer chains to report.


+------------------------------------+
; Fast 1200mV 0C Model Setup Summary ;
+--------+--------+------------------+
; Clock  ; Slack  ; End Point TNS    ;
+--------+--------+------------------+
; KEY[0] ; -0.273 ; -4.418           ;
+--------+--------+------------------+


+-----------------------------------+
; Fast 1200mV 0C Model Hold Summary ;
+--------+-------+------------------+
; Clock  ; Slack ; End Point TNS    ;
+--------+-------+------------------+
; KEY[0] ; 0.542 ; 0.000            ;
+--------+-------+------------------+


-----------------------------------------
; Fast 1200mV 0C Model Recovery Summary ;
-----------------------------------------
No paths to report.


----------------------------------------
; Fast 1200mV 0C Model Removal Summary ;
----------------------------------------
No paths to report.


+--------------------------------------------------+
; Fast 1200mV 0C Model Minimum Pulse Width Summary ;
+--------+--------+--------------------------------+
; Clock  ; Slack  ; End Point TNS                  ;
+--------+--------+--------------------------------+
; KEY[0] ; -3.000 ; -41.610                        ;
+--------+--------+--------------------------------+


+----------------------------------------------------------------------------------------------------+
; Fast 1200mV 0C Model Setup: 'KEY[0]'                                                               ;
+--------+-----------+---------+--------------+-------------+--------------+------------+------------+
; Slack  ; From Node ; To Node ; Launch Clock ; Latch Clock ; Relationship ; Clock Skew ; Data Delay ;
+--------+-----------+---------+--------------+-------------+--------------+------------+------------+
; -0.273 ; R0[4]     ; R0[4]   ; KEY[0]       ; KEY[0]      ; 1.000        ; -0.028     ; 1.252      ;
; -0.251 ; R0[4]     ; R2[4]   ; KEY[0]       ; KEY[0]      ; 1.000        ; -0.005     ; 1.253      ;
; -0.234 ; R2[4]     ; R0[4]   ; KEY[0]       ; KEY[0]      ; 1.000        ; -0.061     ; 1.180      ;
; -0.221 ; R0[6]     ; R0[6]   ; KEY[0]       ; KEY[0]      ; 1.000        ; -0.031     ; 1.197      ;
; -0.213 ; R1[1]     ; R3[1]   ; KEY[0]       ; KEY[0]      ; 1.000        ; -0.058     ; 1.162      ;
; -0.210 ; R1[3]     ; R3[3]   ; KEY[0]       ; KEY[0]      ; 1.000        ; -0.058     ; 1.159      ;
; -0.209 ; R0[3]     ; R3[3]   ; KEY[0]       ; KEY[0]      ; 1.000        ; -0.057     ; 1.159      ;
; -0.207 ; R0[2]     ; R0[2]   ; KEY[0]       ; KEY[0]      ; 1.000        ; -0.030     ; 1.184      ;
; -0.202 ; R2[4]     ; R2[4]   ; KEY[0]       ; KEY[0]      ; 1.000        ; -0.028     ; 1.181      ;
; -0.199 ; R0[7]     ; R3[7]   ; KEY[0]       ; KEY[0]      ; 1.000        ; -0.022     ; 1.184      ;
; -0.195 ; R0[6]     ; R2[6]   ; KEY[0]       ; KEY[0]      ; 1.000        ; -0.006     ; 1.196      ;
; -0.193 ; R0[7]     ; R2[7]   ; KEY[0]       ; KEY[0]      ; 1.000        ; -0.017     ; 1.183      ;
; -0.192 ; R2[0]     ; R0[0]   ; KEY[0]       ; KEY[0]      ; 1.000        ; -0.061     ; 1.138      ;
; -0.185 ; R0[3]     ; R1[3]   ; KEY[0]       ; KEY[0]      ; 1.000        ; -0.032     ; 1.160      ;
; -0.182 ; R0[2]     ; R2[2]   ; KEY[0]       ; KEY[0]      ; 1.000        ; -0.005     ; 1.184      ;
; -0.181 ; R1[3]     ; R1[3]   ; KEY[0]       ; KEY[0]      ; 1.000        ; -0.028     ; 1.160      ;
; -0.180 ; R0[0]     ; R0[0]   ; KEY[0]       ; KEY[0]      ; 1.000        ; -0.028     ; 1.159      ;
; -0.175 ; R2[6]     ; R0[6]   ; KEY[0]       ; KEY[0]      ; 1.000        ; -0.057     ; 1.125      ;
; -0.175 ; R1[1]     ; R1[1]   ; KEY[0]       ; KEY[0]      ; 1.000        ; -0.028     ; 1.154      ;
; -0.170 ; R1[2]     ; R0[2]   ; KEY[0]       ; KEY[0]      ; 1.000        ; -0.162     ; 1.015      ;
; -0.162 ; R3[1]     ; R3[1]   ; KEY[0]       ; KEY[0]      ; 1.000        ; -0.027     ; 1.142      ;
; -0.161 ; R2[2]     ; R0[2]   ; KEY[0]       ; KEY[0]      ; 1.000        ; -0.056     ; 1.112      ;
; -0.160 ; R2[0]     ; R2[0]   ; KEY[0]       ; KEY[0]      ; 1.000        ; -0.028     ; 1.139      ;
; -0.158 ; R0[0]     ; R2[0]   ; KEY[0]       ; KEY[0]      ; 1.000        ; -0.005     ; 1.160      ;
; -0.158 ; R3[3]     ; R3[3]   ; KEY[0]       ; KEY[0]      ; 1.000        ; -0.027     ; 1.138      ;
; -0.156 ; R1[6]     ; R0[6]   ; KEY[0]       ; KEY[0]      ; 1.000        ; -0.130     ; 1.033      ;
; -0.155 ; R1[7]     ; R3[7]   ; KEY[0]       ; KEY[0]      ; 1.000        ; -0.052     ; 1.110      ;
; -0.149 ; R1[7]     ; R2[7]   ; KEY[0]       ; KEY[0]      ; 1.000        ; -0.047     ; 1.109      ;
; -0.149 ; R2[6]     ; R2[6]   ; KEY[0]       ; KEY[0]      ; 1.000        ; -0.032     ; 1.124      ;
; -0.149 ; R0[4]     ; R3[4]   ; KEY[0]       ; KEY[0]      ; 1.000        ; -0.071     ; 1.085      ;
; -0.145 ; R1[2]     ; R2[2]   ; KEY[0]       ; KEY[0]      ; 1.000        ; -0.137     ; 1.015      ;
; -0.143 ; R2[7]     ; R3[7]   ; KEY[0]       ; KEY[0]      ; 1.000        ; -0.044     ; 1.106      ;
; -0.139 ; R3[3]     ; R1[3]   ; KEY[0]       ; KEY[0]      ; 1.000        ; -0.007     ; 1.139      ;
; -0.137 ; R2[7]     ; R2[7]   ; KEY[0]       ; KEY[0]      ; 1.000        ; -0.039     ; 1.105      ;
; -0.136 ; R2[2]     ; R2[2]   ; KEY[0]       ; KEY[0]      ; 1.000        ; -0.031     ; 1.112      ;
; -0.134 ; R3[1]     ; R1[1]   ; KEY[0]       ; KEY[0]      ; 1.000        ; -0.007     ; 1.134      ;
; -0.131 ; R1[1]     ; R0[1]   ; KEY[0]       ; KEY[0]      ; 1.000        ; -0.059     ; 1.079      ;
; -0.130 ; R1[6]     ; R2[6]   ; KEY[0]       ; KEY[0]      ; 1.000        ; -0.105     ; 1.032      ;
; -0.129 ; R1[3]     ; R0[3]   ; KEY[0]       ; KEY[0]      ; 1.000        ; -0.059     ; 1.077      ;
; -0.127 ; R0[4]     ; R1[4]   ; KEY[0]       ; KEY[0]      ; 1.000        ; -0.051     ; 1.083      ;
; -0.121 ; R1[5]     ; R1[5]   ; KEY[0]       ; KEY[0]      ; 1.000        ; -0.031     ; 1.097      ;
; -0.115 ; R1[0]     ; R0[0]   ; KEY[0]       ; KEY[0]      ; 1.000        ; -0.055     ; 1.067      ;
; -0.112 ; R0[7]     ; R0[7]   ; KEY[0]       ; KEY[0]      ; 1.000        ; -0.032     ; 1.087      ;
; -0.110 ; R0[6]     ; R3[6]   ; KEY[0]       ; KEY[0]      ; 1.000        ; -0.018     ; 1.099      ;
; -0.107 ; R1[1]     ; R2[1]   ; KEY[0]       ; KEY[0]      ; 1.000        ; -0.034     ; 1.080      ;
; -0.105 ; R2[4]     ; R3[4]   ; KEY[0]       ; KEY[0]      ; 1.000        ; -0.099     ; 1.013      ;
; -0.100 ; R1[5]     ; R2[5]   ; KEY[0]       ; KEY[0]      ; 1.000        ; -0.011     ; 1.096      ;
; -0.098 ; R0[5]     ; R1[5]   ; KEY[0]       ; KEY[0]      ; 1.000        ; -0.010     ; 1.095      ;
; -0.097 ; R0[1]     ; R3[1]   ; KEY[0]       ; KEY[0]      ; 1.000        ; -0.057     ; 1.047      ;
; -0.096 ; R1[3]     ; R2[3]   ; KEY[0]       ; KEY[0]      ; 1.000        ; -0.034     ; 1.069      ;
; -0.095 ; R0[3]     ; R0[3]   ; KEY[0]       ; KEY[0]      ; 1.000        ; -0.025     ; 1.077      ;
; -0.090 ; R3[5]     ; R1[5]   ; KEY[0]       ; KEY[0]      ; 1.000        ; -0.109     ; 0.988      ;
; -0.088 ; R3[4]     ; R0[4]   ; KEY[0]       ; KEY[0]      ; 1.000        ; -0.038     ; 1.057      ;
; -0.088 ; R1[0]     ; R2[0]   ; KEY[0]       ; KEY[0]      ; 1.000        ; -0.027     ; 1.068      ;
; -0.085 ; R3[1]     ; R0[1]   ; KEY[0]       ; KEY[0]      ; 1.000        ; -0.033     ; 1.059      ;
; -0.084 ; R0[7]     ; R1[7]   ; KEY[0]       ; KEY[0]      ; 1.000        ; -0.003     ; 1.088      ;
; -0.083 ; R2[4]     ; R1[4]   ; KEY[0]       ; KEY[0]      ; 1.000        ; -0.079     ; 1.011      ;
; -0.082 ; R3[3]     ; R0[3]   ; KEY[0]       ; KEY[0]      ; 1.000        ; -0.033     ; 1.056      ;
; -0.077 ; R0[5]     ; R2[5]   ; KEY[0]       ; KEY[0]      ; 1.000        ; 0.010      ; 1.094      ;
; -0.077 ; R1[5]     ; R0[5]   ; KEY[0]       ; KEY[0]      ; 1.000        ; -0.081     ; 1.003      ;
; -0.070 ; R3[2]     ; R0[2]   ; KEY[0]       ; KEY[0]      ; 1.000        ; -0.156     ; 0.921      ;
; -0.069 ; R3[5]     ; R2[5]   ; KEY[0]       ; KEY[0]      ; 1.000        ; -0.089     ; 0.987      ;
; -0.068 ; R1[7]     ; R0[7]   ; KEY[0]       ; KEY[0]      ; 1.000        ; -0.062     ; 1.013      ;
; -0.068 ; R0[3]     ; R2[3]   ; KEY[0]       ; KEY[0]      ; 1.000        ; -0.006     ; 1.069      ;
; -0.066 ; R2[0]     ; R3[0]   ; KEY[0]       ; KEY[0]      ; 1.000        ; -0.076     ; 0.997      ;
; -0.064 ; R2[6]     ; R3[6]   ; KEY[0]       ; KEY[0]      ; 1.000        ; -0.044     ; 1.027      ;
; -0.064 ; R0[1]     ; R1[1]   ; KEY[0]       ; KEY[0]      ; 1.000        ; -0.032     ; 1.039      ;
; -0.062 ; R2[7]     ; R0[7]   ; KEY[0]       ; KEY[0]      ; 1.000        ; -0.060     ; 1.009      ;
; -0.061 ; R3[4]     ; R2[4]   ; KEY[0]       ; KEY[0]      ; 1.000        ; -0.010     ; 1.058      ;
; -0.061 ; R3[1]     ; R2[1]   ; KEY[0]       ; KEY[0]      ; 1.000        ; -0.008     ; 1.060      ;
; -0.059 ; R0[6]     ; R1[6]   ; KEY[0]       ; KEY[0]      ; 1.000        ; 0.033      ; 1.099      ;
; -0.059 ; R0[0]     ; R3[0]   ; KEY[0]       ; KEY[0]      ; 1.000        ; -0.048     ; 1.018      ;
; -0.049 ; R3[3]     ; R2[3]   ; KEY[0]       ; KEY[0]      ; 1.000        ; -0.008     ; 1.048      ;
; -0.048 ; R1[4]     ; R0[4]   ; KEY[0]       ; KEY[0]      ; 1.000        ; -0.059     ; 0.996      ;
; -0.045 ; R3[2]     ; R2[2]   ; KEY[0]       ; KEY[0]      ; 1.000        ; -0.131     ; 0.921      ;
; -0.041 ; R2[0]     ; R1[0]   ; KEY[0]       ; KEY[0]      ; 1.000        ; -0.051     ; 0.997      ;
; -0.040 ; R1[7]     ; R1[7]   ; KEY[0]       ; KEY[0]      ; 1.000        ; -0.033     ; 1.014      ;
; -0.040 ; R2[5]     ; R1[5]   ; KEY[0]       ; KEY[0]      ; 1.000        ; -0.052     ; 0.995      ;
; -0.039 ; R0[5]     ; R0[5]   ; KEY[0]       ; KEY[0]      ; 1.000        ; -0.045     ; 1.001      ;
; -0.034 ; R2[7]     ; R1[7]   ; KEY[0]       ; KEY[0]      ; 1.000        ; -0.031     ; 1.010      ;
; -0.034 ; R0[0]     ; R1[0]   ; KEY[0]       ; KEY[0]      ; 1.000        ; -0.023     ; 1.018      ;
; -0.033 ; R0[2]     ; R3[2]   ; KEY[0]       ; KEY[0]      ; 1.000        ; 0.052      ; 1.092      ;
; -0.031 ; R3[5]     ; R0[5]   ; KEY[0]       ; KEY[0]      ; 1.000        ; -0.144     ; 0.894      ;
; -0.029 ; R1[6]     ; R3[6]   ; KEY[0]       ; KEY[0]      ; 1.000        ; -0.101     ; 0.935      ;
; -0.021 ; R1[4]     ; R2[4]   ; KEY[0]       ; KEY[0]      ; 1.000        ; -0.031     ; 0.997      ;
; -0.020 ; R0[2]     ; R1[2]   ; KEY[0]       ; KEY[0]      ; 1.000        ; 0.065      ; 1.092      ;
; -0.019 ; R2[5]     ; R2[5]   ; KEY[0]       ; KEY[0]      ; 1.000        ; -0.032     ; 0.994      ;
; -0.013 ; R2[6]     ; R1[6]   ; KEY[0]       ; KEY[0]      ; 1.000        ; 0.007      ; 1.027      ;
; -0.008 ; R3[6]     ; R0[6]   ; KEY[0]       ; KEY[0]      ; 1.000        ; -0.077     ; 0.938      ;
; 0.004  ; R2[5]     ; R0[5]   ; KEY[0]       ; KEY[0]      ; 1.000        ; -0.102     ; 0.901      ;
; 0.006  ; R3[0]     ; R0[0]   ; KEY[0]       ; KEY[0]      ; 1.000        ; -0.029     ; 0.972      ;
; 0.012  ; R3[7]     ; R2[7]   ; KEY[0]       ; KEY[0]      ; 1.000        ; -0.058     ; 0.937      ;
; 0.013  ; R2[2]     ; R3[2]   ; KEY[0]       ; KEY[0]      ; 1.000        ; 0.026      ; 1.020      ;
; 0.018  ; R3[6]     ; R2[6]   ; KEY[0]       ; KEY[0]      ; 1.000        ; -0.052     ; 0.937      ;
; 0.018  ; R0[1]     ; R0[1]   ; KEY[0]       ; KEY[0]      ; 1.000        ; -0.025     ; 0.964      ;
; 0.020  ; R1[2]     ; R3[2]   ; KEY[0]       ; KEY[0]      ; 1.000        ; -0.064     ; 0.923      ;
; 0.021  ; R1[5]     ; R3[5]   ; KEY[0]       ; KEY[0]      ; 1.000        ; 0.014      ; 1.000      ;
; 0.023  ; R1[0]     ; R3[0]   ; KEY[0]       ; KEY[0]      ; 1.000        ; -0.058     ; 0.926      ;
; 0.026  ; R2[2]     ; R1[2]   ; KEY[0]       ; KEY[0]      ; 1.000        ; 0.039      ; 1.020      ;
; 0.030  ; R3[7]     ; R3[7]   ; KEY[0]       ; KEY[0]      ; 1.000        ; -0.039     ; 0.938      ;
+--------+-----------+---------+--------------+-------------+--------------+------------+------------+


+---------------------------------------------------------------------------------------------------+
; Fast 1200mV 0C Model Hold: 'KEY[0]'                                                               ;
+-------+-----------+---------+--------------+-------------+--------------+------------+------------+
; Slack ; From Node ; To Node ; Launch Clock ; Latch Clock ; Relationship ; Clock Skew ; Data Delay ;
+-------+-----------+---------+--------------+-------------+--------------+------------+------------+
; 0.542 ; R3[6]     ; R1[6]   ; KEY[0]       ; KEY[0]      ; 0.000        ; 0.101      ; 0.727      ;
; 0.568 ; R3[2]     ; R1[2]   ; KEY[0]       ; KEY[0]      ; 0.000        ; 0.064      ; 0.716      ;
; 0.572 ; R3[0]     ; R1[0]   ; KEY[0]       ; KEY[0]      ; 0.000        ; 0.058      ; 0.714      ;
; 0.582 ; R3[2]     ; R3[2]   ; KEY[0]       ; KEY[0]      ; 0.000        ; 0.050      ; 0.716      ;
; 0.595 ; R3[6]     ; R3[6]   ; KEY[0]       ; KEY[0]      ; 0.000        ; 0.048      ; 0.727      ;
; 0.595 ; R1[4]     ; R1[4]   ; KEY[0]       ; KEY[0]      ; 0.000        ; 0.033      ; 0.712      ;
; 0.599 ; R3[7]     ; R1[7]   ; KEY[0]       ; KEY[0]      ; 0.000        ; 0.052      ; 0.735      ;
; 0.602 ; R2[5]     ; R3[5]   ; KEY[0]       ; KEY[0]      ; 0.000        ; 0.089      ; 0.775      ;
; 0.603 ; R3[0]     ; R3[0]   ; KEY[0]       ; KEY[0]      ; 0.000        ; 0.027      ; 0.714      ;
; 0.607 ; R2[3]     ; R2[3]   ; KEY[0]       ; KEY[0]      ; 0.000        ; 0.026      ; 0.717      ;
; 0.607 ; R2[1]     ; R2[1]   ; KEY[0]       ; KEY[0]      ; 0.000        ; 0.026      ; 0.717      ;
; 0.613 ; R3[4]     ; R1[4]   ; KEY[0]       ; KEY[0]      ; 0.000        ; 0.053      ; 0.750      ;
; 0.613 ; R2[3]     ; R0[3]   ; KEY[0]       ; KEY[0]      ; 0.000        ; 0.006      ; 0.703      ;
; 0.617 ; R1[4]     ; R3[4]   ; KEY[0]       ; KEY[0]      ; 0.000        ; 0.012      ; 0.713      ;
; 0.626 ; R2[1]     ; R0[1]   ; KEY[0]       ; KEY[0]      ; 0.000        ; 0.006      ; 0.716      ;
; 0.629 ; R3[7]     ; R0[7]   ; KEY[0]       ; KEY[0]      ; 0.000        ; 0.022      ; 0.735      ;
; 0.632 ; R3[5]     ; R3[5]   ; KEY[0]       ; KEY[0]      ; 0.000        ; 0.040      ; 0.756      ;
; 0.635 ; R3[4]     ; R3[4]   ; KEY[0]       ; KEY[0]      ; 0.000        ; 0.032      ; 0.751      ;
; 0.638 ; R0[5]     ; R3[5]   ; KEY[0]       ; KEY[0]      ; 0.000        ; 0.144      ; 0.866      ;
; 0.644 ; R1[2]     ; R1[2]   ; KEY[0]       ; KEY[0]      ; 0.000        ; 0.051      ; 0.779      ;
; 0.650 ; R1[2]     ; R3[2]   ; KEY[0]       ; KEY[0]      ; 0.000        ; 0.045      ; 0.779      ;
; 0.664 ; R2[2]     ; R1[2]   ; KEY[0]       ; KEY[0]      ; 0.000        ; 0.137      ; 0.885      ;
; 0.665 ; R1[6]     ; R1[6]   ; KEY[0]       ; KEY[0]      ; 0.000        ; 0.041      ; 0.790      ;
; 0.665 ; R2[1]     ; R1[1]   ; KEY[0]       ; KEY[0]      ; 0.000        ; 0.034      ; 0.783      ;
; 0.666 ; R1[0]     ; R1[0]   ; KEY[0]       ; KEY[0]      ; 0.000        ; 0.028      ; 0.778      ;
; 0.670 ; R2[2]     ; R3[2]   ; KEY[0]       ; KEY[0]      ; 0.000        ; 0.131      ; 0.885      ;
; 0.676 ; R2[3]     ; R1[3]   ; KEY[0]       ; KEY[0]      ; 0.000        ; 0.034      ; 0.794      ;
; 0.676 ; R2[1]     ; R3[1]   ; KEY[0]       ; KEY[0]      ; 0.000        ; 0.008      ; 0.768      ;
; 0.679 ; R3[6]     ; R2[6]   ; KEY[0]       ; KEY[0]      ; 0.000        ; 0.044      ; 0.807      ;
; 0.681 ; R1[5]     ; R3[5]   ; KEY[0]       ; KEY[0]      ; 0.000        ; 0.109      ; 0.874      ;
; 0.686 ; R3[7]     ; R2[7]   ; KEY[0]       ; KEY[0]      ; 0.000        ; 0.044      ; 0.814      ;
; 0.687 ; R1[0]     ; R3[0]   ; KEY[0]       ; KEY[0]      ; 0.000        ; 0.007      ; 0.778      ;
; 0.692 ; R3[7]     ; R3[7]   ; KEY[0]       ; KEY[0]      ; 0.000        ; 0.039      ; 0.815      ;
; 0.696 ; R3[0]     ; R2[0]   ; KEY[0]       ; KEY[0]      ; 0.000        ; 0.076      ; 0.856      ;
; 0.698 ; R0[2]     ; R1[2]   ; KEY[0]       ; KEY[0]      ; 0.000        ; 0.162      ; 0.944      ;
; 0.702 ; R2[3]     ; R3[3]   ; KEY[0]       ; KEY[0]      ; 0.000        ; 0.008      ; 0.794      ;
; 0.703 ; R2[5]     ; R0[5]   ; KEY[0]       ; KEY[0]      ; 0.000        ; -0.010     ; 0.777      ;
; 0.704 ; R2[7]     ; R1[7]   ; KEY[0]       ; KEY[0]      ; 0.000        ; 0.047      ; 0.835      ;
; 0.704 ; R2[6]     ; R1[6]   ; KEY[0]       ; KEY[0]      ; 0.000        ; 0.105      ; 0.893      ;
; 0.704 ; R0[2]     ; R3[2]   ; KEY[0]       ; KEY[0]      ; 0.000        ; 0.156      ; 0.944      ;
; 0.706 ; R3[6]     ; R0[6]   ; KEY[0]       ; KEY[0]      ; 0.000        ; 0.018      ; 0.808      ;
; 0.707 ; R1[4]     ; R2[4]   ; KEY[0]       ; KEY[0]      ; 0.000        ; 0.079      ; 0.870      ;
; 0.709 ; R1[6]     ; R3[6]   ; KEY[0]       ; KEY[0]      ; 0.000        ; -0.003     ; 0.790      ;
; 0.723 ; R3[0]     ; R0[0]   ; KEY[0]       ; KEY[0]      ; 0.000        ; 0.048      ; 0.855      ;
; 0.724 ; R3[5]     ; R0[5]   ; KEY[0]       ; KEY[0]      ; 0.000        ; -0.050     ; 0.758      ;
; 0.725 ; R3[4]     ; R2[4]   ; KEY[0]       ; KEY[0]      ; 0.000        ; 0.099      ; 0.908      ;
; 0.727 ; R0[1]     ; R2[1]   ; KEY[0]       ; KEY[0]      ; 0.000        ; 0.057      ; 0.868      ;
; 0.734 ; R2[7]     ; R0[7]   ; KEY[0]       ; KEY[0]      ; 0.000        ; 0.017      ; 0.835      ;
; 0.735 ; R3[2]     ; R2[2]   ; KEY[0]       ; KEY[0]      ; 0.000        ; -0.026     ; 0.793      ;
; 0.735 ; R1[4]     ; R0[4]   ; KEY[0]       ; KEY[0]      ; 0.000        ; 0.051      ; 0.870      ;
; 0.738 ; R0[6]     ; R1[6]   ; KEY[0]       ; KEY[0]      ; 0.000        ; 0.130      ; 0.952      ;
; 0.739 ; R0[5]     ; R0[5]   ; KEY[0]       ; KEY[0]      ; 0.000        ; 0.045      ; 0.868      ;
; 0.739 ; R2[5]     ; R2[5]   ; KEY[0]       ; KEY[0]      ; 0.000        ; 0.032      ; 0.855      ;
; 0.740 ; R3[3]     ; R2[3]   ; KEY[0]       ; KEY[0]      ; 0.000        ; 0.083      ; 0.907      ;
; 0.743 ; R0[0]     ; R1[0]   ; KEY[0]       ; KEY[0]      ; 0.000        ; 0.055      ; 0.882      ;
; 0.745 ; R3[5]     ; R2[5]   ; KEY[0]       ; KEY[0]      ; 0.000        ; 0.007      ; 0.836      ;
; 0.752 ; R3[3]     ; R0[3]   ; KEY[0]       ; KEY[0]      ; 0.000        ; 0.057      ; 0.893      ;
; 0.752 ; R3[1]     ; R2[1]   ; KEY[0]       ; KEY[0]      ; 0.000        ; 0.083      ; 0.919      ;
; 0.753 ; R3[4]     ; R0[4]   ; KEY[0]       ; KEY[0]      ; 0.000        ; 0.071      ; 0.908      ;
; 0.757 ; R2[6]     ; R3[6]   ; KEY[0]       ; KEY[0]      ; 0.000        ; 0.052      ; 0.893      ;
; 0.758 ; R0[1]     ; R0[1]   ; KEY[0]       ; KEY[0]      ; 0.000        ; 0.025      ; 0.867      ;
; 0.760 ; R0[5]     ; R2[5]   ; KEY[0]       ; KEY[0]      ; 0.000        ; 0.102      ; 0.946      ;
; 0.761 ; R3[2]     ; R0[2]   ; KEY[0]       ; KEY[0]      ; 0.000        ; -0.052     ; 0.793      ;
; 0.761 ; R2[5]     ; R1[5]   ; KEY[0]       ; KEY[0]      ; 0.000        ; 0.011      ; 0.856      ;
; 0.764 ; R1[7]     ; R1[7]   ; KEY[0]       ; KEY[0]      ; 0.000        ; 0.033      ; 0.881      ;
; 0.765 ; R2[0]     ; R1[0]   ; KEY[0]       ; KEY[0]      ; 0.000        ; 0.027      ; 0.876      ;
; 0.766 ; R2[4]     ; R1[4]   ; KEY[0]       ; KEY[0]      ; 0.000        ; 0.031      ; 0.881      ;
; 0.767 ; R3[5]     ; R1[5]   ; KEY[0]       ; KEY[0]      ; 0.000        ; -0.014     ; 0.837      ;
; 0.769 ; R0[0]     ; R3[0]   ; KEY[0]       ; KEY[0]      ; 0.000        ; 0.029      ; 0.882      ;
; 0.773 ; R2[7]     ; R3[7]   ; KEY[0]       ; KEY[0]      ; 0.000        ; 0.058      ; 0.915      ;
; 0.777 ; R3[1]     ; R0[1]   ; KEY[0]       ; KEY[0]      ; 0.000        ; 0.057      ; 0.918      ;
; 0.782 ; R0[5]     ; R1[5]   ; KEY[0]       ; KEY[0]      ; 0.000        ; 0.081      ; 0.947      ;
; 0.782 ; R1[5]     ; R0[5]   ; KEY[0]       ; KEY[0]      ; 0.000        ; 0.010      ; 0.876      ;
; 0.785 ; R1[0]     ; R2[0]   ; KEY[0]       ; KEY[0]      ; 0.000        ; 0.051      ; 0.920      ;
; 0.788 ; R2[4]     ; R3[4]   ; KEY[0]       ; KEY[0]      ; 0.000        ; 0.010      ; 0.882      ;
; 0.791 ; R2[7]     ; R2[7]   ; KEY[0]       ; KEY[0]      ; 0.000        ; 0.039      ; 0.914      ;
; 0.791 ; R0[6]     ; R3[6]   ; KEY[0]       ; KEY[0]      ; 0.000        ; 0.077      ; 0.952      ;
; 0.791 ; R2[0]     ; R3[0]   ; KEY[0]       ; KEY[0]      ; 0.000        ; 0.001      ; 0.876      ;
; 0.791 ; R0[1]     ; R1[1]   ; KEY[0]       ; KEY[0]      ; 0.000        ; 0.059      ; 0.934      ;
; 0.793 ; R1[6]     ; R2[6]   ; KEY[0]       ; KEY[0]      ; 0.000        ; -0.007     ; 0.870      ;
; 0.794 ; R1[7]     ; R0[7]   ; KEY[0]       ; KEY[0]      ; 0.000        ; 0.003      ; 0.881      ;
; 0.795 ; R0[7]     ; R1[7]   ; KEY[0]       ; KEY[0]      ; 0.000        ; 0.062      ; 0.941      ;
; 0.797 ; R0[4]     ; R1[4]   ; KEY[0]       ; KEY[0]      ; 0.000        ; 0.059      ; 0.940      ;
; 0.802 ; R0[1]     ; R3[1]   ; KEY[0]       ; KEY[0]      ; 0.000        ; 0.033      ; 0.919      ;
; 0.802 ; R1[3]     ; R2[3]   ; KEY[0]       ; KEY[0]      ; 0.000        ; 0.058      ; 0.944      ;
; 0.803 ; R0[3]     ; R2[3]   ; KEY[0]       ; KEY[0]      ; 0.000        ; 0.057      ; 0.944      ;
; 0.809 ; R1[1]     ; R2[1]   ; KEY[0]       ; KEY[0]      ; 0.000        ; 0.058      ; 0.951      ;
; 0.811 ; R1[2]     ; R2[2]   ; KEY[0]       ; KEY[0]      ; 0.000        ; -0.039     ; 0.856      ;
; 0.812 ; R1[0]     ; R0[0]   ; KEY[0]       ; KEY[0]      ; 0.000        ; 0.023      ; 0.919      ;
; 0.814 ; R1[3]     ; R0[3]   ; KEY[0]       ; KEY[0]      ; 0.000        ; 0.032      ; 0.930      ;
; 0.818 ; R1[5]     ; R2[5]   ; KEY[0]       ; KEY[0]      ; 0.000        ; 0.052      ; 0.954      ;
; 0.819 ; R0[4]     ; R3[4]   ; KEY[0]       ; KEY[0]      ; 0.000        ; 0.038      ; 0.941      ;
; 0.820 ; R1[6]     ; R0[6]   ; KEY[0]       ; KEY[0]      ; 0.000        ; -0.033     ; 0.871      ;
; 0.821 ; R0[3]     ; R0[3]   ; KEY[0]       ; KEY[0]      ; 0.000        ; 0.025      ; 0.930      ;
; 0.825 ; R0[7]     ; R0[7]   ; KEY[0]       ; KEY[0]      ; 0.000        ; 0.032      ; 0.941      ;
; 0.827 ; R1[7]     ; R3[7]   ; KEY[0]       ; KEY[0]      ; 0.000        ; 0.050      ; 0.961      ;
; 0.834 ; R1[1]     ; R0[1]   ; KEY[0]       ; KEY[0]      ; 0.000        ; 0.032      ; 0.950      ;
; 0.837 ; R1[2]     ; R0[2]   ; KEY[0]       ; KEY[0]      ; 0.000        ; -0.065     ; 0.856      ;
; 0.840 ; R1[5]     ; R1[5]   ; KEY[0]       ; KEY[0]      ; 0.000        ; 0.031      ; 0.955      ;
; 0.842 ; R3[3]     ; R1[3]   ; KEY[0]       ; KEY[0]      ; 0.000        ; 0.058      ; 0.984      ;
+-------+-----------+---------+--------------+-------------+--------------+------------+------------+


----------------------------------------------
; Fast 1200mV 0C Model Metastability Summary ;
----------------------------------------------
No synchronizer chains to report.


+-------------------------------------------------------------------------------+
; Multicorner Timing Analysis Summary                                           ;
+------------------+---------+-------+----------+---------+---------------------+
; Clock            ; Setup   ; Hold  ; Recovery ; Removal ; Minimum Pulse Width ;
+------------------+---------+-------+----------+---------+---------------------+
; Worst-case Slack ; -1.655  ; 0.542 ; N/A      ; N/A     ; -3.000              ;
;  KEY[0]          ; -1.655  ; 0.542 ; N/A      ; N/A     ; -3.000              ;
; Design-wide TNS  ; -43.646 ; 0.0   ; 0.0      ; 0.0     ; -44.12              ;
;  KEY[0]          ; -43.646 ; 0.000 ; N/A      ; N/A     ; -44.120             ;
+------------------+---------+-------+----------+---------+---------------------+


+------------------------------------------------------------------------------------------------------------------------------------------------------------------------------------------------------------------------------------------------------------------------------------------------------------------------------------------------------------------------------------------------------------------+
; Board Trace Model Assignments                                                                                                                                                                                                                                                                                                                                                                                    ;
+---------------+--------------+-------------------+-------------------------+-------------------------+---------------+---------------------+----------------+------------------+--------+------------------+------------------------+------------------------+--------------+---------------+-----------------+-------+---------------------+--------------------+---------------+-----------------+-------------+
; Pin           ; I/O Standard ; Near Tline Length ; Near Tline L per Length ; Near Tline C per Length ; Near Series R ; Near Differential R ; Near Pull-up R ; Near Pull-down R ; Near C ; Far Tline Length ; Far Tline L per Length ; Far Tline C per Length ; Far Series R ; Far Pull-up R ; Far Pull-down R ; Far C ; Termination Voltage ; Far Differential R ; EBD File Name ; EBD Signal Name ; EBD Far-end ;
+---------------+--------------+-------------------+-------------------------+-------------------------+---------------+---------------------+----------------+------------------+--------+------------------+------------------------+------------------------+--------------+---------------+-----------------+-------+---------------------+--------------------+---------------+-----------------+-------------+
; HEX0[0]       ; 2.5 V        ; 0 in              ; 0 H/in                  ; 0 F/in                  ; short         ; -                   ; open           ; open             ; open   ; 0 in             ; 0 H/in                 ; 0 F/in                 ; short        ; open          ; open            ; open  ; 0 V                 ; -                  ; n/a           ; n/a             ; n/a         ;
; HEX0[1]       ; 2.5 V        ; 0 in              ; 0 H/in                  ; 0 F/in                  ; short         ; -                   ; open           ; open             ; open   ; 0 in             ; 0 H/in                 ; 0 F/in                 ; short        ; open          ; open            ; open  ; 0 V                 ; -                  ; n/a           ; n/a             ; n/a         ;
; HEX0[2]       ; 2.5 V        ; 0 in              ; 0 H/in                  ; 0 F/in                  ; short         ; -                   ; open           ; open             ; open   ; 0 in             ; 0 H/in                 ; 0 F/in                 ; short        ; open          ; open            ; open  ; 0 V                 ; -                  ; n/a           ; n/a             ; n/a         ;
; HEX0[3]       ; 2.5 V        ; 0 in              ; 0 H/in                  ; 0 F/in                  ; short         ; -                   ; open           ; open             ; open   ; 0 in             ; 0 H/in                 ; 0 F/in                 ; short        ; open          ; open            ; open  ; 0 V                 ; -                  ; n/a           ; n/a             ; n/a         ;
; HEX0[4]       ; 2.5 V        ; 0 in              ; 0 H/in                  ; 0 F/in                  ; short         ; -                   ; open           ; open             ; open   ; 0 in             ; 0 H/in                 ; 0 F/in                 ; short        ; open          ; open            ; open  ; 0 V                 ; -                  ; n/a           ; n/a             ; n/a         ;
; HEX0[5]       ; 2.5 V        ; 0 in              ; 0 H/in                  ; 0 F/in                  ; short         ; -                   ; open           ; open             ; open   ; 0 in             ; 0 H/in                 ; 0 F/in                 ; short        ; open          ; open            ; open  ; 0 V                 ; -                  ; n/a           ; n/a             ; n/a         ;
; HEX0[6]       ; 2.5 V        ; 0 in              ; 0 H/in                  ; 0 F/in                  ; short         ; -                   ; open           ; open             ; open   ; 0 in             ; 0 H/in                 ; 0 F/in                 ; short        ; open          ; open            ; open  ; 0 V                 ; -                  ; n/a           ; n/a             ; n/a         ;
; HEX1[0]       ; 2.5 V        ; 0 in              ; 0 H/in                  ; 0 F/in                  ; short         ; -                   ; open           ; open             ; open   ; 0 in             ; 0 H/in                 ; 0 F/in                 ; short        ; open          ; open            ; open  ; 0 V                 ; -                  ; n/a           ; n/a             ; n/a         ;
; HEX1[1]       ; 2.5 V        ; 0 in              ; 0 H/in                  ; 0 F/in                  ; short         ; -                   ; open           ; open             ; open   ; 0 in             ; 0 H/in                 ; 0 F/in                 ; short        ; open          ; open            ; open  ; 0 V                 ; -                  ; n/a           ; n/a             ; n/a         ;
; HEX1[2]       ; 2.5 V        ; 0 in              ; 0 H/in                  ; 0 F/in                  ; short         ; -                   ; open           ; open             ; open   ; 0 in             ; 0 H/in                 ; 0 F/in                 ; short        ; open          ; open            ; open  ; 0 V                 ; -                  ; n/a           ; n/a             ; n/a         ;
; HEX1[3]       ; 2.5 V        ; 0 in              ; 0 H/in                  ; 0 F/in                  ; short         ; -                   ; open           ; open             ; open   ; 0 in             ; 0 H/in                 ; 0 F/in                 ; short        ; open          ; open            ; open  ; 0 V                 ; -                  ; n/a           ; n/a             ; n/a         ;
; HEX1[4]       ; 2.5 V        ; 0 in              ; 0 H/in                  ; 0 F/in                  ; short         ; -                   ; open           ; open             ; open   ; 0 in             ; 0 H/in                 ; 0 F/in                 ; short        ; open          ; open            ; open  ; 0 V                 ; -                  ; n/a           ; n/a             ; n/a         ;
; HEX1[5]       ; 2.5 V        ; 0 in              ; 0 H/in                  ; 0 F/in                  ; short         ; -                   ; open           ; open             ; open   ; 0 in             ; 0 H/in                 ; 0 F/in                 ; short        ; open          ; open            ; open  ; 0 V                 ; -                  ; n/a           ; n/a             ; n/a         ;
; HEX1[6]       ; 2.5 V        ; 0 in              ; 0 H/in                  ; 0 F/in                  ; short         ; -                   ; open           ; open             ; open   ; 0 in             ; 0 H/in                 ; 0 F/in                 ; short        ; open          ; open            ; open  ; 0 V                 ; -                  ; n/a           ; n/a             ; n/a         ;
; HEX2[0]       ; 2.5 V        ; 0 in              ; 0 H/in                  ; 0 F/in                  ; short         ; -                   ; open           ; open             ; open   ; 0 in             ; 0 H/in                 ; 0 F/in                 ; short        ; open          ; open            ; open  ; 0 V                 ; -                  ; n/a           ; n/a             ; n/a         ;
; HEX2[1]       ; 2.5 V        ; 0 in              ; 0 H/in                  ; 0 F/in                  ; short         ; -                   ; open           ; open             ; open   ; 0 in             ; 0 H/in                 ; 0 F/in                 ; short        ; open          ; open            ; open  ; 0 V                 ; -                  ; n/a           ; n/a             ; n/a         ;
; HEX2[2]       ; 2.5 V        ; 0 in              ; 0 H/in                  ; 0 F/in                  ; short         ; -                   ; open           ; open             ; open   ; 0 in             ; 0 H/in                 ; 0 F/in                 ; short        ; open          ; open            ; open  ; 0 V                 ; -                  ; n/a           ; n/a             ; n/a         ;
; HEX2[3]       ; 2.5 V        ; 0 in              ; 0 H/in                  ; 0 F/in                  ; short         ; -                   ; open           ; open             ; open   ; 0 in             ; 0 H/in                 ; 0 F/in                 ; short        ; open          ; open            ; open  ; 0 V                 ; -                  ; n/a           ; n/a             ; n/a         ;
; HEX2[4]       ; 2.5 V        ; 0 in              ; 0 H/in                  ; 0 F/in                  ; short         ; -                   ; open           ; open             ; open   ; 0 in             ; 0 H/in                 ; 0 F/in                 ; short        ; open          ; open            ; open  ; 0 V                 ; -                  ; n/a           ; n/a             ; n/a         ;
; HEX2[5]       ; 2.5 V        ; 0 in              ; 0 H/in                  ; 0 F/in                  ; short         ; -                   ; open           ; open             ; open   ; 0 in             ; 0 H/in                 ; 0 F/in                 ; short        ; open          ; open            ; open  ; 0 V                 ; -                  ; n/a           ; n/a             ; n/a         ;
; HEX2[6]       ; 2.5 V        ; 0 in              ; 0 H/in                  ; 0 F/in                  ; short         ; -                   ; open           ; open             ; open   ; 0 in             ; 0 H/in                 ; 0 F/in                 ; short        ; open          ; open            ; open  ; 0 V                 ; -                  ; n/a           ; n/a             ; n/a         ;
; HEX3[0]       ; 2.5 V        ; 0 in              ; 0 H/in                  ; 0 F/in                  ; short         ; -                   ; open           ; open             ; open   ; 0 in             ; 0 H/in                 ; 0 F/in                 ; short        ; open          ; open            ; open  ; 0 V                 ; -                  ; n/a           ; n/a             ; n/a         ;
; HEX3[1]       ; 2.5 V        ; 0 in              ; 0 H/in                  ; 0 F/in                  ; short         ; -                   ; open           ; open             ; open   ; 0 in             ; 0 H/in                 ; 0 F/in                 ; short        ; open          ; open            ; open  ; 0 V                 ; -                  ; n/a           ; n/a             ; n/a         ;
; HEX3[2]       ; 2.5 V        ; 0 in              ; 0 H/in                  ; 0 F/in                  ; short         ; -                   ; open           ; open             ; open   ; 0 in             ; 0 H/in                 ; 0 F/in                 ; short        ; open          ; open            ; open  ; 0 V                 ; -                  ; n/a           ; n/a             ; n/a         ;
; HEX3[3]       ; 2.5 V        ; 0 in              ; 0 H/in                  ; 0 F/in                  ; short         ; -                   ; open           ; open             ; open   ; 0 in             ; 0 H/in                 ; 0 F/in                 ; short        ; open          ; open            ; open  ; 0 V                 ; -                  ; n/a           ; n/a             ; n/a         ;
; HEX3[4]       ; 2.5 V        ; 0 in              ; 0 H/in                  ; 0 F/in                  ; short         ; -                   ; open           ; open             ; open   ; 0 in             ; 0 H/in                 ; 0 F/in                 ; short        ; open          ; open            ; open  ; 0 V                 ; -                  ; n/a           ; n/a             ; n/a         ;
; HEX3[5]       ; 2.5 V        ; 0 in              ; 0 H/in                  ; 0 F/in                  ; short         ; -                   ; open           ; open             ; open   ; 0 in             ; 0 H/in                 ; 0 F/in                 ; short        ; open          ; open            ; open  ; 0 V                 ; -                  ; n/a           ; n/a             ; n/a         ;
; HEX3[6]       ; 2.5 V        ; 0 in              ; 0 H/in                  ; 0 F/in                  ; short         ; -                   ; open           ; open             ; open   ; 0 in             ; 0 H/in                 ; 0 F/in                 ; short        ; open          ; open            ; open  ; 0 V                 ; -                  ; n/a           ; n/a             ; n/a         ;
; HEX4[0]       ; 2.5 V        ; 0 in              ; 0 H/in                  ; 0 F/in                  ; short         ; -                   ; open           ; open             ; open   ; 0 in             ; 0 H/in                 ; 0 F/in                 ; short        ; open          ; open            ; open  ; 0 V                 ; -                  ; n/a           ; n/a             ; n/a         ;
; HEX4[1]       ; 2.5 V        ; 0 in              ; 0 H/in                  ; 0 F/in                  ; short         ; -                   ; open           ; open             ; open   ; 0 in             ; 0 H/in                 ; 0 F/in                 ; short        ; open          ; open            ; open  ; 0 V                 ; -                  ; n/a           ; n/a             ; n/a         ;
; HEX4[2]       ; 2.5 V        ; 0 in              ; 0 H/in                  ; 0 F/in                  ; short         ; -                   ; open           ; open             ; open   ; 0 in             ; 0 H/in                 ; 0 F/in                 ; short        ; open          ; open            ; open  ; 0 V                 ; -                  ; n/a           ; n/a             ; n/a         ;
; HEX4[3]       ; 2.5 V        ; 0 in              ; 0 H/in                  ; 0 F/in                  ; short         ; -                   ; open           ; open             ; open   ; 0 in             ; 0 H/in                 ; 0 F/in                 ; short        ; open          ; open            ; open  ; 0 V                 ; -                  ; n/a           ; n/a             ; n/a         ;
; HEX4[4]       ; 2.5 V        ; 0 in              ; 0 H/in                  ; 0 F/in                  ; short         ; -                   ; open           ; open             ; open   ; 0 in             ; 0 H/in                 ; 0 F/in                 ; short        ; open          ; open            ; open  ; 0 V                 ; -                  ; n/a           ; n/a             ; n/a         ;
; HEX4[5]       ; 2.5 V        ; 0 in              ; 0 H/in                  ; 0 F/in                  ; short         ; -                   ; open           ; open             ; open   ; 0 in             ; 0 H/in                 ; 0 F/in                 ; short        ; open          ; open            ; open  ; 0 V                 ; -                  ; n/a           ; n/a             ; n/a         ;
; HEX4[6]       ; 2.5 V        ; 0 in              ; 0 H/in                  ; 0 F/in                  ; short         ; -                   ; open           ; open             ; open   ; 0 in             ; 0 H/in                 ; 0 F/in                 ; short        ; open          ; open            ; open  ; 0 V                 ; -                  ; n/a           ; n/a             ; n/a         ;
; HEX5[0]       ; 2.5 V        ; 0 in              ; 0 H/in                  ; 0 F/in                  ; short         ; -                   ; open           ; open             ; open   ; 0 in             ; 0 H/in                 ; 0 F/in                 ; short        ; open          ; open            ; open  ; 0 V                 ; -                  ; n/a           ; n/a             ; n/a         ;
; HEX5[1]       ; 2.5 V        ; 0 in              ; 0 H/in                  ; 0 F/in                  ; short         ; -                   ; open           ; open             ; open   ; 0 in             ; 0 H/in                 ; 0 F/in                 ; short        ; open          ; open            ; open  ; 0 V                 ; -                  ; n/a           ; n/a             ; n/a         ;
; HEX5[2]       ; 2.5 V        ; 0 in              ; 0 H/in                  ; 0 F/in                  ; short         ; -                   ; open           ; open             ; open   ; 0 in             ; 0 H/in                 ; 0 F/in                 ; short        ; open          ; open            ; open  ; 0 V                 ; -                  ; n/a           ; n/a             ; n/a         ;
; HEX5[3]       ; 2.5 V        ; 0 in              ; 0 H/in                  ; 0 F/in                  ; short         ; -                   ; open           ; open             ; open   ; 0 in             ; 0 H/in                 ; 0 F/in                 ; short        ; open          ; open            ; open  ; 0 V                 ; -                  ; n/a           ; n/a             ; n/a         ;
; HEX5[4]       ; 2.5 V        ; 0 in              ; 0 H/in                  ; 0 F/in                  ; short         ; -                   ; open           ; open             ; open   ; 0 in             ; 0 H/in                 ; 0 F/in                 ; short        ; open          ; open            ; open  ; 0 V                 ; -                  ; n/a           ; n/a             ; n/a         ;
; HEX5[5]       ; 2.5 V        ; 0 in              ; 0 H/in                  ; 0 F/in                  ; short         ; -                   ; open           ; open             ; open   ; 0 in             ; 0 H/in                 ; 0 F/in                 ; short        ; open          ; open            ; open  ; 0 V                 ; -                  ; n/a           ; n/a             ; n/a         ;
; HEX5[6]       ; 2.5 V        ; 0 in              ; 0 H/in                  ; 0 F/in                  ; short         ; -                   ; open           ; open             ; open   ; 0 in             ; 0 H/in                 ; 0 F/in                 ; short        ; open          ; open            ; open  ; 0 V                 ; -                  ; n/a           ; n/a             ; n/a         ;
; ~ALTERA_DCLK~ ; 2.5 V        ; 0 in              ; 0 H/in                  ; 0 F/in                  ; short         ; -                   ; open           ; open             ; open   ; 0 in             ; 0 H/in                 ; 0 F/in                 ; short        ; open          ; open            ; open  ; 0 V                 ; -                  ; n/a           ; n/a             ; n/a         ;
; ~ALTERA_nCEO~ ; 2.5 V        ; 0 in              ; 0 H/in                  ; 0 F/in                  ; short         ; -                   ; open           ; open             ; open   ; 0 in             ; 0 H/in                 ; 0 F/in                 ; short        ; open          ; open            ; open  ; 0 V                 ; -                  ; n/a           ; n/a             ; n/a         ;
+---------------+--------------+-------------------+-------------------------+-------------------------+---------------+---------------------+----------------+------------------+--------+------------------+------------------------+------------------------+--------------+---------------+-----------------+-------+---------------------+--------------------+---------------+-----------------+-------------+


+----------------------------------------------------------------------------+
; Input Transition Times                                                     ;
+-------------------------+--------------+-----------------+-----------------+
; Pin                     ; I/O Standard ; 10-90 Rise Time ; 90-10 Fall Time ;
+-------------------------+--------------+-----------------+-----------------+
; SW[14]                  ; 2.5 V        ; 2000 ps         ; 2000 ps         ;
; SW[15]                  ; 2.5 V        ; 2000 ps         ; 2000 ps         ;
; SW[0]                   ; 2.5 V        ; 2000 ps         ; 2000 ps         ;
; SW[8]                   ; 2.5 V        ; 2000 ps         ; 2000 ps         ;
; SW[9]                   ; 2.5 V        ; 2000 ps         ; 2000 ps         ;
; SW[10]                  ; 2.5 V        ; 2000 ps         ; 2000 ps         ;
; SW[11]                  ; 2.5 V        ; 2000 ps         ; 2000 ps         ;
; SW[1]                   ; 2.5 V        ; 2000 ps         ; 2000 ps         ;
; SW[2]                   ; 2.5 V        ; 2000 ps         ; 2000 ps         ;
; SW[3]                   ; 2.5 V        ; 2000 ps         ; 2000 ps         ;
; SW[4]                   ; 2.5 V        ; 2000 ps         ; 2000 ps         ;
; SW[5]                   ; 2.5 V        ; 2000 ps         ; 2000 ps         ;
; SW[6]                   ; 2.5 V        ; 2000 ps         ; 2000 ps         ;
; SW[7]                   ; 2.5 V        ; 2000 ps         ; 2000 ps         ;
; SW[12]                  ; 2.5 V        ; 2000 ps         ; 2000 ps         ;
; SW[13]                  ; 2.5 V        ; 2000 ps         ; 2000 ps         ;
; KEY[0]                  ; 2.5 V        ; 2000 ps         ; 2000 ps         ;
; ~ALTERA_ASDO_DATA1~     ; 2.5 V        ; 2000 ps         ; 2000 ps         ;
; ~ALTERA_FLASH_nCE_nCSO~ ; 2.5 V        ; 2000 ps         ; 2000 ps         ;
; ~ALTERA_DATA0~          ; 2.5 V        ; 2000 ps         ; 2000 ps         ;
+-------------------------+--------------+-----------------+-----------------+


+--------------------------------------------------------------------------------------------------------------------------------------------------------------------------------------------------------------------------------------------------------------------------------------------------------------------------------------------------------------------------------------------------------------------------------------------------------------------------------------------------------------------------------------------------------------------------------------------------------------------------------------------------------------------------------------------+
; Signal Integrity Metrics (Slow 1200mv 0c Model)                                                                                                                                                                                                                                                                                                                                                                                                                                                                                                                                                                                                                                            ;
+---------------+--------------+---------------------+---------------------+------------------------------+------------------------------+---------------------+---------------------+--------------------------------------+--------------------------------------+-----------------------------+-----------------------------+----------------------------+----------------------------+-----------------------------+-----------------------------+--------------------+--------------------+-------------------------------------+-------------------------------------+----------------------------+----------------------------+---------------------------+---------------------------+
; Pin           ; I/O Standard ; Board Delay on Rise ; Board Delay on Fall ; Steady State Voh at FPGA Pin ; Steady State Vol at FPGA Pin ; Voh Max at FPGA Pin ; Vol Min at FPGA Pin ; Ringback Voltage on Rise at FPGA Pin ; Ringback Voltage on Fall at FPGA Pin ; 10-90 Rise Time at FPGA Pin ; 90-10 Fall Time at FPGA Pin ; Monotonic Rise at FPGA Pin ; Monotonic Fall at FPGA Pin ; Steady State Voh at Far-end ; Steady State Vol at Far-end ; Voh Max at Far-end ; Vol Min at Far-end ; Ringback Voltage on Rise at Far-end ; Ringback Voltage on Fall at Far-end ; 10-90 Rise Time at Far-end ; 90-10 Fall Time at Far-end ; Monotonic Rise at Far-end ; Monotonic Fall at Far-end ;
+---------------+--------------+---------------------+---------------------+------------------------------+------------------------------+---------------------+---------------------+--------------------------------------+--------------------------------------+-----------------------------+-----------------------------+----------------------------+----------------------------+-----------------------------+-----------------------------+--------------------+--------------------+-------------------------------------+-------------------------------------+----------------------------+----------------------------+---------------------------+---------------------------+
; HEX0[0]       ; 2.5 V        ; 0 s                 ; 0 s                 ; 2.32 V                       ; 4.49e-09 V                   ; 2.38 V              ; -0.00552 V          ; 0.096 V                              ; 0.019 V                              ; 4.18e-10 s                  ; 3.59e-10 s                  ; No                         ; Yes                        ; 2.32 V                      ; 4.49e-09 V                  ; 2.38 V             ; -0.00552 V         ; 0.096 V                             ; 0.019 V                             ; 4.18e-10 s                 ; 3.59e-10 s                 ; No                        ; Yes                       ;
; HEX0[1]       ; 2.5 V        ; 0 s                 ; 0 s                 ; 2.32 V                       ; 4.49e-09 V                   ; 2.33 V              ; -0.00467 V          ; 0.226 V                              ; 0.087 V                              ; 2.91e-09 s                  ; 2.74e-09 s                  ; Yes                        ; Yes                        ; 2.32 V                      ; 4.49e-09 V                  ; 2.33 V             ; -0.00467 V         ; 0.226 V                             ; 0.087 V                             ; 2.91e-09 s                 ; 2.74e-09 s                 ; Yes                       ; Yes                       ;
; HEX0[2]       ; 2.5 V        ; 0 s                 ; 0 s                 ; 2.32 V                       ; 4.49e-09 V                   ; 2.38 V              ; -0.00552 V          ; 0.096 V                              ; 0.019 V                              ; 4.18e-10 s                  ; 3.59e-10 s                  ; No                         ; Yes                        ; 2.32 V                      ; 4.49e-09 V                  ; 2.38 V             ; -0.00552 V         ; 0.096 V                             ; 0.019 V                             ; 4.18e-10 s                 ; 3.59e-10 s                 ; No                        ; Yes                       ;
; HEX0[3]       ; 2.5 V        ; 0 s                 ; 0 s                 ; 2.32 V                       ; 3.07e-09 V                   ; 2.38 V              ; -0.0144 V           ; 0.227 V                              ; 0.024 V                              ; 3.14e-10 s                  ; 3.39e-10 s                  ; Yes                        ; Yes                        ; 2.32 V                      ; 3.07e-09 V                  ; 2.38 V             ; -0.0144 V          ; 0.227 V                             ; 0.024 V                             ; 3.14e-10 s                 ; 3.39e-10 s                 ; Yes                       ; Yes                       ;
; HEX0[4]       ; 2.5 V        ; 0 s                 ; 0 s                 ; 2.32 V                       ; 3.07e-09 V                   ; 2.38 V              ; -0.0144 V           ; 0.227 V                              ; 0.024 V                              ; 3.14e-10 s                  ; 3.39e-10 s                  ; Yes                        ; Yes                        ; 2.32 V                      ; 3.07e-09 V                  ; 2.38 V             ; -0.0144 V          ; 0.227 V                             ; 0.024 V                             ; 3.14e-10 s                 ; 3.39e-10 s                 ; Yes                       ; Yes                       ;
; HEX0[5]       ; 2.5 V        ; 0 s                 ; 0 s                 ; 2.32 V                       ; 3.07e-09 V                   ; 2.33 V              ; -0.00496 V          ; 0.223 V                              ; 0.086 V                              ; 2.9e-09 s                   ; 2.73e-09 s                  ; Yes                        ; Yes                        ; 2.32 V                      ; 3.07e-09 V                  ; 2.33 V             ; -0.00496 V         ; 0.223 V                             ; 0.086 V                             ; 2.9e-09 s                  ; 2.73e-09 s                 ; Yes                       ; Yes                       ;
; HEX0[6]       ; 2.5 V        ; 0 s                 ; 0 s                 ; 2.32 V                       ; 3.07e-09 V                   ; 2.38 V              ; -0.0144 V           ; 0.227 V                              ; 0.024 V                              ; 3.14e-10 s                  ; 3.39e-10 s                  ; Yes                        ; Yes                        ; 2.32 V                      ; 3.07e-09 V                  ; 2.38 V             ; -0.0144 V          ; 0.227 V                             ; 0.024 V                             ; 3.14e-10 s                 ; 3.39e-10 s                 ; Yes                       ; Yes                       ;
; HEX1[0]       ; 2.5 V        ; 0 s                 ; 0 s                 ; 2.32 V                       ; 3.07e-09 V                   ; 2.38 V              ; -0.0144 V           ; 0.227 V                              ; 0.024 V                              ; 3.14e-10 s                  ; 3.39e-10 s                  ; Yes                        ; Yes                        ; 2.32 V                      ; 3.07e-09 V                  ; 2.38 V             ; -0.0144 V          ; 0.227 V                             ; 0.024 V                             ; 3.14e-10 s                 ; 3.39e-10 s                 ; Yes                       ; Yes                       ;
; HEX1[1]       ; 2.5 V        ; 0 s                 ; 0 s                 ; 2.32 V                       ; 3.07e-09 V                   ; 2.37 V              ; -0.00994 V          ; 0.186 V                              ; 0.028 V                              ; 4.98e-10 s                  ; 4.96e-10 s                  ; Yes                        ; Yes                        ; 2.32 V                      ; 3.07e-09 V                  ; 2.37 V             ; -0.00994 V         ; 0.186 V                             ; 0.028 V                             ; 4.98e-10 s                 ; 4.96e-10 s                 ; Yes                       ; Yes                       ;
; HEX1[2]       ; 2.5 V        ; 0 s                 ; 0 s                 ; 2.32 V                       ; 3.07e-09 V                   ; 2.37 V              ; -0.00994 V          ; 0.186 V                              ; 0.028 V                              ; 4.98e-10 s                  ; 4.96e-10 s                  ; Yes                        ; Yes                        ; 2.32 V                      ; 3.07e-09 V                  ; 2.37 V             ; -0.00994 V         ; 0.186 V                             ; 0.028 V                             ; 4.98e-10 s                 ; 4.96e-10 s                 ; Yes                       ; Yes                       ;
; HEX1[3]       ; 2.5 V        ; 0 s                 ; 0 s                 ; 2.32 V                       ; 3.07e-09 V                   ; 2.37 V              ; -0.00994 V          ; 0.186 V                              ; 0.028 V                              ; 4.98e-10 s                  ; 4.96e-10 s                  ; Yes                        ; Yes                        ; 2.32 V                      ; 3.07e-09 V                  ; 2.37 V             ; -0.00994 V         ; 0.186 V                             ; 0.028 V                             ; 4.98e-10 s                 ; 4.96e-10 s                 ; Yes                       ; Yes                       ;
; HEX1[4]       ; 2.5 V        ; 0 s                 ; 0 s                 ; 2.32 V                       ; 3.07e-09 V                   ; 2.37 V              ; -0.00994 V          ; 0.186 V                              ; 0.028 V                              ; 4.98e-10 s                  ; 4.96e-10 s                  ; Yes                        ; Yes                        ; 2.32 V                      ; 3.07e-09 V                  ; 2.37 V             ; -0.00994 V         ; 0.186 V                             ; 0.028 V                             ; 4.98e-10 s                 ; 4.96e-10 s                 ; Yes                       ; Yes                       ;
; HEX1[5]       ; 2.5 V        ; 0 s                 ; 0 s                 ; 2.32 V                       ; 3.07e-09 V                   ; 2.33 V              ; -0.00496 V          ; 0.223 V                              ; 0.086 V                              ; 2.9e-09 s                   ; 2.73e-09 s                  ; Yes                        ; Yes                        ; 2.32 V                      ; 3.07e-09 V                  ; 2.33 V             ; -0.00496 V         ; 0.223 V                             ; 0.086 V                             ; 2.9e-09 s                  ; 2.73e-09 s                 ; Yes                       ; Yes                       ;
; HEX1[6]       ; 2.5 V        ; 0 s                 ; 0 s                 ; 2.32 V                       ; 3.07e-09 V                   ; 2.33 V              ; -0.00496 V          ; 0.223 V                              ; 0.086 V                              ; 2.9e-09 s                   ; 2.73e-09 s                  ; Yes                        ; Yes                        ; 2.32 V                      ; 3.07e-09 V                  ; 2.33 V             ; -0.00496 V         ; 0.223 V                             ; 0.086 V                             ; 2.9e-09 s                  ; 2.73e-09 s                 ; Yes                       ; Yes                       ;
; HEX2[0]       ; 2.5 V        ; 0 s                 ; 0 s                 ; 2.32 V                       ; 3.07e-09 V                   ; 2.37 V              ; -0.00994 V          ; 0.186 V                              ; 0.028 V                              ; 4.98e-10 s                  ; 4.96e-10 s                  ; Yes                        ; Yes                        ; 2.32 V                      ; 3.07e-09 V                  ; 2.37 V             ; -0.00994 V         ; 0.186 V                             ; 0.028 V                             ; 4.98e-10 s                 ; 4.96e-10 s                 ; Yes                       ; Yes                       ;
; HEX2[1]       ; 2.5 V        ; 0 s                 ; 0 s                 ; 2.32 V                       ; 3.07e-09 V                   ; 2.37 V              ; -0.00994 V          ; 0.186 V                              ; 0.028 V                              ; 4.98e-10 s                  ; 4.96e-10 s                  ; Yes                        ; Yes                        ; 2.32 V                      ; 3.07e-09 V                  ; 2.37 V             ; -0.00994 V         ; 0.186 V                             ; 0.028 V                             ; 4.98e-10 s                 ; 4.96e-10 s                 ; Yes                       ; Yes                       ;
; HEX2[2]       ; 2.5 V        ; 0 s                 ; 0 s                 ; 2.32 V                       ; 3.07e-09 V                   ; 2.37 V              ; -0.00994 V          ; 0.186 V                              ; 0.028 V                              ; 4.98e-10 s                  ; 4.96e-10 s                  ; Yes                        ; Yes                        ; 2.32 V                      ; 3.07e-09 V                  ; 2.37 V             ; -0.00994 V         ; 0.186 V                             ; 0.028 V                             ; 4.98e-10 s                 ; 4.96e-10 s                 ; Yes                       ; Yes                       ;
; HEX2[3]       ; 2.5 V        ; 0 s                 ; 0 s                 ; 2.32 V                       ; 3.07e-09 V                   ; 2.37 V              ; -0.00994 V          ; 0.186 V                              ; 0.028 V                              ; 4.98e-10 s                  ; 4.96e-10 s                  ; Yes                        ; Yes                        ; 2.32 V                      ; 3.07e-09 V                  ; 2.37 V             ; -0.00994 V         ; 0.186 V                             ; 0.028 V                             ; 4.98e-10 s                 ; 4.96e-10 s                 ; Yes                       ; Yes                       ;
; HEX2[4]       ; 2.5 V        ; 0 s                 ; 0 s                 ; 2.32 V                       ; 3.07e-09 V                   ; 2.37 V              ; -0.00994 V          ; 0.186 V                              ; 0.028 V                              ; 4.98e-10 s                  ; 4.96e-10 s                  ; Yes                        ; Yes                        ; 2.32 V                      ; 3.07e-09 V                  ; 2.37 V             ; -0.00994 V         ; 0.186 V                             ; 0.028 V                             ; 4.98e-10 s                 ; 4.96e-10 s                 ; Yes                       ; Yes                       ;
; HEX2[5]       ; 2.5 V        ; 0 s                 ; 0 s                 ; 2.32 V                       ; 3.07e-09 V                   ; 2.37 V              ; -0.00994 V          ; 0.186 V                              ; 0.028 V                              ; 4.98e-10 s                  ; 4.96e-10 s                  ; Yes                        ; Yes                        ; 2.32 V                      ; 3.07e-09 V                  ; 2.37 V             ; -0.00994 V         ; 0.186 V                             ; 0.028 V                             ; 4.98e-10 s                 ; 4.96e-10 s                 ; Yes                       ; Yes                       ;
; HEX2[6]       ; 2.5 V        ; 0 s                 ; 0 s                 ; 2.32 V                       ; 3.07e-09 V                   ; 2.37 V              ; -0.00994 V          ; 0.186 V                              ; 0.028 V                              ; 4.98e-10 s                  ; 4.96e-10 s                  ; Yes                        ; Yes                        ; 2.32 V                      ; 3.07e-09 V                  ; 2.37 V             ; -0.00994 V         ; 0.186 V                             ; 0.028 V                             ; 4.98e-10 s                 ; 4.96e-10 s                 ; Yes                       ; Yes                       ;
; HEX3[0]       ; 2.5 V        ; 0 s                 ; 0 s                 ; 2.32 V                       ; 3.07e-09 V                   ; 2.37 V              ; -0.00994 V          ; 0.186 V                              ; 0.028 V                              ; 4.98e-10 s                  ; 4.96e-10 s                  ; Yes                        ; Yes                        ; 2.32 V                      ; 3.07e-09 V                  ; 2.37 V             ; -0.00994 V         ; 0.186 V                             ; 0.028 V                             ; 4.98e-10 s                 ; 4.96e-10 s                 ; Yes                       ; Yes                       ;
; HEX3[1]       ; 2.5 V        ; 0 s                 ; 0 s                 ; 2.32 V                       ; 3.07e-09 V                   ; 2.38 V              ; -0.0144 V           ; 0.227 V                              ; 0.024 V                              ; 3.14e-10 s                  ; 3.39e-10 s                  ; Yes                        ; Yes                        ; 2.32 V                      ; 3.07e-09 V                  ; 2.38 V             ; -0.0144 V          ; 0.227 V                             ; 0.024 V                             ; 3.14e-10 s                 ; 3.39e-10 s                 ; Yes                       ; Yes                       ;
; HEX3[2]       ; 2.5 V        ; 0 s                 ; 0 s                 ; 2.32 V                       ; 4.49e-09 V                   ; 2.33 V              ; -0.00467 V          ; 0.226 V                              ; 0.087 V                              ; 2.91e-09 s                  ; 2.74e-09 s                  ; Yes                        ; Yes                        ; 2.32 V                      ; 4.49e-09 V                  ; 2.33 V             ; -0.00467 V         ; 0.226 V                             ; 0.087 V                             ; 2.91e-09 s                 ; 2.74e-09 s                 ; Yes                       ; Yes                       ;
; HEX3[3]       ; 2.5 V        ; 0 s                 ; 0 s                 ; 2.32 V                       ; 4.49e-09 V                   ; 2.38 V              ; -0.00552 V          ; 0.096 V                              ; 0.019 V                              ; 4.18e-10 s                  ; 3.59e-10 s                  ; No                         ; Yes                        ; 2.32 V                      ; 4.49e-09 V                  ; 2.38 V             ; -0.00552 V         ; 0.096 V                             ; 0.019 V                             ; 4.18e-10 s                 ; 3.59e-10 s                 ; No                        ; Yes                       ;
; HEX3[4]       ; 2.5 V        ; 0 s                 ; 0 s                 ; 2.32 V                       ; 4.49e-09 V                   ; 2.38 V              ; -0.00552 V          ; 0.096 V                              ; 0.019 V                              ; 4.18e-10 s                  ; 3.59e-10 s                  ; No                         ; Yes                        ; 2.32 V                      ; 4.49e-09 V                  ; 2.38 V             ; -0.00552 V         ; 0.096 V                             ; 0.019 V                             ; 4.18e-10 s                 ; 3.59e-10 s                 ; No                        ; Yes                       ;
; HEX3[5]       ; 2.5 V        ; 0 s                 ; 0 s                 ; 2.32 V                       ; 4.49e-09 V                   ; 2.38 V              ; -0.00552 V          ; 0.096 V                              ; 0.019 V                              ; 4.18e-10 s                  ; 3.59e-10 s                  ; No                         ; Yes                        ; 2.32 V                      ; 4.49e-09 V                  ; 2.38 V             ; -0.00552 V         ; 0.096 V                             ; 0.019 V                             ; 4.18e-10 s                 ; 3.59e-10 s                 ; No                        ; Yes                       ;
; HEX3[6]       ; 2.5 V        ; 0 s                 ; 0 s                 ; 2.32 V                       ; 4.49e-09 V                   ; 2.38 V              ; -0.00552 V          ; 0.096 V                              ; 0.019 V                              ; 4.18e-10 s                  ; 3.59e-10 s                  ; No                         ; Yes                        ; 2.32 V                      ; 4.49e-09 V                  ; 2.38 V             ; -0.00552 V         ; 0.096 V                             ; 0.019 V                             ; 4.18e-10 s                 ; 3.59e-10 s                 ; No                        ; Yes                       ;
; HEX4[0]       ; 2.5 V        ; 0 s                 ; 0 s                 ; 2.32 V                       ; 4.49e-09 V                   ; 2.38 V              ; -0.00552 V          ; 0.096 V                              ; 0.019 V                              ; 4.18e-10 s                  ; 3.59e-10 s                  ; No                         ; Yes                        ; 2.32 V                      ; 4.49e-09 V                  ; 2.38 V             ; -0.00552 V         ; 0.096 V                             ; 0.019 V                             ; 4.18e-10 s                 ; 3.59e-10 s                 ; No                        ; Yes                       ;
; HEX4[1]       ; 2.5 V        ; 0 s                 ; 0 s                 ; 2.32 V                       ; 4.49e-09 V                   ; 2.38 V              ; -0.00552 V          ; 0.096 V                              ; 0.019 V                              ; 4.18e-10 s                  ; 3.59e-10 s                  ; No                         ; Yes                        ; 2.32 V                      ; 4.49e-09 V                  ; 2.38 V             ; -0.00552 V         ; 0.096 V                             ; 0.019 V                             ; 4.18e-10 s                 ; 3.59e-10 s                 ; No                        ; Yes                       ;
; HEX4[2]       ; 2.5 V        ; 0 s                 ; 0 s                 ; 2.32 V                       ; 4.49e-09 V                   ; 2.38 V              ; -0.00552 V          ; 0.096 V                              ; 0.019 V                              ; 4.18e-10 s                  ; 3.59e-10 s                  ; No                         ; Yes                        ; 2.32 V                      ; 4.49e-09 V                  ; 2.38 V             ; -0.00552 V         ; 0.096 V                             ; 0.019 V                             ; 4.18e-10 s                 ; 3.59e-10 s                 ; No                        ; Yes                       ;
; HEX4[3]       ; 2.5 V        ; 0 s                 ; 0 s                 ; 2.32 V                       ; 4.49e-09 V                   ; 2.38 V              ; -0.00552 V          ; 0.096 V                              ; 0.019 V                              ; 4.18e-10 s                  ; 3.59e-10 s                  ; No                         ; Yes                        ; 2.32 V                      ; 4.49e-09 V                  ; 2.38 V             ; -0.00552 V         ; 0.096 V                             ; 0.019 V                             ; 4.18e-10 s                 ; 3.59e-10 s                 ; No                        ; Yes                       ;
; HEX4[4]       ; 2.5 V        ; 0 s                 ; 0 s                 ; 2.32 V                       ; 4.49e-09 V                   ; 2.38 V              ; -0.00552 V          ; 0.096 V                              ; 0.019 V                              ; 4.18e-10 s                  ; 3.59e-10 s                  ; No                         ; Yes                        ; 2.32 V                      ; 4.49e-09 V                  ; 2.38 V             ; -0.00552 V         ; 0.096 V                             ; 0.019 V                             ; 4.18e-10 s                 ; 3.59e-10 s                 ; No                        ; Yes                       ;
; HEX4[5]       ; 2.5 V        ; 0 s                 ; 0 s                 ; 2.32 V                       ; 4.49e-09 V                   ; 2.38 V              ; -0.00552 V          ; 0.096 V                              ; 0.019 V                              ; 4.18e-10 s                  ; 3.59e-10 s                  ; No                         ; Yes                        ; 2.32 V                      ; 4.49e-09 V                  ; 2.38 V             ; -0.00552 V         ; 0.096 V                             ; 0.019 V                             ; 4.18e-10 s                 ; 3.59e-10 s                 ; No                        ; Yes                       ;
; HEX4[6]       ; 2.5 V        ; 0 s                 ; 0 s                 ; 2.32 V                       ; 4.49e-09 V                   ; 2.38 V              ; -0.00552 V          ; 0.096 V                              ; 0.019 V                              ; 4.18e-10 s                  ; 3.59e-10 s                  ; No                         ; Yes                        ; 2.32 V                      ; 4.49e-09 V                  ; 2.38 V             ; -0.00552 V         ; 0.096 V                             ; 0.019 V                             ; 4.18e-10 s                 ; 3.59e-10 s                 ; No                        ; Yes                       ;
; HEX5[0]       ; 2.5 V        ; 0 s                 ; 0 s                 ; 2.32 V                       ; 4.49e-09 V                   ; 2.38 V              ; -0.00552 V          ; 0.096 V                              ; 0.019 V                              ; 4.18e-10 s                  ; 3.59e-10 s                  ; No                         ; Yes                        ; 2.32 V                      ; 4.49e-09 V                  ; 2.38 V             ; -0.00552 V         ; 0.096 V                             ; 0.019 V                             ; 4.18e-10 s                 ; 3.59e-10 s                 ; No                        ; Yes                       ;
; HEX5[1]       ; 2.5 V        ; 0 s                 ; 0 s                 ; 2.32 V                       ; 4.49e-09 V                   ; 2.33 V              ; -0.00467 V          ; 0.226 V                              ; 0.087 V                              ; 2.91e-09 s                  ; 2.74e-09 s                  ; Yes                        ; Yes                        ; 2.32 V                      ; 4.49e-09 V                  ; 2.33 V             ; -0.00467 V         ; 0.226 V                             ; 0.087 V                             ; 2.91e-09 s                 ; 2.74e-09 s                 ; Yes                       ; Yes                       ;
; HEX5[2]       ; 2.5 V        ; 0 s                 ; 0 s                 ; 2.32 V                       ; 4.49e-09 V                   ; 2.38 V              ; -0.00552 V          ; 0.096 V                              ; 0.019 V                              ; 4.18e-10 s                  ; 3.59e-10 s                  ; No                         ; Yes                        ; 2.32 V                      ; 4.49e-09 V                  ; 2.38 V             ; -0.00552 V         ; 0.096 V                             ; 0.019 V                             ; 4.18e-10 s                 ; 3.59e-10 s                 ; No                        ; Yes                       ;
; HEX5[3]       ; 2.5 V        ; 0 s                 ; 0 s                 ; 2.32 V                       ; 4.49e-09 V                   ; 2.38 V              ; -0.00552 V          ; 0.096 V                              ; 0.019 V                              ; 4.18e-10 s                  ; 3.59e-10 s                  ; No                         ; Yes                        ; 2.32 V                      ; 4.49e-09 V                  ; 2.38 V             ; -0.00552 V         ; 0.096 V                             ; 0.019 V                             ; 4.18e-10 s                 ; 3.59e-10 s                 ; No                        ; Yes                       ;
; HEX5[4]       ; 2.5 V        ; 0 s                 ; 0 s                 ; 2.32 V                       ; 4.49e-09 V                   ; 2.38 V              ; -0.00552 V          ; 0.096 V                              ; 0.019 V                              ; 4.18e-10 s                  ; 3.59e-10 s                  ; No                         ; Yes                        ; 2.32 V                      ; 4.49e-09 V                  ; 2.38 V             ; -0.00552 V         ; 0.096 V                             ; 0.019 V                             ; 4.18e-10 s                 ; 3.59e-10 s                 ; No                        ; Yes                       ;
; HEX5[5]       ; 2.5 V        ; 0 s                 ; 0 s                 ; 2.32 V                       ; 4.49e-09 V                   ; 2.38 V              ; -0.00552 V          ; 0.096 V                              ; 0.019 V                              ; 4.18e-10 s                  ; 3.59e-10 s                  ; No                         ; Yes                        ; 2.32 V                      ; 4.49e-09 V                  ; 2.38 V             ; -0.00552 V         ; 0.096 V                             ; 0.019 V                             ; 4.18e-10 s                 ; 3.59e-10 s                 ; No                        ; Yes                       ;
; HEX5[6]       ; 2.5 V        ; 0 s                 ; 0 s                 ; 2.32 V                       ; 4.49e-09 V                   ; 2.38 V              ; -0.00552 V          ; 0.096 V                              ; 0.019 V                              ; 4.18e-10 s                  ; 3.59e-10 s                  ; No                         ; Yes                        ; 2.32 V                      ; 4.49e-09 V                  ; 2.38 V             ; -0.00552 V         ; 0.096 V                             ; 0.019 V                             ; 4.18e-10 s                 ; 3.59e-10 s                 ; No                        ; Yes                       ;
; ~ALTERA_DCLK~ ; 2.5 V        ; 0 s                 ; 0 s                 ; 2.32 V                       ; 2.67e-09 V                   ; 2.38 V              ; -0.0485 V           ; 0.167 V                              ; 0.096 V                              ; 2.95e-10 s                  ; 2.73e-10 s                  ; Yes                        ; Yes                        ; 2.32 V                      ; 2.67e-09 V                  ; 2.38 V             ; -0.0485 V          ; 0.167 V                             ; 0.096 V                             ; 2.95e-10 s                 ; 2.73e-10 s                 ; Yes                       ; Yes                       ;
; ~ALTERA_nCEO~ ; 2.5 V        ; 0 s                 ; 0 s                 ; 2.32 V                       ; 4.18e-09 V                   ; 2.38 V              ; -0.00483 V          ; 0.152 V                              ; 0.012 V                              ; 4.81e-10 s                  ; 6.29e-10 s                  ; Yes                        ; Yes                        ; 2.32 V                      ; 4.18e-09 V                  ; 2.38 V             ; -0.00483 V         ; 0.152 V                             ; 0.012 V                             ; 4.81e-10 s                 ; 6.29e-10 s                 ; Yes                       ; Yes                       ;
+---------------+--------------+---------------------+---------------------+------------------------------+------------------------------+---------------------+---------------------+--------------------------------------+--------------------------------------+-----------------------------+-----------------------------+----------------------------+----------------------------+-----------------------------+-----------------------------+--------------------+--------------------+-------------------------------------+-------------------------------------+----------------------------+----------------------------+---------------------------+---------------------------+


+--------------------------------------------------------------------------------------------------------------------------------------------------------------------------------------------------------------------------------------------------------------------------------------------------------------------------------------------------------------------------------------------------------------------------------------------------------------------------------------------------------------------------------------------------------------------------------------------------------------------------------------------------------------------------------------------+
; Signal Integrity Metrics (Slow 1200mv 85c Model)                                                                                                                                                                                                                                                                                                                                                                                                                                                                                                                                                                                                                                           ;
+---------------+--------------+---------------------+---------------------+------------------------------+------------------------------+---------------------+---------------------+--------------------------------------+--------------------------------------+-----------------------------+-----------------------------+----------------------------+----------------------------+-----------------------------+-----------------------------+--------------------+--------------------+-------------------------------------+-------------------------------------+----------------------------+----------------------------+---------------------------+---------------------------+
; Pin           ; I/O Standard ; Board Delay on Rise ; Board Delay on Fall ; Steady State Voh at FPGA Pin ; Steady State Vol at FPGA Pin ; Voh Max at FPGA Pin ; Vol Min at FPGA Pin ; Ringback Voltage on Rise at FPGA Pin ; Ringback Voltage on Fall at FPGA Pin ; 10-90 Rise Time at FPGA Pin ; 90-10 Fall Time at FPGA Pin ; Monotonic Rise at FPGA Pin ; Monotonic Fall at FPGA Pin ; Steady State Voh at Far-end ; Steady State Vol at Far-end ; Voh Max at Far-end ; Vol Min at Far-end ; Ringback Voltage on Rise at Far-end ; Ringback Voltage on Fall at Far-end ; 10-90 Rise Time at Far-end ; 90-10 Fall Time at Far-end ; Monotonic Rise at Far-end ; Monotonic Fall at Far-end ;
+---------------+--------------+---------------------+---------------------+------------------------------+------------------------------+---------------------+---------------------+--------------------------------------+--------------------------------------+-----------------------------+-----------------------------+----------------------------+----------------------------+-----------------------------+-----------------------------+--------------------+--------------------+-------------------------------------+-------------------------------------+----------------------------+----------------------------+---------------------------+---------------------------+
; HEX0[0]       ; 2.5 V        ; 0 s                 ; 0 s                 ; 2.32 V                       ; 6.92e-07 V                   ; 2.35 V              ; -0.00996 V          ; 0.121 V                              ; 0.03 V                               ; 4.64e-10 s                  ; 4.47e-10 s                  ; Yes                        ; Yes                        ; 2.32 V                      ; 6.92e-07 V                  ; 2.35 V             ; -0.00996 V         ; 0.121 V                             ; 0.03 V                              ; 4.64e-10 s                 ; 4.47e-10 s                 ; Yes                       ; Yes                       ;
; HEX0[1]       ; 2.5 V        ; 0 s                 ; 0 s                 ; 2.32 V                       ; 6.92e-07 V                   ; 2.33 V              ; -0.00265 V          ; 0.133 V                              ; 0.056 V                              ; 3.55e-09 s                  ; 3.31e-09 s                  ; Yes                        ; Yes                        ; 2.32 V                      ; 6.92e-07 V                  ; 2.33 V             ; -0.00265 V         ; 0.133 V                             ; 0.056 V                             ; 3.55e-09 s                 ; 3.31e-09 s                 ; Yes                       ; Yes                       ;
; HEX0[2]       ; 2.5 V        ; 0 s                 ; 0 s                 ; 2.32 V                       ; 6.92e-07 V                   ; 2.35 V              ; -0.00996 V          ; 0.121 V                              ; 0.03 V                               ; 4.64e-10 s                  ; 4.47e-10 s                  ; Yes                        ; Yes                        ; 2.32 V                      ; 6.92e-07 V                  ; 2.35 V             ; -0.00996 V         ; 0.121 V                             ; 0.03 V                              ; 4.64e-10 s                 ; 4.47e-10 s                 ; Yes                       ; Yes                       ;
; HEX0[3]       ; 2.5 V        ; 0 s                 ; 0 s                 ; 2.32 V                       ; 4.67e-07 V                   ; 2.36 V              ; -0.00552 V          ; 0.11 V                               ; 0.007 V                              ; 4.54e-10 s                  ; 4.35e-10 s                  ; Yes                        ; Yes                        ; 2.32 V                      ; 4.67e-07 V                  ; 2.36 V             ; -0.00552 V         ; 0.11 V                              ; 0.007 V                             ; 4.54e-10 s                 ; 4.35e-10 s                 ; Yes                       ; Yes                       ;
; HEX0[4]       ; 2.5 V        ; 0 s                 ; 0 s                 ; 2.32 V                       ; 4.67e-07 V                   ; 2.36 V              ; -0.00552 V          ; 0.11 V                               ; 0.007 V                              ; 4.54e-10 s                  ; 4.35e-10 s                  ; Yes                        ; Yes                        ; 2.32 V                      ; 4.67e-07 V                  ; 2.36 V             ; -0.00552 V         ; 0.11 V                              ; 0.007 V                             ; 4.54e-10 s                 ; 4.35e-10 s                 ; Yes                       ; Yes                       ;
; HEX0[5]       ; 2.5 V        ; 0 s                 ; 0 s                 ; 2.32 V                       ; 4.67e-07 V                   ; 2.33 V              ; -0.00269 V          ; 0.13 V                               ; 0.055 V                              ; 3.54e-09 s                  ; 3.29e-09 s                  ; Yes                        ; Yes                        ; 2.32 V                      ; 4.67e-07 V                  ; 2.33 V             ; -0.00269 V         ; 0.13 V                              ; 0.055 V                             ; 3.54e-09 s                 ; 3.29e-09 s                 ; Yes                       ; Yes                       ;
; HEX0[6]       ; 2.5 V        ; 0 s                 ; 0 s                 ; 2.32 V                       ; 4.67e-07 V                   ; 2.36 V              ; -0.00552 V          ; 0.11 V                               ; 0.007 V                              ; 4.54e-10 s                  ; 4.35e-10 s                  ; Yes                        ; Yes                        ; 2.32 V                      ; 4.67e-07 V                  ; 2.36 V             ; -0.00552 V         ; 0.11 V                              ; 0.007 V                             ; 4.54e-10 s                 ; 4.35e-10 s                 ; Yes                       ; Yes                       ;
; HEX1[0]       ; 2.5 V        ; 0 s                 ; 0 s                 ; 2.32 V                       ; 4.67e-07 V                   ; 2.36 V              ; -0.00552 V          ; 0.11 V                               ; 0.007 V                              ; 4.54e-10 s                  ; 4.35e-10 s                  ; Yes                        ; Yes                        ; 2.32 V                      ; 4.67e-07 V                  ; 2.36 V             ; -0.00552 V         ; 0.11 V                              ; 0.007 V                             ; 4.54e-10 s                 ; 4.35e-10 s                 ; Yes                       ; Yes                       ;
; HEX1[1]       ; 2.5 V        ; 0 s                 ; 0 s                 ; 2.32 V                       ; 4.67e-07 V                   ; 2.35 V              ; -0.00942 V          ; 0.116 V                              ; 0.033 V                              ; 6.66e-10 s                  ; 6.27e-10 s                  ; Yes                        ; Yes                        ; 2.32 V                      ; 4.67e-07 V                  ; 2.35 V             ; -0.00942 V         ; 0.116 V                             ; 0.033 V                             ; 6.66e-10 s                 ; 6.27e-10 s                 ; Yes                       ; Yes                       ;
; HEX1[2]       ; 2.5 V        ; 0 s                 ; 0 s                 ; 2.32 V                       ; 4.67e-07 V                   ; 2.35 V              ; -0.00942 V          ; 0.116 V                              ; 0.033 V                              ; 6.66e-10 s                  ; 6.27e-10 s                  ; Yes                        ; Yes                        ; 2.32 V                      ; 4.67e-07 V                  ; 2.35 V             ; -0.00942 V         ; 0.116 V                             ; 0.033 V                             ; 6.66e-10 s                 ; 6.27e-10 s                 ; Yes                       ; Yes                       ;
; HEX1[3]       ; 2.5 V        ; 0 s                 ; 0 s                 ; 2.32 V                       ; 4.67e-07 V                   ; 2.35 V              ; -0.00942 V          ; 0.116 V                              ; 0.033 V                              ; 6.66e-10 s                  ; 6.27e-10 s                  ; Yes                        ; Yes                        ; 2.32 V                      ; 4.67e-07 V                  ; 2.35 V             ; -0.00942 V         ; 0.116 V                             ; 0.033 V                             ; 6.66e-10 s                 ; 6.27e-10 s                 ; Yes                       ; Yes                       ;
; HEX1[4]       ; 2.5 V        ; 0 s                 ; 0 s                 ; 2.32 V                       ; 4.67e-07 V                   ; 2.35 V              ; -0.00942 V          ; 0.116 V                              ; 0.033 V                              ; 6.66e-10 s                  ; 6.27e-10 s                  ; Yes                        ; Yes                        ; 2.32 V                      ; 4.67e-07 V                  ; 2.35 V             ; -0.00942 V         ; 0.116 V                             ; 0.033 V                             ; 6.66e-10 s                 ; 6.27e-10 s                 ; Yes                       ; Yes                       ;
; HEX1[5]       ; 2.5 V        ; 0 s                 ; 0 s                 ; 2.32 V                       ; 4.67e-07 V                   ; 2.33 V              ; -0.00269 V          ; 0.13 V                               ; 0.055 V                              ; 3.54e-09 s                  ; 3.29e-09 s                  ; Yes                        ; Yes                        ; 2.32 V                      ; 4.67e-07 V                  ; 2.33 V             ; -0.00269 V         ; 0.13 V                              ; 0.055 V                             ; 3.54e-09 s                 ; 3.29e-09 s                 ; Yes                       ; Yes                       ;
; HEX1[6]       ; 2.5 V        ; 0 s                 ; 0 s                 ; 2.32 V                       ; 4.67e-07 V                   ; 2.33 V              ; -0.00269 V          ; 0.13 V                               ; 0.055 V                              ; 3.54e-09 s                  ; 3.29e-09 s                  ; Yes                        ; Yes                        ; 2.32 V                      ; 4.67e-07 V                  ; 2.33 V             ; -0.00269 V         ; 0.13 V                              ; 0.055 V                             ; 3.54e-09 s                 ; 3.29e-09 s                 ; Yes                       ; Yes                       ;
; HEX2[0]       ; 2.5 V        ; 0 s                 ; 0 s                 ; 2.32 V                       ; 4.67e-07 V                   ; 2.35 V              ; -0.00942 V          ; 0.116 V                              ; 0.033 V                              ; 6.66e-10 s                  ; 6.27e-10 s                  ; Yes                        ; Yes                        ; 2.32 V                      ; 4.67e-07 V                  ; 2.35 V             ; -0.00942 V         ; 0.116 V                             ; 0.033 V                             ; 6.66e-10 s                 ; 6.27e-10 s                 ; Yes                       ; Yes                       ;
; HEX2[1]       ; 2.5 V        ; 0 s                 ; 0 s                 ; 2.32 V                       ; 4.67e-07 V                   ; 2.35 V              ; -0.00942 V          ; 0.116 V                              ; 0.033 V                              ; 6.66e-10 s                  ; 6.27e-10 s                  ; Yes                        ; Yes                        ; 2.32 V                      ; 4.67e-07 V                  ; 2.35 V             ; -0.00942 V         ; 0.116 V                             ; 0.033 V                             ; 6.66e-10 s                 ; 6.27e-10 s                 ; Yes                       ; Yes                       ;
; HEX2[2]       ; 2.5 V        ; 0 s                 ; 0 s                 ; 2.32 V                       ; 4.67e-07 V                   ; 2.35 V              ; -0.00942 V          ; 0.116 V                              ; 0.033 V                              ; 6.66e-10 s                  ; 6.27e-10 s                  ; Yes                        ; Yes                        ; 2.32 V                      ; 4.67e-07 V                  ; 2.35 V             ; -0.00942 V         ; 0.116 V                             ; 0.033 V                             ; 6.66e-10 s                 ; 6.27e-10 s                 ; Yes                       ; Yes                       ;
; HEX2[3]       ; 2.5 V        ; 0 s                 ; 0 s                 ; 2.32 V                       ; 4.67e-07 V                   ; 2.35 V              ; -0.00942 V          ; 0.116 V                              ; 0.033 V                              ; 6.66e-10 s                  ; 6.27e-10 s                  ; Yes                        ; Yes                        ; 2.32 V                      ; 4.67e-07 V                  ; 2.35 V             ; -0.00942 V         ; 0.116 V                             ; 0.033 V                             ; 6.66e-10 s                 ; 6.27e-10 s                 ; Yes                       ; Yes                       ;
; HEX2[4]       ; 2.5 V        ; 0 s                 ; 0 s                 ; 2.32 V                       ; 4.67e-07 V                   ; 2.35 V              ; -0.00942 V          ; 0.116 V                              ; 0.033 V                              ; 6.66e-10 s                  ; 6.27e-10 s                  ; Yes                        ; Yes                        ; 2.32 V                      ; 4.67e-07 V                  ; 2.35 V             ; -0.00942 V         ; 0.116 V                             ; 0.033 V                             ; 6.66e-10 s                 ; 6.27e-10 s                 ; Yes                       ; Yes                       ;
; HEX2[5]       ; 2.5 V        ; 0 s                 ; 0 s                 ; 2.32 V                       ; 4.67e-07 V                   ; 2.35 V              ; -0.00942 V          ; 0.116 V                              ; 0.033 V                              ; 6.66e-10 s                  ; 6.27e-10 s                  ; Yes                        ; Yes                        ; 2.32 V                      ; 4.67e-07 V                  ; 2.35 V             ; -0.00942 V         ; 0.116 V                             ; 0.033 V                             ; 6.66e-10 s                 ; 6.27e-10 s                 ; Yes                       ; Yes                       ;
; HEX2[6]       ; 2.5 V        ; 0 s                 ; 0 s                 ; 2.32 V                       ; 4.67e-07 V                   ; 2.35 V              ; -0.00942 V          ; 0.116 V                              ; 0.033 V                              ; 6.66e-10 s                  ; 6.27e-10 s                  ; Yes                        ; Yes                        ; 2.32 V                      ; 4.67e-07 V                  ; 2.35 V             ; -0.00942 V         ; 0.116 V                             ; 0.033 V                             ; 6.66e-10 s                 ; 6.27e-10 s                 ; Yes                       ; Yes                       ;
; HEX3[0]       ; 2.5 V        ; 0 s                 ; 0 s                 ; 2.32 V                       ; 4.67e-07 V                   ; 2.35 V              ; -0.00942 V          ; 0.116 V                              ; 0.033 V                              ; 6.66e-10 s                  ; 6.27e-10 s                  ; Yes                        ; Yes                        ; 2.32 V                      ; 4.67e-07 V                  ; 2.35 V             ; -0.00942 V         ; 0.116 V                             ; 0.033 V                             ; 6.66e-10 s                 ; 6.27e-10 s                 ; Yes                       ; Yes                       ;
; HEX3[1]       ; 2.5 V        ; 0 s                 ; 0 s                 ; 2.32 V                       ; 4.67e-07 V                   ; 2.36 V              ; -0.00552 V          ; 0.11 V                               ; 0.007 V                              ; 4.54e-10 s                  ; 4.35e-10 s                  ; Yes                        ; Yes                        ; 2.32 V                      ; 4.67e-07 V                  ; 2.36 V             ; -0.00552 V         ; 0.11 V                              ; 0.007 V                             ; 4.54e-10 s                 ; 4.35e-10 s                 ; Yes                       ; Yes                       ;
; HEX3[2]       ; 2.5 V        ; 0 s                 ; 0 s                 ; 2.32 V                       ; 6.92e-07 V                   ; 2.33 V              ; -0.00265 V          ; 0.133 V                              ; 0.056 V                              ; 3.55e-09 s                  ; 3.31e-09 s                  ; Yes                        ; Yes                        ; 2.32 V                      ; 6.92e-07 V                  ; 2.33 V             ; -0.00265 V         ; 0.133 V                             ; 0.056 V                             ; 3.55e-09 s                 ; 3.31e-09 s                 ; Yes                       ; Yes                       ;
; HEX3[3]       ; 2.5 V        ; 0 s                 ; 0 s                 ; 2.32 V                       ; 6.92e-07 V                   ; 2.35 V              ; -0.00996 V          ; 0.121 V                              ; 0.03 V                               ; 4.64e-10 s                  ; 4.47e-10 s                  ; Yes                        ; Yes                        ; 2.32 V                      ; 6.92e-07 V                  ; 2.35 V             ; -0.00996 V         ; 0.121 V                             ; 0.03 V                              ; 4.64e-10 s                 ; 4.47e-10 s                 ; Yes                       ; Yes                       ;
; HEX3[4]       ; 2.5 V        ; 0 s                 ; 0 s                 ; 2.32 V                       ; 6.92e-07 V                   ; 2.35 V              ; -0.00996 V          ; 0.121 V                              ; 0.03 V                               ; 4.64e-10 s                  ; 4.47e-10 s                  ; Yes                        ; Yes                        ; 2.32 V                      ; 6.92e-07 V                  ; 2.35 V             ; -0.00996 V         ; 0.121 V                             ; 0.03 V                              ; 4.64e-10 s                 ; 4.47e-10 s                 ; Yes                       ; Yes                       ;
; HEX3[5]       ; 2.5 V        ; 0 s                 ; 0 s                 ; 2.32 V                       ; 6.92e-07 V                   ; 2.35 V              ; -0.00996 V          ; 0.121 V                              ; 0.03 V                               ; 4.64e-10 s                  ; 4.47e-10 s                  ; Yes                        ; Yes                        ; 2.32 V                      ; 6.92e-07 V                  ; 2.35 V             ; -0.00996 V         ; 0.121 V                             ; 0.03 V                              ; 4.64e-10 s                 ; 4.47e-10 s                 ; Yes                       ; Yes                       ;
; HEX3[6]       ; 2.5 V        ; 0 s                 ; 0 s                 ; 2.32 V                       ; 6.92e-07 V                   ; 2.35 V              ; -0.00996 V          ; 0.121 V                              ; 0.03 V                               ; 4.64e-10 s                  ; 4.47e-10 s                  ; Yes                        ; Yes                        ; 2.32 V                      ; 6.92e-07 V                  ; 2.35 V             ; -0.00996 V         ; 0.121 V                             ; 0.03 V                              ; 4.64e-10 s                 ; 4.47e-10 s                 ; Yes                       ; Yes                       ;
; HEX4[0]       ; 2.5 V        ; 0 s                 ; 0 s                 ; 2.32 V                       ; 6.92e-07 V                   ; 2.35 V              ; -0.00996 V          ; 0.121 V                              ; 0.03 V                               ; 4.64e-10 s                  ; 4.47e-10 s                  ; Yes                        ; Yes                        ; 2.32 V                      ; 6.92e-07 V                  ; 2.35 V             ; -0.00996 V         ; 0.121 V                             ; 0.03 V                              ; 4.64e-10 s                 ; 4.47e-10 s                 ; Yes                       ; Yes                       ;
; HEX4[1]       ; 2.5 V        ; 0 s                 ; 0 s                 ; 2.32 V                       ; 6.92e-07 V                   ; 2.35 V              ; -0.00996 V          ; 0.121 V                              ; 0.03 V                               ; 4.64e-10 s                  ; 4.47e-10 s                  ; Yes                        ; Yes                        ; 2.32 V                      ; 6.92e-07 V                  ; 2.35 V             ; -0.00996 V         ; 0.121 V                             ; 0.03 V                              ; 4.64e-10 s                 ; 4.47e-10 s                 ; Yes                       ; Yes                       ;
; HEX4[2]       ; 2.5 V        ; 0 s                 ; 0 s                 ; 2.32 V                       ; 6.92e-07 V                   ; 2.35 V              ; -0.00996 V          ; 0.121 V                              ; 0.03 V                               ; 4.64e-10 s                  ; 4.47e-10 s                  ; Yes                        ; Yes                        ; 2.32 V                      ; 6.92e-07 V                  ; 2.35 V             ; -0.00996 V         ; 0.121 V                             ; 0.03 V                              ; 4.64e-10 s                 ; 4.47e-10 s                 ; Yes                       ; Yes                       ;
; HEX4[3]       ; 2.5 V        ; 0 s                 ; 0 s                 ; 2.32 V                       ; 6.92e-07 V                   ; 2.35 V              ; -0.00996 V          ; 0.121 V                              ; 0.03 V                               ; 4.64e-10 s                  ; 4.47e-10 s                  ; Yes                        ; Yes                        ; 2.32 V                      ; 6.92e-07 V                  ; 2.35 V             ; -0.00996 V         ; 0.121 V                             ; 0.03 V                              ; 4.64e-10 s                 ; 4.47e-10 s                 ; Yes                       ; Yes                       ;
; HEX4[4]       ; 2.5 V        ; 0 s                 ; 0 s                 ; 2.32 V                       ; 6.92e-07 V                   ; 2.35 V              ; -0.00996 V          ; 0.121 V                              ; 0.03 V                               ; 4.64e-10 s                  ; 4.47e-10 s                  ; Yes                        ; Yes                        ; 2.32 V                      ; 6.92e-07 V                  ; 2.35 V             ; -0.00996 V         ; 0.121 V                             ; 0.03 V                              ; 4.64e-10 s                 ; 4.47e-10 s                 ; Yes                       ; Yes                       ;
; HEX4[5]       ; 2.5 V        ; 0 s                 ; 0 s                 ; 2.32 V                       ; 6.92e-07 V                   ; 2.35 V              ; -0.00996 V          ; 0.121 V                              ; 0.03 V                               ; 4.64e-10 s                  ; 4.47e-10 s                  ; Yes                        ; Yes                        ; 2.32 V                      ; 6.92e-07 V                  ; 2.35 V             ; -0.00996 V         ; 0.121 V                             ; 0.03 V                              ; 4.64e-10 s                 ; 4.47e-10 s                 ; Yes                       ; Yes                       ;
; HEX4[6]       ; 2.5 V        ; 0 s                 ; 0 s                 ; 2.32 V                       ; 6.92e-07 V                   ; 2.35 V              ; -0.00996 V          ; 0.121 V                              ; 0.03 V                               ; 4.64e-10 s                  ; 4.47e-10 s                  ; Yes                        ; Yes                        ; 2.32 V                      ; 6.92e-07 V                  ; 2.35 V             ; -0.00996 V         ; 0.121 V                             ; 0.03 V                              ; 4.64e-10 s                 ; 4.47e-10 s                 ; Yes                       ; Yes                       ;
; HEX5[0]       ; 2.5 V        ; 0 s                 ; 0 s                 ; 2.32 V                       ; 6.92e-07 V                   ; 2.35 V              ; -0.00996 V          ; 0.121 V                              ; 0.03 V                               ; 4.64e-10 s                  ; 4.47e-10 s                  ; Yes                        ; Yes                        ; 2.32 V                      ; 6.92e-07 V                  ; 2.35 V             ; -0.00996 V         ; 0.121 V                             ; 0.03 V                              ; 4.64e-10 s                 ; 4.47e-10 s                 ; Yes                       ; Yes                       ;
; HEX5[1]       ; 2.5 V        ; 0 s                 ; 0 s                 ; 2.32 V                       ; 6.92e-07 V                   ; 2.33 V              ; -0.00265 V          ; 0.133 V                              ; 0.056 V                              ; 3.55e-09 s                  ; 3.31e-09 s                  ; Yes                        ; Yes                        ; 2.32 V                      ; 6.92e-07 V                  ; 2.33 V             ; -0.00265 V         ; 0.133 V                             ; 0.056 V                             ; 3.55e-09 s                 ; 3.31e-09 s                 ; Yes                       ; Yes                       ;
; HEX5[2]       ; 2.5 V        ; 0 s                 ; 0 s                 ; 2.32 V                       ; 6.92e-07 V                   ; 2.35 V              ; -0.00996 V          ; 0.121 V                              ; 0.03 V                               ; 4.64e-10 s                  ; 4.47e-10 s                  ; Yes                        ; Yes                        ; 2.32 V                      ; 6.92e-07 V                  ; 2.35 V             ; -0.00996 V         ; 0.121 V                             ; 0.03 V                              ; 4.64e-10 s                 ; 4.47e-10 s                 ; Yes                       ; Yes                       ;
; HEX5[3]       ; 2.5 V        ; 0 s                 ; 0 s                 ; 2.32 V                       ; 6.92e-07 V                   ; 2.35 V              ; -0.00996 V          ; 0.121 V                              ; 0.03 V                               ; 4.64e-10 s                  ; 4.47e-10 s                  ; Yes                        ; Yes                        ; 2.32 V                      ; 6.92e-07 V                  ; 2.35 V             ; -0.00996 V         ; 0.121 V                             ; 0.03 V                              ; 4.64e-10 s                 ; 4.47e-10 s                 ; Yes                       ; Yes                       ;
; HEX5[4]       ; 2.5 V        ; 0 s                 ; 0 s                 ; 2.32 V                       ; 6.92e-07 V                   ; 2.35 V              ; -0.00996 V          ; 0.121 V                              ; 0.03 V                               ; 4.64e-10 s                  ; 4.47e-10 s                  ; Yes                        ; Yes                        ; 2.32 V                      ; 6.92e-07 V                  ; 2.35 V             ; -0.00996 V         ; 0.121 V                             ; 0.03 V                              ; 4.64e-10 s                 ; 4.47e-10 s                 ; Yes                       ; Yes                       ;
; HEX5[5]       ; 2.5 V        ; 0 s                 ; 0 s                 ; 2.32 V                       ; 6.92e-07 V                   ; 2.35 V              ; -0.00996 V          ; 0.121 V                              ; 0.03 V                               ; 4.64e-10 s                  ; 4.47e-10 s                  ; Yes                        ; Yes                        ; 2.32 V                      ; 6.92e-07 V                  ; 2.35 V             ; -0.00996 V         ; 0.121 V                             ; 0.03 V                              ; 4.64e-10 s                 ; 4.47e-10 s                 ; Yes                       ; Yes                       ;
; HEX5[6]       ; 2.5 V        ; 0 s                 ; 0 s                 ; 2.32 V                       ; 6.92e-07 V                   ; 2.35 V              ; -0.00996 V          ; 0.121 V                              ; 0.03 V                               ; 4.64e-10 s                  ; 4.47e-10 s                  ; Yes                        ; Yes                        ; 2.32 V                      ; 6.92e-07 V                  ; 2.35 V             ; -0.00996 V         ; 0.121 V                             ; 0.03 V                              ; 4.64e-10 s                 ; 4.47e-10 s                 ; Yes                       ; Yes                       ;
; ~ALTERA_DCLK~ ; 2.5 V        ; 0 s                 ; 0 s                 ; 2.32 V                       ; 3.75e-07 V                   ; 2.35 V              ; -0.0109 V           ; 0.084 V                              ; 0.027 V                              ; 4.31e-10 s                  ; 3.61e-10 s                  ; Yes                        ; Yes                        ; 2.32 V                      ; 3.75e-07 V                  ; 2.35 V             ; -0.0109 V          ; 0.084 V                             ; 0.027 V                             ; 4.31e-10 s                 ; 3.61e-10 s                 ; Yes                       ; Yes                       ;
; ~ALTERA_nCEO~ ; 2.5 V        ; 0 s                 ; 0 s                 ; 2.32 V                       ; 6.15e-07 V                   ; 2.35 V              ; -0.00712 V          ; 0.093 V                              ; 0.02 V                               ; 6.21e-10 s                  ; 7.9e-10 s                   ; Yes                        ; Yes                        ; 2.32 V                      ; 6.15e-07 V                  ; 2.35 V             ; -0.00712 V         ; 0.093 V                             ; 0.02 V                              ; 6.21e-10 s                 ; 7.9e-10 s                  ; Yes                       ; Yes                       ;
+---------------+--------------+---------------------+---------------------+------------------------------+------------------------------+---------------------+---------------------+--------------------------------------+--------------------------------------+-----------------------------+-----------------------------+----------------------------+----------------------------+-----------------------------+-----------------------------+--------------------+--------------------+-------------------------------------+-------------------------------------+----------------------------+----------------------------+---------------------------+---------------------------+


+--------------------------------------------------------------------------------------------------------------------------------------------------------------------------------------------------------------------------------------------------------------------------------------------------------------------------------------------------------------------------------------------------------------------------------------------------------------------------------------------------------------------------------------------------------------------------------------------------------------------------------------------------------------------------------------------+
; Signal Integrity Metrics (Fast 1200mv 0c Model)                                                                                                                                                                                                                                                                                                                                                                                                                                                                                                                                                                                                                                            ;
+---------------+--------------+---------------------+---------------------+------------------------------+------------------------------+---------------------+---------------------+--------------------------------------+--------------------------------------+-----------------------------+-----------------------------+----------------------------+----------------------------+-----------------------------+-----------------------------+--------------------+--------------------+-------------------------------------+-------------------------------------+----------------------------+----------------------------+---------------------------+---------------------------+
; Pin           ; I/O Standard ; Board Delay on Rise ; Board Delay on Fall ; Steady State Voh at FPGA Pin ; Steady State Vol at FPGA Pin ; Voh Max at FPGA Pin ; Vol Min at FPGA Pin ; Ringback Voltage on Rise at FPGA Pin ; Ringback Voltage on Fall at FPGA Pin ; 10-90 Rise Time at FPGA Pin ; 90-10 Fall Time at FPGA Pin ; Monotonic Rise at FPGA Pin ; Monotonic Fall at FPGA Pin ; Steady State Voh at Far-end ; Steady State Vol at Far-end ; Voh Max at Far-end ; Vol Min at Far-end ; Ringback Voltage on Rise at Far-end ; Ringback Voltage on Fall at Far-end ; 10-90 Rise Time at Far-end ; 90-10 Fall Time at Far-end ; Monotonic Rise at Far-end ; Monotonic Fall at Far-end ;
+---------------+--------------+---------------------+---------------------+------------------------------+------------------------------+---------------------+---------------------+--------------------------------------+--------------------------------------+-----------------------------+-----------------------------+----------------------------+----------------------------+-----------------------------+-----------------------------+--------------------+--------------------+-------------------------------------+-------------------------------------+----------------------------+----------------------------+---------------------------+---------------------------+
; HEX0[0]       ; 2.5 V        ; 0 s                 ; 0 s                 ; 2.62 V                       ; 4.05e-08 V                   ; 2.72 V              ; -0.0349 V           ; 0.173 V                              ; 0.1 V                                ; 2.72e-10 s                  ; 2.69e-10 s                  ; Yes                        ; Yes                        ; 2.62 V                      ; 4.05e-08 V                  ; 2.72 V             ; -0.0349 V          ; 0.173 V                             ; 0.1 V                               ; 2.72e-10 s                 ; 2.69e-10 s                 ; Yes                       ; Yes                       ;
; HEX0[1]       ; 2.5 V        ; 0 s                 ; 0 s                 ; 2.62 V                       ; 4.05e-08 V                   ; 2.64 V              ; -0.0113 V           ; 0.208 V                              ; 0.179 V                              ; 2.38e-09 s                  ; 2.23e-09 s                  ; No                         ; Yes                        ; 2.62 V                      ; 4.05e-08 V                  ; 2.64 V             ; -0.0113 V          ; 0.208 V                             ; 0.179 V                             ; 2.38e-09 s                 ; 2.23e-09 s                 ; No                        ; Yes                       ;
; HEX0[2]       ; 2.5 V        ; 0 s                 ; 0 s                 ; 2.62 V                       ; 4.05e-08 V                   ; 2.72 V              ; -0.0349 V           ; 0.173 V                              ; 0.1 V                                ; 2.72e-10 s                  ; 2.69e-10 s                  ; Yes                        ; Yes                        ; 2.62 V                      ; 4.05e-08 V                  ; 2.72 V             ; -0.0349 V          ; 0.173 V                             ; 0.1 V                               ; 2.72e-10 s                 ; 2.69e-10 s                 ; Yes                       ; Yes                       ;
; HEX0[3]       ; 2.5 V        ; 0 s                 ; 0 s                 ; 2.62 V                       ; 2.74e-08 V                   ; 2.73 V              ; -0.0384 V           ; 0.169 V                              ; 0.089 V                              ; 2.7e-10 s                   ; 2.62e-10 s                  ; Yes                        ; Yes                        ; 2.62 V                      ; 2.74e-08 V                  ; 2.73 V             ; -0.0384 V          ; 0.169 V                             ; 0.089 V                             ; 2.7e-10 s                  ; 2.62e-10 s                 ; Yes                       ; Yes                       ;
; HEX0[4]       ; 2.5 V        ; 0 s                 ; 0 s                 ; 2.62 V                       ; 2.74e-08 V                   ; 2.73 V              ; -0.0384 V           ; 0.169 V                              ; 0.089 V                              ; 2.7e-10 s                   ; 2.62e-10 s                  ; Yes                        ; Yes                        ; 2.62 V                      ; 2.74e-08 V                  ; 2.73 V             ; -0.0384 V          ; 0.169 V                             ; 0.089 V                             ; 2.7e-10 s                  ; 2.62e-10 s                 ; Yes                       ; Yes                       ;
; HEX0[5]       ; 2.5 V        ; 0 s                 ; 0 s                 ; 2.62 V                       ; 2.74e-08 V                   ; 2.64 V              ; -0.0117 V           ; 0.202 V                              ; 0.176 V                              ; 2.38e-09 s                  ; 2.22e-09 s                  ; No                         ; Yes                        ; 2.62 V                      ; 2.74e-08 V                  ; 2.64 V             ; -0.0117 V          ; 0.202 V                             ; 0.176 V                             ; 2.38e-09 s                 ; 2.22e-09 s                 ; No                        ; Yes                       ;
; HEX0[6]       ; 2.5 V        ; 0 s                 ; 0 s                 ; 2.62 V                       ; 2.74e-08 V                   ; 2.73 V              ; -0.0384 V           ; 0.169 V                              ; 0.089 V                              ; 2.7e-10 s                   ; 2.62e-10 s                  ; Yes                        ; Yes                        ; 2.62 V                      ; 2.74e-08 V                  ; 2.73 V             ; -0.0384 V          ; 0.169 V                             ; 0.089 V                             ; 2.7e-10 s                  ; 2.62e-10 s                 ; Yes                       ; Yes                       ;
; HEX1[0]       ; 2.5 V        ; 0 s                 ; 0 s                 ; 2.62 V                       ; 2.74e-08 V                   ; 2.73 V              ; -0.0384 V           ; 0.169 V                              ; 0.089 V                              ; 2.7e-10 s                   ; 2.62e-10 s                  ; Yes                        ; Yes                        ; 2.62 V                      ; 2.74e-08 V                  ; 2.73 V             ; -0.0384 V          ; 0.169 V                             ; 0.089 V                             ; 2.7e-10 s                  ; 2.62e-10 s                 ; Yes                       ; Yes                       ;
; HEX1[1]       ; 2.5 V        ; 0 s                 ; 0 s                 ; 2.62 V                       ; 2.74e-08 V                   ; 2.71 V              ; -0.0317 V           ; 0.148 V                              ; 0.064 V                              ; 4.51e-10 s                  ; 4.15e-10 s                  ; No                         ; Yes                        ; 2.62 V                      ; 2.74e-08 V                  ; 2.71 V             ; -0.0317 V          ; 0.148 V                             ; 0.064 V                             ; 4.51e-10 s                 ; 4.15e-10 s                 ; No                        ; Yes                       ;
; HEX1[2]       ; 2.5 V        ; 0 s                 ; 0 s                 ; 2.62 V                       ; 2.74e-08 V                   ; 2.71 V              ; -0.0317 V           ; 0.148 V                              ; 0.064 V                              ; 4.51e-10 s                  ; 4.15e-10 s                  ; No                         ; Yes                        ; 2.62 V                      ; 2.74e-08 V                  ; 2.71 V             ; -0.0317 V          ; 0.148 V                             ; 0.064 V                             ; 4.51e-10 s                 ; 4.15e-10 s                 ; No                        ; Yes                       ;
; HEX1[3]       ; 2.5 V        ; 0 s                 ; 0 s                 ; 2.62 V                       ; 2.74e-08 V                   ; 2.71 V              ; -0.0317 V           ; 0.148 V                              ; 0.064 V                              ; 4.51e-10 s                  ; 4.15e-10 s                  ; No                         ; Yes                        ; 2.62 V                      ; 2.74e-08 V                  ; 2.71 V             ; -0.0317 V          ; 0.148 V                             ; 0.064 V                             ; 4.51e-10 s                 ; 4.15e-10 s                 ; No                        ; Yes                       ;
; HEX1[4]       ; 2.5 V        ; 0 s                 ; 0 s                 ; 2.62 V                       ; 2.74e-08 V                   ; 2.71 V              ; -0.0317 V           ; 0.148 V                              ; 0.064 V                              ; 4.51e-10 s                  ; 4.15e-10 s                  ; No                         ; Yes                        ; 2.62 V                      ; 2.74e-08 V                  ; 2.71 V             ; -0.0317 V          ; 0.148 V                             ; 0.064 V                             ; 4.51e-10 s                 ; 4.15e-10 s                 ; No                        ; Yes                       ;
; HEX1[5]       ; 2.5 V        ; 0 s                 ; 0 s                 ; 2.62 V                       ; 2.74e-08 V                   ; 2.64 V              ; -0.0117 V           ; 0.202 V                              ; 0.176 V                              ; 2.38e-09 s                  ; 2.22e-09 s                  ; No                         ; Yes                        ; 2.62 V                      ; 2.74e-08 V                  ; 2.64 V             ; -0.0117 V          ; 0.202 V                             ; 0.176 V                             ; 2.38e-09 s                 ; 2.22e-09 s                 ; No                        ; Yes                       ;
; HEX1[6]       ; 2.5 V        ; 0 s                 ; 0 s                 ; 2.62 V                       ; 2.74e-08 V                   ; 2.64 V              ; -0.0117 V           ; 0.202 V                              ; 0.176 V                              ; 2.38e-09 s                  ; 2.22e-09 s                  ; No                         ; Yes                        ; 2.62 V                      ; 2.74e-08 V                  ; 2.64 V             ; -0.0117 V          ; 0.202 V                             ; 0.176 V                             ; 2.38e-09 s                 ; 2.22e-09 s                 ; No                        ; Yes                       ;
; HEX2[0]       ; 2.5 V        ; 0 s                 ; 0 s                 ; 2.62 V                       ; 2.74e-08 V                   ; 2.71 V              ; -0.0317 V           ; 0.148 V                              ; 0.064 V                              ; 4.51e-10 s                  ; 4.15e-10 s                  ; No                         ; Yes                        ; 2.62 V                      ; 2.74e-08 V                  ; 2.71 V             ; -0.0317 V          ; 0.148 V                             ; 0.064 V                             ; 4.51e-10 s                 ; 4.15e-10 s                 ; No                        ; Yes                       ;
; HEX2[1]       ; 2.5 V        ; 0 s                 ; 0 s                 ; 2.62 V                       ; 2.74e-08 V                   ; 2.71 V              ; -0.0317 V           ; 0.148 V                              ; 0.064 V                              ; 4.51e-10 s                  ; 4.15e-10 s                  ; No                         ; Yes                        ; 2.62 V                      ; 2.74e-08 V                  ; 2.71 V             ; -0.0317 V          ; 0.148 V                             ; 0.064 V                             ; 4.51e-10 s                 ; 4.15e-10 s                 ; No                        ; Yes                       ;
; HEX2[2]       ; 2.5 V        ; 0 s                 ; 0 s                 ; 2.62 V                       ; 2.74e-08 V                   ; 2.71 V              ; -0.0317 V           ; 0.148 V                              ; 0.064 V                              ; 4.51e-10 s                  ; 4.15e-10 s                  ; No                         ; Yes                        ; 2.62 V                      ; 2.74e-08 V                  ; 2.71 V             ; -0.0317 V          ; 0.148 V                             ; 0.064 V                             ; 4.51e-10 s                 ; 4.15e-10 s                 ; No                        ; Yes                       ;
; HEX2[3]       ; 2.5 V        ; 0 s                 ; 0 s                 ; 2.62 V                       ; 2.74e-08 V                   ; 2.71 V              ; -0.0317 V           ; 0.148 V                              ; 0.064 V                              ; 4.51e-10 s                  ; 4.15e-10 s                  ; No                         ; Yes                        ; 2.62 V                      ; 2.74e-08 V                  ; 2.71 V             ; -0.0317 V          ; 0.148 V                             ; 0.064 V                             ; 4.51e-10 s                 ; 4.15e-10 s                 ; No                        ; Yes                       ;
; HEX2[4]       ; 2.5 V        ; 0 s                 ; 0 s                 ; 2.62 V                       ; 2.74e-08 V                   ; 2.71 V              ; -0.0317 V           ; 0.148 V                              ; 0.064 V                              ; 4.51e-10 s                  ; 4.15e-10 s                  ; No                         ; Yes                        ; 2.62 V                      ; 2.74e-08 V                  ; 2.71 V             ; -0.0317 V          ; 0.148 V                             ; 0.064 V                             ; 4.51e-10 s                 ; 4.15e-10 s                 ; No                        ; Yes                       ;
; HEX2[5]       ; 2.5 V        ; 0 s                 ; 0 s                 ; 2.62 V                       ; 2.74e-08 V                   ; 2.71 V              ; -0.0317 V           ; 0.148 V                              ; 0.064 V                              ; 4.51e-10 s                  ; 4.15e-10 s                  ; No                         ; Yes                        ; 2.62 V                      ; 2.74e-08 V                  ; 2.71 V             ; -0.0317 V          ; 0.148 V                             ; 0.064 V                             ; 4.51e-10 s                 ; 4.15e-10 s                 ; No                        ; Yes                       ;
; HEX2[6]       ; 2.5 V        ; 0 s                 ; 0 s                 ; 2.62 V                       ; 2.74e-08 V                   ; 2.71 V              ; -0.0317 V           ; 0.148 V                              ; 0.064 V                              ; 4.51e-10 s                  ; 4.15e-10 s                  ; No                         ; Yes                        ; 2.62 V                      ; 2.74e-08 V                  ; 2.71 V             ; -0.0317 V          ; 0.148 V                             ; 0.064 V                             ; 4.51e-10 s                 ; 4.15e-10 s                 ; No                        ; Yes                       ;
; HEX3[0]       ; 2.5 V        ; 0 s                 ; 0 s                 ; 2.62 V                       ; 2.74e-08 V                   ; 2.71 V              ; -0.0317 V           ; 0.148 V                              ; 0.064 V                              ; 4.51e-10 s                  ; 4.15e-10 s                  ; No                         ; Yes                        ; 2.62 V                      ; 2.74e-08 V                  ; 2.71 V             ; -0.0317 V          ; 0.148 V                             ; 0.064 V                             ; 4.51e-10 s                 ; 4.15e-10 s                 ; No                        ; Yes                       ;
; HEX3[1]       ; 2.5 V        ; 0 s                 ; 0 s                 ; 2.62 V                       ; 2.74e-08 V                   ; 2.73 V              ; -0.0384 V           ; 0.169 V                              ; 0.089 V                              ; 2.7e-10 s                   ; 2.62e-10 s                  ; Yes                        ; Yes                        ; 2.62 V                      ; 2.74e-08 V                  ; 2.73 V             ; -0.0384 V          ; 0.169 V                             ; 0.089 V                             ; 2.7e-10 s                  ; 2.62e-10 s                 ; Yes                       ; Yes                       ;
; HEX3[2]       ; 2.5 V        ; 0 s                 ; 0 s                 ; 2.62 V                       ; 4.05e-08 V                   ; 2.64 V              ; -0.0113 V           ; 0.208 V                              ; 0.179 V                              ; 2.38e-09 s                  ; 2.23e-09 s                  ; No                         ; Yes                        ; 2.62 V                      ; 4.05e-08 V                  ; 2.64 V             ; -0.0113 V          ; 0.208 V                             ; 0.179 V                             ; 2.38e-09 s                 ; 2.23e-09 s                 ; No                        ; Yes                       ;
; HEX3[3]       ; 2.5 V        ; 0 s                 ; 0 s                 ; 2.62 V                       ; 4.05e-08 V                   ; 2.72 V              ; -0.0349 V           ; 0.173 V                              ; 0.1 V                                ; 2.72e-10 s                  ; 2.69e-10 s                  ; Yes                        ; Yes                        ; 2.62 V                      ; 4.05e-08 V                  ; 2.72 V             ; -0.0349 V          ; 0.173 V                             ; 0.1 V                               ; 2.72e-10 s                 ; 2.69e-10 s                 ; Yes                       ; Yes                       ;
; HEX3[4]       ; 2.5 V        ; 0 s                 ; 0 s                 ; 2.62 V                       ; 4.05e-08 V                   ; 2.72 V              ; -0.0349 V           ; 0.173 V                              ; 0.1 V                                ; 2.72e-10 s                  ; 2.69e-10 s                  ; Yes                        ; Yes                        ; 2.62 V                      ; 4.05e-08 V                  ; 2.72 V             ; -0.0349 V          ; 0.173 V                             ; 0.1 V                               ; 2.72e-10 s                 ; 2.69e-10 s                 ; Yes                       ; Yes                       ;
; HEX3[5]       ; 2.5 V        ; 0 s                 ; 0 s                 ; 2.62 V                       ; 4.05e-08 V                   ; 2.72 V              ; -0.0349 V           ; 0.173 V                              ; 0.1 V                                ; 2.72e-10 s                  ; 2.69e-10 s                  ; Yes                        ; Yes                        ; 2.62 V                      ; 4.05e-08 V                  ; 2.72 V             ; -0.0349 V          ; 0.173 V                             ; 0.1 V                               ; 2.72e-10 s                 ; 2.69e-10 s                 ; Yes                       ; Yes                       ;
; HEX3[6]       ; 2.5 V        ; 0 s                 ; 0 s                 ; 2.62 V                       ; 4.05e-08 V                   ; 2.72 V              ; -0.0349 V           ; 0.173 V                              ; 0.1 V                                ; 2.72e-10 s                  ; 2.69e-10 s                  ; Yes                        ; Yes                        ; 2.62 V                      ; 4.05e-08 V                  ; 2.72 V             ; -0.0349 V          ; 0.173 V                             ; 0.1 V                               ; 2.72e-10 s                 ; 2.69e-10 s                 ; Yes                       ; Yes                       ;
; HEX4[0]       ; 2.5 V        ; 0 s                 ; 0 s                 ; 2.62 V                       ; 4.05e-08 V                   ; 2.72 V              ; -0.0349 V           ; 0.173 V                              ; 0.1 V                                ; 2.72e-10 s                  ; 2.69e-10 s                  ; Yes                        ; Yes                        ; 2.62 V                      ; 4.05e-08 V                  ; 2.72 V             ; -0.0349 V          ; 0.173 V                             ; 0.1 V                               ; 2.72e-10 s                 ; 2.69e-10 s                 ; Yes                       ; Yes                       ;
; HEX4[1]       ; 2.5 V        ; 0 s                 ; 0 s                 ; 2.62 V                       ; 4.05e-08 V                   ; 2.72 V              ; -0.0349 V           ; 0.173 V                              ; 0.1 V                                ; 2.72e-10 s                  ; 2.69e-10 s                  ; Yes                        ; Yes                        ; 2.62 V                      ; 4.05e-08 V                  ; 2.72 V             ; -0.0349 V          ; 0.173 V                             ; 0.1 V                               ; 2.72e-10 s                 ; 2.69e-10 s                 ; Yes                       ; Yes                       ;
; HEX4[2]       ; 2.5 V        ; 0 s                 ; 0 s                 ; 2.62 V                       ; 4.05e-08 V                   ; 2.72 V              ; -0.0349 V           ; 0.173 V                              ; 0.1 V                                ; 2.72e-10 s                  ; 2.69e-10 s                  ; Yes                        ; Yes                        ; 2.62 V                      ; 4.05e-08 V                  ; 2.72 V             ; -0.0349 V          ; 0.173 V                             ; 0.1 V                               ; 2.72e-10 s                 ; 2.69e-10 s                 ; Yes                       ; Yes                       ;
; HEX4[3]       ; 2.5 V        ; 0 s                 ; 0 s                 ; 2.62 V                       ; 4.05e-08 V                   ; 2.72 V              ; -0.0349 V           ; 0.173 V                              ; 0.1 V                                ; 2.72e-10 s                  ; 2.69e-10 s                  ; Yes                        ; Yes                        ; 2.62 V                      ; 4.05e-08 V                  ; 2.72 V             ; -0.0349 V          ; 0.173 V                             ; 0.1 V                               ; 2.72e-10 s                 ; 2.69e-10 s                 ; Yes                       ; Yes                       ;
; HEX4[4]       ; 2.5 V        ; 0 s                 ; 0 s                 ; 2.62 V                       ; 4.05e-08 V                   ; 2.72 V              ; -0.0349 V           ; 0.173 V                              ; 0.1 V                                ; 2.72e-10 s                  ; 2.69e-10 s                  ; Yes                        ; Yes                        ; 2.62 V                      ; 4.05e-08 V                  ; 2.72 V             ; -0.0349 V          ; 0.173 V                             ; 0.1 V                               ; 2.72e-10 s                 ; 2.69e-10 s                 ; Yes                       ; Yes                       ;
; HEX4[5]       ; 2.5 V        ; 0 s                 ; 0 s                 ; 2.62 V                       ; 4.05e-08 V                   ; 2.72 V              ; -0.0349 V           ; 0.173 V                              ; 0.1 V                                ; 2.72e-10 s                  ; 2.69e-10 s                  ; Yes                        ; Yes                        ; 2.62 V                      ; 4.05e-08 V                  ; 2.72 V             ; -0.0349 V          ; 0.173 V                             ; 0.1 V                               ; 2.72e-10 s                 ; 2.69e-10 s                 ; Yes                       ; Yes                       ;
; HEX4[6]       ; 2.5 V        ; 0 s                 ; 0 s                 ; 2.62 V                       ; 4.05e-08 V                   ; 2.72 V              ; -0.0349 V           ; 0.173 V                              ; 0.1 V                                ; 2.72e-10 s                  ; 2.69e-10 s                  ; Yes                        ; Yes                        ; 2.62 V                      ; 4.05e-08 V                  ; 2.72 V             ; -0.0349 V          ; 0.173 V                             ; 0.1 V                               ; 2.72e-10 s                 ; 2.69e-10 s                 ; Yes                       ; Yes                       ;
; HEX5[0]       ; 2.5 V        ; 0 s                 ; 0 s                 ; 2.62 V                       ; 4.05e-08 V                   ; 2.72 V              ; -0.0349 V           ; 0.173 V                              ; 0.1 V                                ; 2.72e-10 s                  ; 2.69e-10 s                  ; Yes                        ; Yes                        ; 2.62 V                      ; 4.05e-08 V                  ; 2.72 V             ; -0.0349 V          ; 0.173 V                             ; 0.1 V                               ; 2.72e-10 s                 ; 2.69e-10 s                 ; Yes                       ; Yes                       ;
; HEX5[1]       ; 2.5 V        ; 0 s                 ; 0 s                 ; 2.62 V                       ; 4.05e-08 V                   ; 2.64 V              ; -0.0113 V           ; 0.208 V                              ; 0.179 V                              ; 2.38e-09 s                  ; 2.23e-09 s                  ; No                         ; Yes                        ; 2.62 V                      ; 4.05e-08 V                  ; 2.64 V             ; -0.0113 V          ; 0.208 V                             ; 0.179 V                             ; 2.38e-09 s                 ; 2.23e-09 s                 ; No                        ; Yes                       ;
; HEX5[2]       ; 2.5 V        ; 0 s                 ; 0 s                 ; 2.62 V                       ; 4.05e-08 V                   ; 2.72 V              ; -0.0349 V           ; 0.173 V                              ; 0.1 V                                ; 2.72e-10 s                  ; 2.69e-10 s                  ; Yes                        ; Yes                        ; 2.62 V                      ; 4.05e-08 V                  ; 2.72 V             ; -0.0349 V          ; 0.173 V                             ; 0.1 V                               ; 2.72e-10 s                 ; 2.69e-10 s                 ; Yes                       ; Yes                       ;
; HEX5[3]       ; 2.5 V        ; 0 s                 ; 0 s                 ; 2.62 V                       ; 4.05e-08 V                   ; 2.72 V              ; -0.0349 V           ; 0.173 V                              ; 0.1 V                                ; 2.72e-10 s                  ; 2.69e-10 s                  ; Yes                        ; Yes                        ; 2.62 V                      ; 4.05e-08 V                  ; 2.72 V             ; -0.0349 V          ; 0.173 V                             ; 0.1 V                               ; 2.72e-10 s                 ; 2.69e-10 s                 ; Yes                       ; Yes                       ;
; HEX5[4]       ; 2.5 V        ; 0 s                 ; 0 s                 ; 2.62 V                       ; 4.05e-08 V                   ; 2.72 V              ; -0.0349 V           ; 0.173 V                              ; 0.1 V                                ; 2.72e-10 s                  ; 2.69e-10 s                  ; Yes                        ; Yes                        ; 2.62 V                      ; 4.05e-08 V                  ; 2.72 V             ; -0.0349 V          ; 0.173 V                             ; 0.1 V                               ; 2.72e-10 s                 ; 2.69e-10 s                 ; Yes                       ; Yes                       ;
; HEX5[5]       ; 2.5 V        ; 0 s                 ; 0 s                 ; 2.62 V                       ; 4.05e-08 V                   ; 2.72 V              ; -0.0349 V           ; 0.173 V                              ; 0.1 V                                ; 2.72e-10 s                  ; 2.69e-10 s                  ; Yes                        ; Yes                        ; 2.62 V                      ; 4.05e-08 V                  ; 2.72 V             ; -0.0349 V          ; 0.173 V                             ; 0.1 V                               ; 2.72e-10 s                 ; 2.69e-10 s                 ; Yes                       ; Yes                       ;
; HEX5[6]       ; 2.5 V        ; 0 s                 ; 0 s                 ; 2.62 V                       ; 4.05e-08 V                   ; 2.72 V              ; -0.0349 V           ; 0.173 V                              ; 0.1 V                                ; 2.72e-10 s                  ; 2.69e-10 s                  ; Yes                        ; Yes                        ; 2.62 V                      ; 4.05e-08 V                  ; 2.72 V             ; -0.0349 V          ; 0.173 V                             ; 0.1 V                               ; 2.72e-10 s                 ; 2.69e-10 s                 ; Yes                       ; Yes                       ;
; ~ALTERA_DCLK~ ; 2.5 V        ; 0 s                 ; 0 s                 ; 2.62 V                       ; 2.22e-08 V                   ; 2.74 V              ; -0.06 V             ; 0.158 V                              ; 0.08 V                               ; 2.68e-10 s                  ; 2.19e-10 s                  ; Yes                        ; Yes                        ; 2.62 V                      ; 2.22e-08 V                  ; 2.74 V             ; -0.06 V            ; 0.158 V                             ; 0.08 V                              ; 2.68e-10 s                 ; 2.19e-10 s                 ; Yes                       ; Yes                       ;
; ~ALTERA_nCEO~ ; 2.5 V        ; 0 s                 ; 0 s                 ; 2.62 V                       ; 3.54e-08 V                   ; 2.7 V               ; -0.00943 V          ; 0.276 V                              ; 0.035 V                              ; 3.19e-10 s                  ; 4.99e-10 s                  ; No                         ; Yes                        ; 2.62 V                      ; 3.54e-08 V                  ; 2.7 V              ; -0.00943 V         ; 0.276 V                             ; 0.035 V                             ; 3.19e-10 s                 ; 4.99e-10 s                 ; No                        ; Yes                       ;
+---------------+--------------+---------------------+---------------------+------------------------------+------------------------------+---------------------+---------------------+--------------------------------------+--------------------------------------+-----------------------------+-----------------------------+----------------------------+----------------------------+-----------------------------+-----------------------------+--------------------+--------------------+-------------------------------------+-------------------------------------+----------------------------+----------------------------+---------------------------+---------------------------+


+-------------------------------------------------------------------+
; Setup Transfers                                                   ;
+------------+----------+----------+----------+----------+----------+
; From Clock ; To Clock ; RR Paths ; FR Paths ; RF Paths ; FF Paths ;
+------------+----------+----------+----------+----------+----------+
; KEY[0]     ; KEY[0]   ; 0        ; 0        ; 0        ; 128      ;
+------------+----------+----------+----------+----------+----------+
Entries labeled "false path" only account for clock-to-clock false paths and not path-based false paths. As a result, actual path counts may be lower than reported.


+-------------------------------------------------------------------+
; Hold Transfers                                                    ;
+------------+----------+----------+----------+----------+----------+
; From Clock ; To Clock ; RR Paths ; FR Paths ; RF Paths ; FF Paths ;
+------------+----------+----------+----------+----------+----------+
; KEY[0]     ; KEY[0]   ; 0        ; 0        ; 0        ; 128      ;
+------------+----------+----------+----------+----------+----------+
Entries labeled "false path" only account for clock-to-clock false paths and not path-based false paths. As a result, actual path counts may be lower than reported.


---------------
; Report TCCS ;
---------------
No dedicated SERDES Transmitter circuitry present in device or used in design


---------------
; Report RSKM ;
---------------
No non-DPA dedicated SERDES Receiver circuitry present in device or used in design


+------------------------------------------------+
; Unconstrained Paths Summary                    ;
+---------------------------------+-------+------+
; Property                        ; Setup ; Hold ;
+---------------------------------+-------+------+
; Illegal Clocks                  ; 0     ; 0    ;
; Unconstrained Clocks            ; 0     ; 0    ;
; Unconstrained Input Ports       ; 16    ; 16   ;
; Unconstrained Input Port Paths  ; 484   ; 484  ;
; Unconstrained Output Ports      ; 42    ; 42   ;
; Unconstrained Output Port Paths ; 868   ; 868  ;
+---------------------------------+-------+------+


+--------------------------------------+
; Clock Status Summary                 ;
+--------+--------+------+-------------+
; Target ; Clock  ; Type ; Status      ;
+--------+--------+------+-------------+
; KEY[0] ; KEY[0] ; Base ; Constrained ;
+--------+--------+------+-------------+


+---------------------------------------------------------------------------------------------------+
; Unconstrained Input Ports                                                                         ;
+------------+--------------------------------------------------------------------------------------+
; Input Port ; Comment                                                                              ;
+------------+--------------------------------------------------------------------------------------+
; SW[0]      ; No input delay, min/max delays, false-path exceptions, or max skew assignments found ;
; SW[1]      ; No input delay, min/max delays, false-path exceptions, or max skew assignments found ;
; SW[2]      ; No input delay, min/max delays, false-path exceptions, or max skew assignments found ;
; SW[3]      ; No input delay, min/max delays, false-path exceptions, or max skew assignments found ;
; SW[4]      ; No input delay, min/max delays, false-path exceptions, or max skew assignments found ;
; SW[5]      ; No input delay, min/max delays, false-path exceptions, or max skew assignments found ;
; SW[6]      ; No input delay, min/max delays, false-path exceptions, or max skew assignments found ;
; SW[7]      ; No input delay, min/max delays, false-path exceptions, or max skew assignments found ;
; SW[8]      ; No input delay, min/max delays, false-path exceptions, or max skew assignments found ;
; SW[9]      ; No input delay, min/max delays, false-path exceptions, or max skew assignments found ;
; SW[10]     ; No input delay, min/max delays, false-path exceptions, or max skew assignments found ;
; SW[11]     ; No input delay, min/max delays, false-path exceptions, or max skew assignments found ;
; SW[12]     ; No input delay, min/max delays, false-path exceptions, or max skew assignments found ;
; SW[13]     ; No input delay, min/max delays, false-path exceptions, or max skew assignments found ;
; SW[14]     ; No input delay, min/max delays, false-path exceptions, or max skew assignments found ;
; SW[15]     ; No input delay, min/max delays, false-path exceptions, or max skew assignments found ;
+------------+--------------------------------------------------------------------------------------+


+-----------------------------------------------------------------------------------------------------+
; Unconstrained Output Ports                                                                          ;
+-------------+---------------------------------------------------------------------------------------+
; Output Port ; Comment                                                                               ;
+-------------+---------------------------------------------------------------------------------------+
; HEX0[0]     ; No output delay, min/max delays, false-path exceptions, or max skew assignments found ;
; HEX0[1]     ; No output delay, min/max delays, false-path exceptions, or max skew assignments found ;
; HEX0[2]     ; No output delay, min/max delays, false-path exceptions, or max skew assignments found ;
; HEX0[3]     ; No output delay, min/max delays, false-path exceptions, or max skew assignments found ;
; HEX0[4]     ; No output delay, min/max delays, false-path exceptions, or max skew assignments found ;
; HEX0[5]     ; No output delay, min/max delays, false-path exceptions, or max skew assignments found ;
; HEX0[6]     ; No output delay, min/max delays, false-path exceptions, or max skew assignments found ;
; HEX1[0]     ; No output delay, min/max delays, false-path exceptions, or max skew assignments found ;
; HEX1[1]     ; No output delay, min/max delays, false-path exceptions, or max skew assignments found ;
; HEX1[2]     ; No output delay, min/max delays, false-path exceptions, or max skew assignments found ;
; HEX1[3]     ; No output delay, min/max delays, false-path exceptions, or max skew assignments found ;
; HEX1[4]     ; No output delay, min/max delays, false-path exceptions, or max skew assignments found ;
; HEX1[5]     ; No output delay, min/max delays, false-path exceptions, or max skew assignments found ;
; HEX1[6]     ; No output delay, min/max delays, false-path exceptions, or max skew assignments found ;
; HEX2[0]     ; No output delay, min/max delays, false-path exceptions, or max skew assignments found ;
; HEX2[1]     ; No output delay, min/max delays, false-path exceptions, or max skew assignments found ;
; HEX2[2]     ; No output delay, min/max delays, false-path exceptions, or max skew assignments found ;
; HEX2[3]     ; No output delay, min/max delays, false-path exceptions, or max skew assignments found ;
; HEX2[4]     ; No output delay, min/max delays, false-path exceptions, or max skew assignments found ;
; HEX2[5]     ; No output delay, min/max delays, false-path exceptions, or max skew assignments found ;
; HEX2[6]     ; No output delay, min/max delays, false-path exceptions, or max skew assignments found ;
; HEX3[0]     ; No output delay, min/max delays, false-path exceptions, or max skew assignments found ;
; HEX3[1]     ; No output delay, min/max delays, false-path exceptions, or max skew assignments found ;
; HEX3[2]     ; No output delay, min/max delays, false-path exceptions, or max skew assignments found ;
; HEX3[3]     ; No output delay, min/max delays, false-path exceptions, or max skew assignments found ;
; HEX3[4]     ; No output delay, min/max delays, false-path exceptions, or max skew assignments found ;
; HEX3[5]     ; No output delay, min/max delays, false-path exceptions, or max skew assignments found ;
; HEX3[6]     ; No output delay, min/max delays, false-path exceptions, or max skew assignments found ;
; HEX4[0]     ; No output delay, min/max delays, false-path exceptions, or max skew assignments found ;
; HEX4[1]     ; No output delay, min/max delays, false-path exceptions, or max skew assignments found ;
; HEX4[2]     ; No output delay, min/max delays, false-path exceptions, or max skew assignments found ;
; HEX4[3]     ; No output delay, min/max delays, false-path exceptions, or max skew assignments found ;
; HEX4[4]     ; No output delay, min/max delays, false-path exceptions, or max skew assignments found ;
; HEX4[5]     ; No output delay, min/max delays, false-path exceptions, or max skew assignments found ;
; HEX4[6]     ; No output delay, min/max delays, false-path exceptions, or max skew assignments found ;
; HEX5[0]     ; No output delay, min/max delays, false-path exceptions, or max skew assignments found ;
; HEX5[1]     ; No output delay, min/max delays, false-path exceptions, or max skew assignments found ;
; HEX5[2]     ; No output delay, min/max delays, false-path exceptions, or max skew assignments found ;
; HEX5[3]     ; No output delay, min/max delays, false-path exceptions, or max skew assignments found ;
; HEX5[4]     ; No output delay, min/max delays, false-path exceptions, or max skew assignments found ;
; HEX5[5]     ; No output delay, min/max delays, false-path exceptions, or max skew assignments found ;
; HEX5[6]     ; No output delay, min/max delays, false-path exceptions, or max skew assignments found ;
+-------------+---------------------------------------------------------------------------------------+


+---------------------------------------------------------------------------------------------------+
; Unconstrained Input Ports                                                                         ;
+------------+--------------------------------------------------------------------------------------+
; Input Port ; Comment                                                                              ;
+------------+--------------------------------------------------------------------------------------+
; SW[0]      ; No input delay, min/max delays, false-path exceptions, or max skew assignments found ;
; SW[1]      ; No input delay, min/max delays, false-path exceptions, or max skew assignments found ;
; SW[2]      ; No input delay, min/max delays, false-path exceptions, or max skew assignments found ;
; SW[3]      ; No input delay, min/max delays, false-path exceptions, or max skew assignments found ;
; SW[4]      ; No input delay, min/max delays, false-path exceptions, or max skew assignments found ;
; SW[5]      ; No input delay, min/max delays, false-path exceptions, or max skew assignments found ;
; SW[6]      ; No input delay, min/max delays, false-path exceptions, or max skew assignments found ;
; SW[7]      ; No input delay, min/max delays, false-path exceptions, or max skew assignments found ;
; SW[8]      ; No input delay, min/max delays, false-path exceptions, or max skew assignments found ;
; SW[9]      ; No input delay, min/max delays, false-path exceptions, or max skew assignments found ;
; SW[10]     ; No input delay, min/max delays, false-path exceptions, or max skew assignments found ;
; SW[11]     ; No input delay, min/max delays, false-path exceptions, or max skew assignments found ;
; SW[12]     ; No input delay, min/max delays, false-path exceptions, or max skew assignments found ;
; SW[13]     ; No input delay, min/max delays, false-path exceptions, or max skew assignments found ;
; SW[14]     ; No input delay, min/max delays, false-path exceptions, or max skew assignments found ;
; SW[15]     ; No input delay, min/max delays, false-path exceptions, or max skew assignments found ;
+------------+--------------------------------------------------------------------------------------+


+-----------------------------------------------------------------------------------------------------+
; Unconstrained Output Ports                                                                          ;
+-------------+---------------------------------------------------------------------------------------+
; Output Port ; Comment                                                                               ;
+-------------+---------------------------------------------------------------------------------------+
; HEX0[0]     ; No output delay, min/max delays, false-path exceptions, or max skew assignments found ;
; HEX0[1]     ; No output delay, min/max delays, false-path exceptions, or max skew assignments found ;
; HEX0[2]     ; No output delay, min/max delays, false-path exceptions, or max skew assignments found ;
; HEX0[3]     ; No output delay, min/max delays, false-path exceptions, or max skew assignments found ;
; HEX0[4]     ; No output delay, min/max delays, false-path exceptions, or max skew assignments found ;
; HEX0[5]     ; No output delay, min/max delays, false-path exceptions, or max skew assignments found ;
; HEX0[6]     ; No output delay, min/max delays, false-path exceptions, or max skew assignments found ;
; HEX1[0]     ; No output delay, min/max delays, false-path exceptions, or max skew assignments found ;
; HEX1[1]     ; No output delay, min/max delays, false-path exceptions, or max skew assignments found ;
; HEX1[2]     ; No output delay, min/max delays, false-path exceptions, or max skew assignments found ;
; HEX1[3]     ; No output delay, min/max delays, false-path exceptions, or max skew assignments found ;
; HEX1[4]     ; No output delay, min/max delays, false-path exceptions, or max skew assignments found ;
; HEX1[5]     ; No output delay, min/max delays, false-path exceptions, or max skew assignments found ;
; HEX1[6]     ; No output delay, min/max delays, false-path exceptions, or max skew assignments found ;
; HEX2[0]     ; No output delay, min/max delays, false-path exceptions, or max skew assignments found ;
; HEX2[1]     ; No output delay, min/max delays, false-path exceptions, or max skew assignments found ;
; HEX2[2]     ; No output delay, min/max delays, false-path exceptions, or max skew assignments found ;
; HEX2[3]     ; No output delay, min/max delays, false-path exceptions, or max skew assignments found ;
; HEX2[4]     ; No output delay, min/max delays, false-path exceptions, or max skew assignments found ;
; HEX2[5]     ; No output delay, min/max delays, false-path exceptions, or max skew assignments found ;
; HEX2[6]     ; No output delay, min/max delays, false-path exceptions, or max skew assignments found ;
; HEX3[0]     ; No output delay, min/max delays, false-path exceptions, or max skew assignments found ;
; HEX3[1]     ; No output delay, min/max delays, false-path exceptions, or max skew assignments found ;
; HEX3[2]     ; No output delay, min/max delays, false-path exceptions, or max skew assignments found ;
; HEX3[3]     ; No output delay, min/max delays, false-path exceptions, or max skew assignments found ;
; HEX3[4]     ; No output delay, min/max delays, false-path exceptions, or max skew assignments found ;
; HEX3[5]     ; No output delay, min/max delays, false-path exceptions, or max skew assignments found ;
; HEX3[6]     ; No output delay, min/max delays, false-path exceptions, or max skew assignments found ;
; HEX4[0]     ; No output delay, min/max delays, false-path exceptions, or max skew assignments found ;
; HEX4[1]     ; No output delay, min/max delays, false-path exceptions, or max skew assignments found ;
; HEX4[2]     ; No output delay, min/max delays, false-path exceptions, or max skew assignments found ;
; HEX4[3]     ; No output delay, min/max delays, false-path exceptions, or max skew assignments found ;
; HEX4[4]     ; No output delay, min/max delays, false-path exceptions, or max skew assignments found ;
; HEX4[5]     ; No output delay, min/max delays, false-path exceptions, or max skew assignments found ;
; HEX4[6]     ; No output delay, min/max delays, false-path exceptions, or max skew assignments found ;
; HEX5[0]     ; No output delay, min/max delays, false-path exceptions, or max skew assignments found ;
; HEX5[1]     ; No output delay, min/max delays, false-path exceptions, or max skew assignments found ;
; HEX5[2]     ; No output delay, min/max delays, false-path exceptions, or max skew assignments found ;
; HEX5[3]     ; No output delay, min/max delays, false-path exceptions, or max skew assignments found ;
; HEX5[4]     ; No output delay, min/max delays, false-path exceptions, or max skew assignments found ;
; HEX5[5]     ; No output delay, min/max delays, false-path exceptions, or max skew assignments found ;
; HEX5[6]     ; No output delay, min/max delays, false-path exceptions, or max skew assignments found ;
+-------------+---------------------------------------------------------------------------------------+


+--------------------------+
; Timing Analyzer Messages ;
+--------------------------+
Info: *******************************************************************
Info: Running Quartus Prime Timing Analyzer
    Info: Version 25.1std.0 Build 1129 10/21/2025 SC Lite Edition
    Info: Processing started: Wed Jun  3 10:10:43 2026
Info: Command: quartus_sta CPU -c CPU
Info: qsta_default_script.tcl version: #1
Warning (18236): Number of processors has not been specified which may cause overloading on shared machines.  Set the global assignment NUM_PARALLEL_PROCESSORS in your QSF to an appropriate value for best performance.
Info (20030): Parallel compilation is enabled and will use 10 of the 10 processors detected
Info (21077): Low junction temperature is 0 degrees C
Info (21077): High junction temperature is 85 degrees C
Critical Warning (332012): Synopsys Design Constraints File file not found: 'CPU.sdc'. A Synopsys Design Constraints File is required by the Timing Analyzer to get proper timing constraints. Without it, the Compiler will not properly optimize the design.
Info (332142): No user constrained base clocks found in the design. Calling "derive_clocks -period 1.0"
Info (332105): Deriving Clocks
    Info (332105): create_clock -period 1.000 -name KEY[0] KEY[0]
Info (332143): No user constrained clock uncertainty found in the design. Calling "derive_clock_uncertainty"
Info (332154): The derive_clock_uncertainty command did not apply clock uncertainty to any clock-to-clock transfers.
Info: Found TIMING_ANALYZER_REPORT_SCRIPT_INCLUDE_DEFAULT_ANALYSIS = ON
Info: Analyzing Slow 1200mV 85C Model
Critical Warning (332148): Timing requirements not met
    Info (11105): For recommendations on closing timing, run Report Timing Closure Recommendations in the Timing Analyzer.
Info (332146): Worst-case setup slack is -1.655
    Info (332119):     Slack       End Point TNS Clock 
    Info (332119): ========= =================== =====================
    Info (332119):    -1.655             -43.646 KEY[0] 
Info (332146): Worst-case hold slack is 1.249
    Info (332119):     Slack       End Point TNS Clock 
    Info (332119): ========= =================== =====================
    Info (332119):     1.249               0.000 KEY[0] 
Info (332140): No Recovery paths to report
Info (332140): No Removal paths to report
Info (332146): Worst-case minimum pulse width slack is -3.000
    Info (332119):     Slack       End Point TNS Clock 
    Info (332119): ========= =================== =====================
    Info (332119):    -3.000             -44.120 KEY[0] 
Info: Analyzing Slow 1200mV 0C Model
Info (334003): Started post-fitting delay annotation
Info (334004): Delay annotation completed successfully
Info (332154): The derive_clock_uncertainty command did not apply clock uncertainty to any clock-to-clock transfers.
Critical Warning (332148): Timing requirements not met
    Info (11105): For recommendations on closing timing, run Report Timing Closure Recommendations in the Timing Analyzer.
Info (332146): Worst-case setup slack is -1.425
    Info (332119):     Slack       End Point TNS Clock 
    Info (332119): ========= =================== =====================
    Info (332119):    -1.425             -37.041 KEY[0] 
Info (332146): Worst-case hold slack is 1.152
    Info (332119):     Slack       End Point TNS Clock 
    Info (332119): ========= =================== =====================
    Info (332119):     1.152               0.000 KEY[0] 
Info (332140): No Recovery paths to report
Info (332140): No Removal paths to report
Info (332146): Worst-case minimum pulse width slack is -3.000
    Info (332119):     Slack       End Point TNS Clock 
    Info (332119): ========= =================== =====================
    Info (332119):    -3.000             -44.120 KEY[0] 
Info: Analyzing Fast 1200mV 0C Model
Info (332154): The derive_clock_uncertainty command did not apply clock uncertainty to any clock-to-clock transfers.
Critical Warning (332148): Timing requirements not met
    Info (11105): For recommendations on closing timing, run Report Timing Closure Recommendations in the Timing Analyzer.
Info (332146): Worst-case setup slack is -0.273
    Info (332119):     Slack       End Point TNS Clock 
    Info (332119): ========= =================== =====================
    Info (332119):    -0.273              -4.418 KEY[0] 
Info (332146): Worst-case hold slack is 0.542
    Info (332119):     Slack       End Point TNS Clock 
    Info (332119): ========= =================== =====================
    Info (332119):     0.542               0.000 KEY[0] 
Info (332140): No Recovery paths to report
Info (332140): No Removal paths to report
Info (332146): Worst-case minimum pulse width slack is -3.000
    Info (332119):     Slack       End Point TNS Clock 
    Info (332119): ========= =================== =====================
    Info (332119):    -3.000             -41.610 KEY[0] 
Info (332102): Design is not fully constrained for setup requirements
Info (332102): Design is not fully constrained for hold requirements
Info: Quartus Prime Timing Analyzer was successful. 0 errors, 5 warnings
    Info: Peak virtual memory: 4953 megabytes
    Info: Processing ended: Wed Jun  3 10:10:45 2026
    Info: Elapsed time: 00:00:02
    Info: Total CPU time (on all processors): 00:00:02


