Timing Analyzer report for Pipeline_CPU
Wed Jun 17 09:43:44 2026
Quartus Prime Version 25.1std.0 Build 1129 10/21/2025 SC Lite Edition


---------------------
; Table of Contents ;
---------------------
  1. Legal Notice
  2. Timing Analyzer Summary
  3. Parallel Compilation
  4. Clocks
  5. Slow 1200mV 85C Model Fmax Summary
  6. Timing Closure Recommendations
  7. Slow 1200mV 85C Model Setup Summary
  8. Slow 1200mV 85C Model Hold Summary
  9. Slow 1200mV 85C Model Recovery Summary
 10. Slow 1200mV 85C Model Removal Summary
 11. Slow 1200mV 85C Model Minimum Pulse Width Summary
 12. Slow 1200mV 85C Model Setup: 'KEY[0]'
 13. Slow 1200mV 85C Model Hold: 'KEY[0]'
 14. Slow 1200mV 85C Model Metastability Summary
 15. Slow 1200mV 0C Model Fmax Summary
 16. Slow 1200mV 0C Model Setup Summary
 17. Slow 1200mV 0C Model Hold Summary
 18. Slow 1200mV 0C Model Recovery Summary
 19. Slow 1200mV 0C Model Removal Summary
 20. Slow 1200mV 0C Model Minimum Pulse Width Summary
 21. Slow 1200mV 0C Model Setup: 'KEY[0]'
 22. Slow 1200mV 0C Model Hold: 'KEY[0]'
 23. Slow 1200mV 0C Model Metastability Summary
 24. Fast 1200mV 0C Model Setup Summary
 25. Fast 1200mV 0C Model Hold Summary
 26. Fast 1200mV 0C Model Recovery Summary
 27. Fast 1200mV 0C Model Removal Summary
 28. Fast 1200mV 0C Model Minimum Pulse Width Summary
 29. Fast 1200mV 0C Model Setup: 'KEY[0]'
 30. Fast 1200mV 0C Model Hold: 'KEY[0]'
 31. Fast 1200mV 0C Model Metastability Summary
 32. Multicorner Timing Analysis Summary
 33. Board Trace Model Assignments
 34. Input Transition Times
 35. Signal Integrity Metrics (Slow 1200mv 0c Model)
 36. Signal Integrity Metrics (Slow 1200mv 85c Model)
 37. Signal Integrity Metrics (Fast 1200mv 0c Model)
 38. Setup Transfers
 39. Hold Transfers
 40. Report TCCS
 41. Report RSKM
 42. Unconstrained Paths Summary
 43. Clock Status Summary
 44. Unconstrained Input Ports
 45. Unconstrained Output Ports
 46. Unconstrained Input Ports
 47. Unconstrained Output Ports
 48. Timing Analyzer Messages



----------------
; Legal Notice ;
----------------
Copyright (C) 2025  Altera Corporation. All rights reserved.
Your use of Altera Corporation's design tools, logic functions 
and other software and tools, and any partner logic 
functions, and any output files from any of the foregoing 
(including device programming or simulation files), and any 
associated documentation or information are expressly subject 
to the terms and conditions of the Altera Program License 
Subscription Agreement, the Altera Quartus Prime License Agreement,
the Altera IP License Agreement, or other applicable license
agreement, including, without limitation, that your use is for
the sole purpose of programming logic devices manufactured by
Altera and sold by Altera or its authorized distributors.  Please
refer to the Altera Software License Subscription Agreements 
on the Quartus Prime software download page.



+---------------------------------------------------------------------------------+
; Timing Analyzer Summary                                                         ;
+-----------------------+---------------------------------------------------------+
; Quartus Prime Version ; Version 25.1std.0 Build 1129 10/21/2025 SC Lite Edition ;
; Timing Analyzer       ; Legacy Timing Analyzer                                  ;
; Revision Name         ; Pipeline_CPU                                            ;
; Device Family         ; Cyclone IV E                                            ;
; Device Name           ; EP4CE115F29C7                                           ;
; Timing Models         ; Final                                                   ;
; Delay Model           ; Combined                                                ;
; Rise/Fall Delays      ; Enabled                                                 ;
+-----------------------+---------------------------------------------------------+


+------------------------------------------+
; Parallel Compilation                     ;
+----------------------------+-------------+
; Processors                 ; Number      ;
+----------------------------+-------------+
; Number detected on machine ; 16          ;
; Maximum allowed            ; 10          ;
;                            ;             ;
; Average used               ; 1.18        ;
; Maximum used               ; 10          ;
;                            ;             ;
; Usage by Processor         ; % Time Used ;
;     Processor 1            ; 100.0%      ;
;     Processor 2            ;   5.2%      ;
;     Processor 3            ;   4.9%      ;
;     Processor 4            ;   4.7%      ;
;     Processors 5-10        ;   0.5%      ;
+----------------------------+-------------+


+------------------------------------------------------------------------------------------------------------------------------------------------------------------------------------+
; Clocks                                                                                                                                                                             ;
+------------+------+--------+------------+-------+-------+------------+-----------+-------------+-------+--------+-----------+------------+----------+--------+--------+------------+
; Clock Name ; Type ; Period ; Frequency  ; Rise  ; Fall  ; Duty Cycle ; Divide by ; Multiply by ; Phase ; Offset ; Edge List ; Edge Shift ; Inverted ; Master ; Source ; Targets    ;
+------------+------+--------+------------+-------+-------+------------+-----------+-------------+-------+--------+-----------+------------+----------+--------+--------+------------+
; KEY[0]     ; Base ; 1.000  ; 1000.0 MHz ; 0.000 ; 0.500 ;            ;           ;             ;       ;        ;           ;            ;          ;        ;        ; { KEY[0] } ;
+------------+------+--------+------------+-------+-------+------------+-----------+-------------+-------+--------+-----------+------------+----------+--------+--------+------------+


+--------------------------------------------------+
; Slow 1200mV 85C Model Fmax Summary               ;
+------------+-----------------+------------+------+
; Fmax       ; Restricted Fmax ; Clock Name ; Note ;
+------------+-----------------+------------+------+
; 137.25 MHz ; 137.25 MHz      ; KEY[0]     ;      ;
+------------+-----------------+------------+------+
This panel reports FMAX for every clock in the design, regardless of the user-specified clock periods.  FMAX is only computed for paths where the source and destination registers or ports are driven by the same clock.  Paths of different clocks, including generated clocks, are ignored.  For paths between a clock and its inversion, FMAX is computed as if the rising and falling edges are scaled along with FMAX, such that the duty cycle (in terms of a percentage) is maintained. Altera recommends that you always use clock constraints and other slack reports for sign-off analysis.


----------------------------------
; Timing Closure Recommendations ;
----------------------------------
HTML report is unavailable in plain text report export.


+-------------------------------------+
; Slow 1200mV 85C Model Setup Summary ;
+--------+--------+-------------------+
; Clock  ; Slack  ; End Point TNS     ;
+--------+--------+-------------------+
; KEY[0] ; -6.286 ; -459.117          ;
+--------+--------+-------------------+


+------------------------------------+
; Slow 1200mV 85C Model Hold Summary ;
+--------+-------+-------------------+
; Clock  ; Slack ; End Point TNS     ;
+--------+-------+-------------------+
; KEY[0] ; 0.440 ; 0.000             ;
+--------+-------+-------------------+


------------------------------------------
; Slow 1200mV 85C Model Recovery Summary ;
------------------------------------------
No paths to report.


-----------------------------------------
; Slow 1200mV 85C Model Removal Summary ;
-----------------------------------------
No paths to report.


+---------------------------------------------------+
; Slow 1200mV 85C Model Minimum Pulse Width Summary ;
+--------+--------+---------------------------------+
; Clock  ; Slack  ; End Point TNS                   ;
+--------+--------+---------------------------------+
; KEY[0] ; -3.000 ; -170.050                        ;
+--------+--------+---------------------------------+


+------------------------------------------------------------------------------------------------------------------+
; Slow 1200mV 85C Model Setup: 'KEY[0]'                                                                            ;
+--------+-----------------+-----------------+--------------+-------------+--------------+------------+------------+
; Slack  ; From Node       ; To Node         ; Launch Clock ; Latch Clock ; Relationship ; Clock Skew ; Data Delay ;
+--------+-----------------+-----------------+--------------+-------------+--------------+------------+------------+
; -6.286 ; IDEXE_opcode[3] ; div_divisor[1]  ; KEY[0]       ; KEY[0]      ; 1.000        ; 0.148      ; 7.452      ;
; -6.286 ; IDEXE_opcode[3] ; div_divisor[7]  ; KEY[0]       ; KEY[0]      ; 1.000        ; 0.148      ; 7.452      ;
; -6.217 ; IDEXE_opcode[2] ; div_divisor[1]  ; KEY[0]       ; KEY[0]      ; 1.000        ; 0.148      ; 7.383      ;
; -6.217 ; IDEXE_opcode[2] ; div_divisor[7]  ; KEY[0]       ; KEY[0]      ; 1.000        ; 0.148      ; 7.383      ;
; -6.163 ; IFID_opcode[3]  ; div_divisor[1]  ; KEY[0]       ; KEY[0]      ; 1.000        ; -0.204     ; 6.977      ;
; -6.163 ; IFID_opcode[3]  ; div_divisor[7]  ; KEY[0]       ; KEY[0]      ; 1.000        ; -0.204     ; 6.977      ;
; -6.161 ; IFID_opcode[2]  ; div_divisor[1]  ; KEY[0]       ; KEY[0]      ; 1.000        ; -0.204     ; 6.975      ;
; -6.161 ; IFID_opcode[2]  ; div_divisor[7]  ; KEY[0]       ; KEY[0]      ; 1.000        ; -0.204     ; 6.975      ;
; -6.136 ; IDEXE_rt_val[0] ; div_divisor[1]  ; KEY[0]       ; KEY[0]      ; 1.000        ; 0.148      ; 7.302      ;
; -6.136 ; IDEXE_rt_val[0] ; div_divisor[7]  ; KEY[0]       ; KEY[0]      ; 1.000        ; 0.148      ; 7.302      ;
; -6.095 ; IDEXE_opcode[3] ; IDEXE_rs_val[6] ; KEY[0]       ; KEY[0]      ; 1.000        ; -0.134     ; 6.979      ;
; -6.085 ; IDEXE_rt_val[3] ; div_divisor[1]  ; KEY[0]       ; KEY[0]      ; 1.000        ; 0.160      ; 7.263      ;
; -6.085 ; IDEXE_rt_val[3] ; div_divisor[7]  ; KEY[0]       ; KEY[0]      ; 1.000        ; 0.160      ; 7.263      ;
; -6.075 ; IDEXE_opcode[3] ; div_divisor[2]  ; KEY[0]       ; KEY[0]      ; 1.000        ; 0.169      ; 7.262      ;
; -6.075 ; IDEXE_opcode[3] ; div_divisor[4]  ; KEY[0]       ; KEY[0]      ; 1.000        ; 0.169      ; 7.262      ;
; -6.075 ; IDEXE_opcode[3] ; div_divisor[5]  ; KEY[0]       ; KEY[0]      ; 1.000        ; 0.169      ; 7.262      ;
; -6.075 ; IDEXE_opcode[3] ; div_divisor[6]  ; KEY[0]       ; KEY[0]      ; 1.000        ; 0.169      ; 7.262      ;
; -6.044 ; IDEXE_opcode[3] ; div_count[1]    ; KEY[0]       ; KEY[0]      ; 1.000        ; 0.211      ; 7.273      ;
; -6.026 ; IDEXE_opcode[2] ; IDEXE_rs_val[6] ; KEY[0]       ; KEY[0]      ; 1.000        ; -0.134     ; 6.910      ;
; -6.021 ; IDEXE_rt_val[4] ; div_divisor[1]  ; KEY[0]       ; KEY[0]      ; 1.000        ; 0.160      ; 7.199      ;
; -6.021 ; IDEXE_rt_val[4] ; div_divisor[7]  ; KEY[0]       ; KEY[0]      ; 1.000        ; 0.160      ; 7.199      ;
; -6.017 ; IFID_opcode[3]  ; div_quot[7]     ; KEY[0]       ; KEY[0]      ; 1.000        ; -0.080     ; 6.955      ;
; -6.017 ; IFID_opcode[3]  ; div_quot[1]     ; KEY[0]       ; KEY[0]      ; 1.000        ; -0.080     ; 6.955      ;
; -6.017 ; IFID_opcode[3]  ; div_quot[6]     ; KEY[0]       ; KEY[0]      ; 1.000        ; -0.080     ; 6.955      ;
; -6.015 ; IFID_opcode[2]  ; div_quot[7]     ; KEY[0]       ; KEY[0]      ; 1.000        ; -0.080     ; 6.953      ;
; -6.015 ; IFID_opcode[2]  ; div_quot[1]     ; KEY[0]       ; KEY[0]      ; 1.000        ; -0.080     ; 6.953      ;
; -6.015 ; IFID_opcode[2]  ; div_quot[6]     ; KEY[0]       ; KEY[0]      ; 1.000        ; -0.080     ; 6.953      ;
; -6.014 ; IFID_opcode[3]  ; div_quot[0]     ; KEY[0]       ; KEY[0]      ; 1.000        ; -0.080     ; 6.952      ;
; -6.012 ; IFID_opcode[2]  ; div_quot[0]     ; KEY[0]       ; KEY[0]      ; 1.000        ; -0.080     ; 6.950      ;
; -6.008 ; IDEXE_opcode[3] ; IDEXE_rs_val[7] ; KEY[0]       ; KEY[0]      ; 1.000        ; -0.134     ; 6.892      ;
; -6.006 ; IDEXE_opcode[2] ; div_divisor[2]  ; KEY[0]       ; KEY[0]      ; 1.000        ; 0.169      ; 7.193      ;
; -6.006 ; IDEXE_opcode[2] ; div_divisor[4]  ; KEY[0]       ; KEY[0]      ; 1.000        ; 0.169      ; 7.193      ;
; -6.006 ; IDEXE_opcode[2] ; div_divisor[5]  ; KEY[0]       ; KEY[0]      ; 1.000        ; 0.169      ; 7.193      ;
; -6.006 ; IDEXE_opcode[2] ; div_divisor[6]  ; KEY[0]       ; KEY[0]      ; 1.000        ; 0.169      ; 7.193      ;
; -5.997 ; IDEXE_opcode[3] ; div_rem[0]      ; KEY[0]       ; KEY[0]      ; 1.000        ; 0.180      ; 7.195      ;
; -5.997 ; IDEXE_opcode[3] ; div_rem[1]      ; KEY[0]       ; KEY[0]      ; 1.000        ; 0.180      ; 7.195      ;
; -5.997 ; IDEXE_opcode[3] ; div_rem[2]      ; KEY[0]       ; KEY[0]      ; 1.000        ; 0.180      ; 7.195      ;
; -5.997 ; IDEXE_opcode[3] ; div_rem[3]      ; KEY[0]       ; KEY[0]      ; 1.000        ; 0.180      ; 7.195      ;
; -5.997 ; IDEXE_opcode[3] ; div_rem[4]      ; KEY[0]       ; KEY[0]      ; 1.000        ; 0.180      ; 7.195      ;
; -5.997 ; IDEXE_opcode[3] ; div_rem[5]      ; KEY[0]       ; KEY[0]      ; 1.000        ; 0.180      ; 7.195      ;
; -5.997 ; IDEXE_opcode[3] ; div_rem[6]      ; KEY[0]       ; KEY[0]      ; 1.000        ; 0.180      ; 7.195      ;
; -5.992 ; IDEXE_opcode[3] ; div_divisor[0]  ; KEY[0]       ; KEY[0]      ; 1.000        ; 0.221      ; 7.231      ;
; -5.992 ; IDEXE_opcode[3] ; div_dividend[4] ; KEY[0]       ; KEY[0]      ; 1.000        ; 0.221      ; 7.231      ;
; -5.992 ; IDEXE_opcode[3] ; div_dividend[7] ; KEY[0]       ; KEY[0]      ; 1.000        ; 0.221      ; 7.231      ;
; -5.982 ; IFID_opcode[3]  ; div_divisor[2]  ; KEY[0]       ; KEY[0]      ; 1.000        ; -0.183     ; 6.817      ;
; -5.982 ; IFID_opcode[3]  ; div_divisor[4]  ; KEY[0]       ; KEY[0]      ; 1.000        ; -0.183     ; 6.817      ;
; -5.982 ; IFID_opcode[3]  ; div_divisor[5]  ; KEY[0]       ; KEY[0]      ; 1.000        ; -0.183     ; 6.817      ;
; -5.982 ; IFID_opcode[3]  ; div_divisor[6]  ; KEY[0]       ; KEY[0]      ; 1.000        ; -0.183     ; 6.817      ;
; -5.980 ; IFID_opcode[2]  ; div_divisor[2]  ; KEY[0]       ; KEY[0]      ; 1.000        ; -0.183     ; 6.815      ;
; -5.980 ; IFID_opcode[2]  ; div_divisor[4]  ; KEY[0]       ; KEY[0]      ; 1.000        ; -0.183     ; 6.815      ;
; -5.980 ; IFID_opcode[2]  ; div_divisor[5]  ; KEY[0]       ; KEY[0]      ; 1.000        ; -0.183     ; 6.815      ;
; -5.980 ; IFID_opcode[2]  ; div_divisor[6]  ; KEY[0]       ; KEY[0]      ; 1.000        ; -0.183     ; 6.815      ;
; -5.975 ; IDEXE_opcode[2] ; div_count[1]    ; KEY[0]       ; KEY[0]      ; 1.000        ; 0.211      ; 7.204      ;
; -5.963 ; IFID_rt_id[0]   ; div_divisor[1]  ; KEY[0]       ; KEY[0]      ; 1.000        ; -0.145     ; 6.836      ;
; -5.963 ; IFID_rt_id[0]   ; div_divisor[7]  ; KEY[0]       ; KEY[0]      ; 1.000        ; -0.145     ; 6.836      ;
; -5.963 ; IFID_opcode[0]  ; div_divisor[1]  ; KEY[0]       ; KEY[0]      ; 1.000        ; -0.204     ; 6.777      ;
; -5.963 ; IFID_opcode[0]  ; div_divisor[7]  ; KEY[0]       ; KEY[0]      ; 1.000        ; -0.204     ; 6.777      ;
; -5.961 ; IDEXE_opcode[3] ; div_quot[1]     ; KEY[0]       ; KEY[0]      ; 1.000        ; 0.245      ; 7.224      ;
; -5.961 ; IDEXE_opcode[3] ; div_quot[7]     ; KEY[0]       ; KEY[0]      ; 1.000        ; 0.245      ; 7.224      ;
; -5.961 ; IDEXE_opcode[3] ; div_quot[6]     ; KEY[0]       ; KEY[0]      ; 1.000        ; 0.245      ; 7.224      ;
; -5.958 ; IDEXE_opcode[3] ; div_quot[0]     ; KEY[0]       ; KEY[0]      ; 1.000        ; 0.245      ; 7.221      ;
; -5.942 ; IDEXE_rt_val[0] ; div_quot[1]     ; KEY[0]       ; KEY[0]      ; 1.000        ; 0.245      ; 7.205      ;
; -5.942 ; IDEXE_rt_val[0] ; div_quot[7]     ; KEY[0]       ; KEY[0]      ; 1.000        ; 0.245      ; 7.205      ;
; -5.942 ; IDEXE_rt_val[0] ; div_quot[6]     ; KEY[0]       ; KEY[0]      ; 1.000        ; 0.245      ; 7.205      ;
; -5.939 ; IDEXE_rt_val[0] ; div_quot[0]     ; KEY[0]       ; KEY[0]      ; 1.000        ; 0.245      ; 7.202      ;
; -5.928 ; IDEXE_opcode[2] ; div_rem[0]      ; KEY[0]       ; KEY[0]      ; 1.000        ; 0.180      ; 7.126      ;
; -5.928 ; IDEXE_opcode[2] ; div_rem[1]      ; KEY[0]       ; KEY[0]      ; 1.000        ; 0.180      ; 7.126      ;
; -5.928 ; IDEXE_opcode[2] ; div_rem[2]      ; KEY[0]       ; KEY[0]      ; 1.000        ; 0.180      ; 7.126      ;
; -5.928 ; IDEXE_opcode[2] ; div_rem[3]      ; KEY[0]       ; KEY[0]      ; 1.000        ; 0.180      ; 7.126      ;
; -5.928 ; IDEXE_opcode[2] ; div_rem[4]      ; KEY[0]       ; KEY[0]      ; 1.000        ; 0.180      ; 7.126      ;
; -5.928 ; IDEXE_opcode[2] ; div_rem[5]      ; KEY[0]       ; KEY[0]      ; 1.000        ; 0.180      ; 7.126      ;
; -5.928 ; IDEXE_opcode[2] ; div_rem[6]      ; KEY[0]       ; KEY[0]      ; 1.000        ; 0.180      ; 7.126      ;
; -5.927 ; IDEXE_rs_val[2] ; div_divisor[1]  ; KEY[0]       ; KEY[0]      ; 1.000        ; 0.160      ; 7.105      ;
; -5.927 ; IDEXE_rs_val[2] ; div_divisor[7]  ; KEY[0]       ; KEY[0]      ; 1.000        ; 0.160      ; 7.105      ;
; -5.925 ; IDEXE_rt_val[0] ; div_divisor[2]  ; KEY[0]       ; KEY[0]      ; 1.000        ; 0.169      ; 7.112      ;
; -5.925 ; IDEXE_rt_val[0] ; div_divisor[4]  ; KEY[0]       ; KEY[0]      ; 1.000        ; 0.169      ; 7.112      ;
; -5.925 ; IDEXE_rt_val[0] ; div_divisor[5]  ; KEY[0]       ; KEY[0]      ; 1.000        ; 0.169      ; 7.112      ;
; -5.925 ; IDEXE_rt_val[0] ; div_divisor[6]  ; KEY[0]       ; KEY[0]      ; 1.000        ; 0.169      ; 7.112      ;
; -5.923 ; IDEXE_opcode[2] ; div_divisor[0]  ; KEY[0]       ; KEY[0]      ; 1.000        ; 0.221      ; 7.162      ;
; -5.923 ; IDEXE_opcode[2] ; div_dividend[4] ; KEY[0]       ; KEY[0]      ; 1.000        ; 0.221      ; 7.162      ;
; -5.923 ; IDEXE_opcode[2] ; div_dividend[7] ; KEY[0]       ; KEY[0]      ; 1.000        ; 0.221      ; 7.162      ;
; -5.912 ; IDEXE_opcode[0] ; div_divisor[1]  ; KEY[0]       ; KEY[0]      ; 1.000        ; 0.148      ; 7.078      ;
; -5.912 ; IDEXE_opcode[0] ; div_divisor[7]  ; KEY[0]       ; KEY[0]      ; 1.000        ; 0.148      ; 7.078      ;
; -5.897 ; IDEXE_rt_val[0] ; div_count[1]    ; KEY[0]       ; KEY[0]      ; 1.000        ; 0.211      ; 7.126      ;
; -5.895 ; IDEXE_rs_val[1] ; div_divisor[1]  ; KEY[0]       ; KEY[0]      ; 1.000        ; 0.148      ; 7.061      ;
; -5.895 ; IDEXE_rs_val[1] ; div_divisor[7]  ; KEY[0]       ; KEY[0]      ; 1.000        ; 0.148      ; 7.061      ;
; -5.892 ; IDEXE_opcode[2] ; div_quot[1]     ; KEY[0]       ; KEY[0]      ; 1.000        ; 0.245      ; 7.155      ;
; -5.892 ; IDEXE_opcode[2] ; div_quot[7]     ; KEY[0]       ; KEY[0]      ; 1.000        ; 0.245      ; 7.155      ;
; -5.892 ; IDEXE_opcode[2] ; div_quot[6]     ; KEY[0]       ; KEY[0]      ; 1.000        ; 0.245      ; 7.155      ;
; -5.892 ; IFID_opcode[3]  ; div_dividend[4] ; KEY[0]       ; KEY[0]      ; 1.000        ; -0.131     ; 6.779      ;
; -5.892 ; IFID_opcode[3]  ; div_dividend[7] ; KEY[0]       ; KEY[0]      ; 1.000        ; -0.131     ; 6.779      ;
; -5.892 ; IFID_opcode[3]  ; div_divisor[0]  ; KEY[0]       ; KEY[0]      ; 1.000        ; -0.131     ; 6.779      ;
; -5.890 ; IFID_opcode[2]  ; div_dividend[4] ; KEY[0]       ; KEY[0]      ; 1.000        ; -0.131     ; 6.777      ;
; -5.890 ; IFID_opcode[2]  ; div_dividend[7] ; KEY[0]       ; KEY[0]      ; 1.000        ; -0.131     ; 6.777      ;
; -5.890 ; IFID_opcode[2]  ; div_divisor[0]  ; KEY[0]       ; KEY[0]      ; 1.000        ; -0.131     ; 6.777      ;
; -5.889 ; IDEXE_opcode[2] ; div_quot[0]     ; KEY[0]       ; KEY[0]      ; 1.000        ; 0.245      ; 7.152      ;
; -5.883 ; IDEXE_rt_val[0] ; IDEXE_rs_val[7] ; KEY[0]       ; KEY[0]      ; 1.000        ; -0.134     ; 6.767      ;
; -5.874 ; IDEXE_rt_val[3] ; div_divisor[2]  ; KEY[0]       ; KEY[0]      ; 1.000        ; 0.181      ; 7.073      ;
; -5.874 ; IDEXE_rt_val[3] ; div_divisor[4]  ; KEY[0]       ; KEY[0]      ; 1.000        ; 0.181      ; 7.073      ;
; -5.874 ; IDEXE_rt_val[3] ; div_divisor[5]  ; KEY[0]       ; KEY[0]      ; 1.000        ; 0.181      ; 7.073      ;
+--------+-----------------+-----------------+--------------+-------------+--------------+------------+------------+


+-------------------------------------------------------------------------------------------------------------------+
; Slow 1200mV 85C Model Hold: 'KEY[0]'                                                                              ;
+-------+-------------------+-----------------+--------------+-------------+--------------+------------+------------+
; Slack ; From Node         ; To Node         ; Launch Clock ; Latch Clock ; Relationship ; Clock Skew ; Data Delay ;
+-------+-------------------+-----------------+--------------+-------------+--------------+------------+------------+
; 0.440 ; div_count[2]      ; div_count[2]    ; KEY[0]       ; KEY[0]      ; 0.000        ; 0.043      ; 0.669      ;
; 0.440 ; div_count[1]      ; div_count[1]    ; KEY[0]       ; KEY[0]      ; 0.000        ; 0.043      ; 0.669      ;
; 0.440 ; div_quot[5]       ; div_quot[5]     ; KEY[0]       ; KEY[0]      ; 0.000        ; 0.043      ; 0.669      ;
; 0.440 ; div_quot[2]       ; div_quot[2]     ; KEY[0]       ; KEY[0]      ; 0.000        ; 0.043      ; 0.669      ;
; 0.440 ; div_quot[7]       ; div_quot[7]     ; KEY[0]       ; KEY[0]      ; 0.000        ; 0.043      ; 0.669      ;
; 0.440 ; div_count[0]      ; div_count[0]    ; KEY[0]       ; KEY[0]      ; 0.000        ; 0.043      ; 0.669      ;
; 0.440 ; div_quot[4]       ; div_quot[4]     ; KEY[0]       ; KEY[0]      ; 0.000        ; 0.043      ; 0.669      ;
; 0.440 ; div_quot[3]       ; div_quot[3]     ; KEY[0]       ; KEY[0]      ; 0.000        ; 0.043      ; 0.669      ;
; 0.440 ; div_quot[1]       ; div_quot[1]     ; KEY[0]       ; KEY[0]      ; 0.000        ; 0.043      ; 0.669      ;
; 0.440 ; div_quot[6]       ; div_quot[6]     ; KEY[0]       ; KEY[0]      ; 0.000        ; 0.043      ; 0.669      ;
; 0.440 ; div_quot[0]       ; div_quot[0]     ; KEY[0]       ; KEY[0]      ; 0.000        ; 0.043      ; 0.669      ;
; 0.484 ; div_rem[3]        ; div_rem[4]      ; KEY[0]       ; KEY[0]      ; 0.000        ; 0.049      ; 0.719      ;
; 0.590 ; div_quot[2]       ; EXEWB_result[2] ; KEY[0]       ; KEY[0]      ; 0.000        ; 0.052      ; 0.828      ;
; 0.692 ; div_rem[1]        ; div_rem[2]      ; KEY[0]       ; KEY[0]      ; 0.000        ; 0.049      ; 0.927      ;
; 0.693 ; div_rem[0]        ; div_rem[1]      ; KEY[0]       ; KEY[0]      ; 0.000        ; 0.049      ; 0.928      ;
; 0.698 ; div_rem[4]        ; div_rem[5]      ; KEY[0]       ; KEY[0]      ; 0.000        ; 0.049      ; 0.933      ;
; 0.700 ; div_count[0]      ; div_count[1]    ; KEY[0]       ; KEY[0]      ; 0.000        ; 0.051      ; 0.937      ;
; 0.717 ; div_rem[5]        ; div_rem[6]      ; KEY[0]       ; KEY[0]      ; 0.000        ; 0.049      ; 0.952      ;
; 0.734 ; div_quot[5]       ; EXEWB_result[5] ; KEY[0]       ; KEY[0]      ; 0.000        ; 0.052      ; 0.972      ;
; 0.747 ; IDEXE_valid       ; EXEWB_valid     ; KEY[0]       ; KEY[0]      ; 0.000        ; 0.113      ; 1.046      ;
; 0.843 ; div_rem[2]        ; div_rem[3]      ; KEY[0]       ; KEY[0]      ; 0.000        ; 0.049      ; 1.078      ;
; 0.847 ; IDEXE_opcode[0]   ; EXEWB_opcode[0] ; KEY[0]       ; KEY[0]      ; 0.000        ; 0.405      ; 1.438      ;
; 0.882 ; IDEXE_opcode[1]   ; EXEWB_opcode[1] ; KEY[0]       ; KEY[0]      ; 0.000        ; 0.400      ; 1.468      ;
; 0.888 ; EXEWB_result[0]   ; R1[0]           ; KEY[0]       ; KEY[0]      ; 0.000        ; 0.116      ; 1.190      ;
; 0.906 ; EXEWB_result[4]   ; R3[4]           ; KEY[0]       ; KEY[0]      ; 0.000        ; 0.493      ; 1.585      ;
; 0.913 ; EXEWB_result[0]   ; R2[0]           ; KEY[0]       ; KEY[0]      ; 0.000        ; 0.088      ; 1.187      ;
; 0.924 ; EXEWB_result[6]   ; R2[6]           ; KEY[0]       ; KEY[0]      ; 0.000        ; 0.088      ; 1.198      ;
; 0.930 ; EXEWB_result[6]   ; R3[6]           ; KEY[0]       ; KEY[0]      ; 0.000        ; 0.493      ; 1.609      ;
; 0.934 ; EXEWB_result[4]   ; R2[4]           ; KEY[0]       ; KEY[0]      ; 0.000        ; 0.088      ; 1.208      ;
; 0.945 ; EXEWB_result[4]   ; R1[4]           ; KEY[0]       ; KEY[0]      ; 0.000        ; 0.456      ; 1.587      ;
; 0.949 ; IDEXE_rs_id[1]    ; EXEWB_rs_id[1]  ; KEY[0]       ; KEY[0]      ; 0.000        ; 0.113      ; 1.248      ;
; 0.965 ; IFID_rs_id[1]     ; IDEXE_rs_id[1]  ; KEY[0]       ; KEY[0]      ; 0.000        ; 0.142      ; 1.293      ;
; 0.967 ; EXEWB_result[6]   ; R1[6]           ; KEY[0]       ; KEY[0]      ; 0.000        ; 0.456      ; 1.609      ;
; 0.970 ; EXEWB_result[0]   ; R3[0]           ; KEY[0]       ; KEY[0]      ; 0.000        ; 0.493      ; 1.649      ;
; 0.974 ; div_quot[1]       ; EXEWB_result[1] ; KEY[0]       ; KEY[0]      ; 0.000        ; 0.161      ; 1.321      ;
; 0.978 ; IDEXE_rs_id[0]    ; EXEWB_rs_id[0]  ; KEY[0]       ; KEY[0]      ; 0.000        ; 0.113      ; 1.277      ;
; 0.991 ; EXEWB_result[0]   ; R0[0]           ; KEY[0]       ; KEY[0]      ; 0.000        ; 0.417      ; 1.594      ;
; 1.013 ; EXEWB_result[4]   ; R0[4]           ; KEY[0]       ; KEY[0]      ; 0.000        ; 0.379      ; 1.578      ;
; 1.044 ; IFID_rs_id[0]     ; IDEXE_rs_id[0]  ; KEY[0]       ; KEY[0]      ; 0.000        ; 0.114      ; 1.344      ;
; 1.045 ; EXEWB_result[3]   ; R3[3]           ; KEY[0]       ; KEY[0]      ; 0.000        ; 0.079      ; 1.310      ;
; 1.065 ; EXEWB_result[2]   ; div_divisor[2]  ; KEY[0]       ; KEY[0]      ; 0.000        ; 0.043      ; 1.294      ;
; 1.069 ; EXEWB_result[7]   ; div_dividend[7] ; KEY[0]       ; KEY[0]      ; 0.000        ; 0.013      ; 1.268      ;
; 1.079 ; div_quot[5]       ; div_divisor[5]  ; KEY[0]       ; KEY[0]      ; 0.000        ; 0.043      ; 1.308      ;
; 1.093 ; div_state.DIV_RUN ; EXEWB_result[2] ; KEY[0]       ; KEY[0]      ; 0.000        ; 0.091      ; 1.370      ;
; 1.096 ; div_state.DIV_RUN ; EXEWB_result[5] ; KEY[0]       ; KEY[0]      ; 0.000        ; 0.091      ; 1.373      ;
; 1.110 ; div_quot[3]       ; div_divisor[3]  ; KEY[0]       ; KEY[0]      ; 0.000        ; 0.038      ; 1.334      ;
; 1.130 ; EXEWB_result[3]   ; R0[3]           ; KEY[0]       ; KEY[0]      ; 0.000        ; -0.009     ; 1.307      ;
; 1.158 ; IFID_data[1]      ; IDEXE_data[1]   ; KEY[0]       ; KEY[0]      ; 0.000        ; 0.563      ; 1.907      ;
; 1.161 ; EXEWB_result[5]   ; div_divisor[5]  ; KEY[0]       ; KEY[0]      ; 0.000        ; 0.043      ; 1.390      ;
; 1.183 ; IDEXE_data[2]     ; EXEWB_result[2] ; KEY[0]       ; KEY[0]      ; 0.000        ; 0.459      ; 1.828      ;
; 1.185 ; IFID_data[3]      ; IDEXE_data[3]   ; KEY[0]       ; KEY[0]      ; 0.000        ; 0.563      ; 1.934      ;
; 1.202 ; IDEXE_opcode[2]   ; EXEWB_opcode[2] ; KEY[0]       ; KEY[0]      ; 0.000        ; 0.405      ; 1.793      ;
; 1.215 ; EXEWB_result[6]   ; R0[6]           ; KEY[0]       ; KEY[0]      ; 0.000        ; 0.417      ; 1.818      ;
; 1.216 ; div_quot[2]       ; div_divisor[2]  ; KEY[0]       ; KEY[0]      ; 0.000        ; 0.043      ; 1.445      ;
; 1.219 ; div_state.DIV_RUN ; EXEWB_rs_id[1]  ; KEY[0]       ; KEY[0]      ; 0.000        ; 0.099      ; 1.504      ;
; 1.221 ; div_state.DIV_RUN ; EXEWB_rs_id[0]  ; KEY[0]       ; KEY[0]      ; 0.000        ; 0.099      ; 1.506      ;
; 1.226 ; div_state.DIV_RUN ; EXEWB_valid     ; KEY[0]       ; KEY[0]      ; 0.000        ; 0.099      ; 1.511      ;
; 1.236 ; IFID_data[7]      ; IDEXE_data[7]   ; KEY[0]       ; KEY[0]      ; 0.000        ; 0.273      ; 1.695      ;
; 1.249 ; EXEWB_result[3]   ; div_dividend[3] ; KEY[0]       ; KEY[0]      ; 0.000        ; 0.020      ; 1.455      ;
; 1.273 ; EXEWB_result[1]   ; div_dividend[1] ; KEY[0]       ; KEY[0]      ; 0.000        ; 0.020      ; 1.479      ;
; 1.322 ; IDEXE_data[7]     ; EXEWB_result[7] ; KEY[0]       ; KEY[0]      ; 0.000        ; 0.448      ; 1.956      ;
; 1.328 ; IDEXE_valid       ; div_divisor[3]  ; KEY[0]       ; KEY[0]      ; 0.000        ; 0.102      ; 1.616      ;
; 1.375 ; EXEWB_result[6]   ; div_dividend[6] ; KEY[0]       ; KEY[0]      ; 0.000        ; 0.372      ; 1.933      ;
; 1.388 ; EXEWB_result[4]   ; div_dividend[4] ; KEY[0]       ; KEY[0]      ; 0.000        ; 0.442      ; 2.016      ;
; 1.402 ; EXEWB_result[3]   ; R1[3]           ; KEY[0]       ; KEY[0]      ; 0.000        ; -0.236     ; 1.352      ;
; 1.413 ; R3[3]             ; div_dividend[3] ; KEY[0]       ; KEY[0]      ; 0.000        ; 0.018      ; 1.617      ;
; 1.413 ; R3[1]             ; div_dividend[1] ; KEY[0]       ; KEY[0]      ; 0.000        ; 0.183      ; 1.782      ;
; 1.417 ; EXEWB_result[2]   ; R2[2]           ; KEY[0]       ; KEY[0]      ; 0.000        ; -0.204     ; 1.399      ;
; 1.420 ; EXEWB_result[5]   ; div_dividend[5] ; KEY[0]       ; KEY[0]      ; 0.000        ; 0.017      ; 1.623      ;
; 1.432 ; EXEWB_result[3]   ; R2[3]           ; KEY[0]       ; KEY[0]      ; 0.000        ; -0.264     ; 1.354      ;
; 1.440 ; div_count[2]      ; div_quot[4]     ; KEY[0]       ; KEY[0]      ; 0.000        ; 0.050      ; 1.676      ;
; 1.440 ; R1[7]             ; div_dividend[7] ; KEY[0]       ; KEY[0]      ; 0.000        ; 0.222      ; 1.848      ;
; 1.446 ; IFID_data[5]      ; IDEXE_data[5]   ; KEY[0]       ; KEY[0]      ; 0.000        ; 0.244      ; 1.876      ;
; 1.448 ; div_count[2]      ; div_quot[2]     ; KEY[0]       ; KEY[0]      ; 0.000        ; 0.078      ; 1.712      ;
; 1.449 ; IDEXE_opcode[1]   ; EXEWB_result[6] ; KEY[0]       ; KEY[0]      ; 0.000        ; 0.101      ; 1.736      ;
; 1.454 ; div_state.DIV_RUN ; EXEWB_opcode[2] ; KEY[0]       ; KEY[0]      ; 0.000        ; 0.099      ; 1.739      ;
; 1.458 ; div_state.DIV_RUN ; EXEWB_opcode[3] ; KEY[0]       ; KEY[0]      ; 0.000        ; 0.099      ; 1.743      ;
; 1.461 ; div_state.DIV_RUN ; EXEWB_opcode[1] ; KEY[0]       ; KEY[0]      ; 0.000        ; 0.099      ; 1.746      ;
; 1.465 ; div_state.DIV_RUN ; EXEWB_opcode[0] ; KEY[0]       ; KEY[0]      ; 0.000        ; 0.099      ; 1.750      ;
; 1.465 ; IFID_data[0]      ; IDEXE_data[0]   ; KEY[0]       ; KEY[0]      ; 0.000        ; 0.236      ; 1.887      ;
; 1.471 ; IFID_data[6]      ; IDEXE_data[6]   ; KEY[0]       ; KEY[0]      ; 0.000        ; 0.244      ; 1.901      ;
; 1.471 ; EXEWB_result[2]   ; R0[2]           ; KEY[0]       ; KEY[0]      ; 0.000        ; -0.258     ; 1.399      ;
; 1.473 ; IDEXE_valid       ; div_divisor[5]  ; KEY[0]       ; KEY[0]      ; 0.000        ; 0.089      ; 1.748      ;
; 1.479 ; div_count[2]      ; div_quot[5]     ; KEY[0]       ; KEY[0]      ; 0.000        ; 0.078      ; 1.743      ;
; 1.479 ; EXEWB_result[2]   ; R3[2]           ; KEY[0]       ; KEY[0]      ; 0.000        ; 0.177      ; 1.842      ;
; 1.480 ; R3[6]             ; div_dividend[6] ; KEY[0]       ; KEY[0]      ; 0.000        ; 0.018      ; 1.684      ;
; 1.481 ; div_divisor[7]    ; div_rem[1]      ; KEY[0]       ; KEY[0]      ; 0.000        ; 0.139      ; 1.806      ;
; 1.481 ; div_divisor[7]    ; div_rem[2]      ; KEY[0]       ; KEY[0]      ; 0.000        ; 0.139      ; 1.806      ;
; 1.482 ; div_divisor[7]    ; div_rem[0]      ; KEY[0]       ; KEY[0]      ; 0.000        ; 0.139      ; 1.807      ;
; 1.482 ; div_divisor[7]    ; div_rem[3]      ; KEY[0]       ; KEY[0]      ; 0.000        ; 0.139      ; 1.807      ;
; 1.482 ; div_divisor[7]    ; div_rem[5]      ; KEY[0]       ; KEY[0]      ; 0.000        ; 0.139      ; 1.807      ;
; 1.482 ; div_divisor[7]    ; div_rem[6]      ; KEY[0]       ; KEY[0]      ; 0.000        ; 0.139      ; 1.807      ;
; 1.486 ; div_divisor[1]    ; div_rem[1]      ; KEY[0]       ; KEY[0]      ; 0.000        ; 0.139      ; 1.811      ;
; 1.487 ; R1[5]             ; div_dividend[5] ; KEY[0]       ; KEY[0]      ; 0.000        ; 0.139      ; 1.812      ;
; 1.490 ; div_divisor[6]    ; div_rem[6]      ; KEY[0]       ; KEY[0]      ; 0.000        ; 0.118      ; 1.794      ;
; 1.494 ; IDEXE_opcode[1]   ; EXEWB_result[7] ; KEY[0]       ; KEY[0]      ; 0.000        ; 0.448      ; 2.128      ;
; 1.498 ; IFID_data[4]      ; IDEXE_data[4]   ; KEY[0]       ; KEY[0]      ; 0.000        ; 0.228      ; 1.912      ;
; 1.503 ; IDEXE_opcode[3]   ; EXEWB_result[7] ; KEY[0]       ; KEY[0]      ; 0.000        ; 0.501      ; 2.190      ;
; 1.504 ; R2[6]             ; div_dividend[6] ; KEY[0]       ; KEY[0]      ; 0.000        ; 0.379      ; 2.069      ;
; 1.514 ; IDEXE_opcode[3]   ; EXEWB_opcode[3] ; KEY[0]       ; KEY[0]      ; 0.000        ; 0.405      ; 2.105      ;
+-------+-------------------+-----------------+--------------+-------------+--------------+------------+------------+


-----------------------------------------------
; Slow 1200mV 85C Model Metastability Summary ;
-----------------------------------------------
Design MTBF is not calculated because the design doesn't meet its timing requirements.



+--------------------------------------------------+
; Slow 1200mV 0C Model Fmax Summary                ;
+------------+-----------------+------------+------+
; Fmax       ; Restricted Fmax ; Clock Name ; Note ;
+------------+-----------------+------------+------+
; 149.45 MHz ; 149.45 MHz      ; KEY[0]     ;      ;
+------------+-----------------+------------+------+
This panel reports FMAX for every clock in the design, regardless of the user-specified clock periods.  FMAX is only computed for paths where the source and destination registers or ports are driven by the same clock.  Paths of different clocks, including generated clocks, are ignored.  For paths between a clock and its inversion, FMAX is computed as if the rising and falling edges are scaled along with FMAX, such that the duty cycle (in terms of a percentage) is maintained. Altera recommends that you always use clock constraints and other slack reports for sign-off analysis.


+------------------------------------+
; Slow 1200mV 0C Model Setup Summary ;
+--------+--------+------------------+
; Clock  ; Slack  ; End Point TNS    ;
+--------+--------+------------------+
; KEY[0] ; -5.691 ; -409.869         ;
+--------+--------+------------------+


+-----------------------------------+
; Slow 1200mV 0C Model Hold Summary ;
+--------+-------+------------------+
; Clock  ; Slack ; End Point TNS    ;
+--------+-------+------------------+
; KEY[0] ; 0.387 ; 0.000            ;
+--------+-------+------------------+


-----------------------------------------
; Slow 1200mV 0C Model Recovery Summary ;
-----------------------------------------
No paths to report.


----------------------------------------
; Slow 1200mV 0C Model Removal Summary ;
----------------------------------------
No paths to report.


+--------------------------------------------------+
; Slow 1200mV 0C Model Minimum Pulse Width Summary ;
+--------+--------+--------------------------------+
; Clock  ; Slack  ; End Point TNS                  ;
+--------+--------+--------------------------------+
; KEY[0] ; -3.000 ; -170.050                       ;
+--------+--------+--------------------------------+


+------------------------------------------------------------------------------------------------------------------+
; Slow 1200mV 0C Model Setup: 'KEY[0]'                                                                             ;
+--------+-----------------+-----------------+--------------+-------------+--------------+------------+------------+
; Slack  ; From Node       ; To Node         ; Launch Clock ; Latch Clock ; Relationship ; Clock Skew ; Data Delay ;
+--------+-----------------+-----------------+--------------+-------------+--------------+------------+------------+
; -5.691 ; IDEXE_opcode[3] ; div_divisor[1]  ; KEY[0]       ; KEY[0]      ; 1.000        ; 0.134      ; 6.844      ;
; -5.691 ; IDEXE_opcode[3] ; div_divisor[7]  ; KEY[0]       ; KEY[0]      ; 1.000        ; 0.134      ; 6.844      ;
; -5.589 ; IDEXE_opcode[2] ; div_divisor[1]  ; KEY[0]       ; KEY[0]      ; 1.000        ; 0.134      ; 6.742      ;
; -5.589 ; IDEXE_opcode[2] ; div_divisor[7]  ; KEY[0]       ; KEY[0]      ; 1.000        ; 0.134      ; 6.742      ;
; -5.536 ; IDEXE_rt_val[3] ; div_divisor[1]  ; KEY[0]       ; KEY[0]      ; 1.000        ; 0.137      ; 6.692      ;
; -5.536 ; IDEXE_rt_val[3] ; div_divisor[7]  ; KEY[0]       ; KEY[0]      ; 1.000        ; 0.137      ; 6.692      ;
; -5.531 ; IDEXE_rt_val[0] ; div_divisor[1]  ; KEY[0]       ; KEY[0]      ; 1.000        ; 0.134      ; 6.684      ;
; -5.531 ; IDEXE_rt_val[0] ; div_divisor[7]  ; KEY[0]       ; KEY[0]      ; 1.000        ; 0.134      ; 6.684      ;
; -5.528 ; IDEXE_opcode[3] ; IDEXE_rs_val[6] ; KEY[0]       ; KEY[0]      ; 1.000        ; -0.114     ; 6.433      ;
; -5.515 ; IFID_opcode[3]  ; div_divisor[1]  ; KEY[0]       ; KEY[0]      ; 1.000        ; -0.173     ; 6.361      ;
; -5.515 ; IFID_opcode[3]  ; div_divisor[7]  ; KEY[0]       ; KEY[0]      ; 1.000        ; -0.173     ; 6.361      ;
; -5.501 ; IFID_opcode[2]  ; div_divisor[1]  ; KEY[0]       ; KEY[0]      ; 1.000        ; -0.173     ; 6.347      ;
; -5.501 ; IFID_opcode[2]  ; div_divisor[7]  ; KEY[0]       ; KEY[0]      ; 1.000        ; -0.173     ; 6.347      ;
; -5.488 ; IDEXE_opcode[3] ; div_divisor[2]  ; KEY[0]       ; KEY[0]      ; 1.000        ; 0.152      ; 6.659      ;
; -5.488 ; IDEXE_opcode[3] ; div_divisor[4]  ; KEY[0]       ; KEY[0]      ; 1.000        ; 0.152      ; 6.659      ;
; -5.488 ; IDEXE_opcode[3] ; div_divisor[5]  ; KEY[0]       ; KEY[0]      ; 1.000        ; 0.152      ; 6.659      ;
; -5.488 ; IDEXE_opcode[3] ; div_divisor[6]  ; KEY[0]       ; KEY[0]      ; 1.000        ; 0.152      ; 6.659      ;
; -5.463 ; IDEXE_rt_val[4] ; div_divisor[1]  ; KEY[0]       ; KEY[0]      ; 1.000        ; 0.137      ; 6.619      ;
; -5.463 ; IDEXE_rt_val[4] ; div_divisor[7]  ; KEY[0]       ; KEY[0]      ; 1.000        ; 0.137      ; 6.619      ;
; -5.437 ; IDEXE_opcode[3] ; IDEXE_rs_val[7] ; KEY[0]       ; KEY[0]      ; 1.000        ; -0.114     ; 6.342      ;
; -5.426 ; IDEXE_opcode[2] ; IDEXE_rs_val[6] ; KEY[0]       ; KEY[0]      ; 1.000        ; -0.114     ; 6.331      ;
; -5.414 ; IDEXE_opcode[3] ; div_count[1]    ; KEY[0]       ; KEY[0]      ; 1.000        ; 0.180      ; 6.613      ;
; -5.405 ; IDEXE_opcode[3] ; div_rem[0]      ; KEY[0]       ; KEY[0]      ; 1.000        ; 0.153      ; 6.577      ;
; -5.405 ; IDEXE_opcode[3] ; div_rem[1]      ; KEY[0]       ; KEY[0]      ; 1.000        ; 0.153      ; 6.577      ;
; -5.405 ; IDEXE_opcode[3] ; div_rem[2]      ; KEY[0]       ; KEY[0]      ; 1.000        ; 0.153      ; 6.577      ;
; -5.405 ; IDEXE_opcode[3] ; div_rem[3]      ; KEY[0]       ; KEY[0]      ; 1.000        ; 0.153      ; 6.577      ;
; -5.405 ; IDEXE_opcode[3] ; div_rem[4]      ; KEY[0]       ; KEY[0]      ; 1.000        ; 0.153      ; 6.577      ;
; -5.405 ; IDEXE_opcode[3] ; div_rem[5]      ; KEY[0]       ; KEY[0]      ; 1.000        ; 0.153      ; 6.577      ;
; -5.405 ; IDEXE_opcode[3] ; div_rem[6]      ; KEY[0]       ; KEY[0]      ; 1.000        ; 0.153      ; 6.577      ;
; -5.405 ; IFID_rt_id[0]   ; div_divisor[1]  ; KEY[0]       ; KEY[0]      ; 1.000        ; -0.121     ; 6.303      ;
; -5.405 ; IFID_rt_id[0]   ; div_divisor[7]  ; KEY[0]       ; KEY[0]      ; 1.000        ; -0.121     ; 6.303      ;
; -5.397 ; IFID_opcode[3]  ; div_quot[7]     ; KEY[0]       ; KEY[0]      ; 1.000        ; -0.071     ; 6.345      ;
; -5.397 ; IFID_opcode[3]  ; div_quot[1]     ; KEY[0]       ; KEY[0]      ; 1.000        ; -0.071     ; 6.345      ;
; -5.397 ; IFID_opcode[3]  ; div_quot[6]     ; KEY[0]       ; KEY[0]      ; 1.000        ; -0.071     ; 6.345      ;
; -5.396 ; IDEXE_opcode[3] ; div_divisor[0]  ; KEY[0]       ; KEY[0]      ; 1.000        ; 0.211      ; 6.626      ;
; -5.396 ; IDEXE_opcode[3] ; div_dividend[4] ; KEY[0]       ; KEY[0]      ; 1.000        ; 0.211      ; 6.626      ;
; -5.396 ; IDEXE_opcode[3] ; div_dividend[7] ; KEY[0]       ; KEY[0]      ; 1.000        ; 0.211      ; 6.626      ;
; -5.394 ; IFID_opcode[3]  ; div_quot[0]     ; KEY[0]       ; KEY[0]      ; 1.000        ; -0.071     ; 6.342      ;
; -5.391 ; IFID_opcode[2]  ; div_quot[7]     ; KEY[0]       ; KEY[0]      ; 1.000        ; -0.071     ; 6.339      ;
; -5.391 ; IFID_opcode[2]  ; div_quot[1]     ; KEY[0]       ; KEY[0]      ; 1.000        ; -0.071     ; 6.339      ;
; -5.391 ; IFID_opcode[2]  ; div_quot[6]     ; KEY[0]       ; KEY[0]      ; 1.000        ; -0.071     ; 6.339      ;
; -5.388 ; IFID_opcode[2]  ; div_quot[0]     ; KEY[0]       ; KEY[0]      ; 1.000        ; -0.071     ; 6.336      ;
; -5.386 ; IDEXE_opcode[2] ; div_divisor[2]  ; KEY[0]       ; KEY[0]      ; 1.000        ; 0.152      ; 6.557      ;
; -5.386 ; IDEXE_opcode[2] ; div_divisor[4]  ; KEY[0]       ; KEY[0]      ; 1.000        ; 0.152      ; 6.557      ;
; -5.386 ; IDEXE_opcode[2] ; div_divisor[5]  ; KEY[0]       ; KEY[0]      ; 1.000        ; 0.152      ; 6.557      ;
; -5.386 ; IDEXE_opcode[2] ; div_divisor[6]  ; KEY[0]       ; KEY[0]      ; 1.000        ; 0.152      ; 6.557      ;
; -5.370 ; IDEXE_opcode[0] ; div_divisor[1]  ; KEY[0]       ; KEY[0]      ; 1.000        ; 0.134      ; 6.523      ;
; -5.370 ; IDEXE_opcode[0] ; div_divisor[7]  ; KEY[0]       ; KEY[0]      ; 1.000        ; 0.134      ; 6.523      ;
; -5.350 ; IDEXE_rs_val[2] ; div_divisor[1]  ; KEY[0]       ; KEY[0]      ; 1.000        ; 0.137      ; 6.506      ;
; -5.350 ; IDEXE_rs_val[2] ; div_divisor[7]  ; KEY[0]       ; KEY[0]      ; 1.000        ; 0.137      ; 6.506      ;
; -5.348 ; IDEXE_rt_val[0] ; div_quot[1]     ; KEY[0]       ; KEY[0]      ; 1.000        ; 0.212      ; 6.579      ;
; -5.348 ; IDEXE_rt_val[0] ; div_quot[7]     ; KEY[0]       ; KEY[0]      ; 1.000        ; 0.212      ; 6.579      ;
; -5.348 ; IDEXE_rt_val[0] ; div_quot[6]     ; KEY[0]       ; KEY[0]      ; 1.000        ; 0.212      ; 6.579      ;
; -5.347 ; IDEXE_opcode[3] ; div_quot[1]     ; KEY[0]       ; KEY[0]      ; 1.000        ; 0.212      ; 6.578      ;
; -5.347 ; IDEXE_opcode[3] ; div_quot[7]     ; KEY[0]       ; KEY[0]      ; 1.000        ; 0.212      ; 6.578      ;
; -5.347 ; IDEXE_opcode[3] ; div_quot[6]     ; KEY[0]       ; KEY[0]      ; 1.000        ; 0.212      ; 6.578      ;
; -5.346 ; IFID_opcode[0]  ; div_divisor[1]  ; KEY[0]       ; KEY[0]      ; 1.000        ; -0.173     ; 6.192      ;
; -5.346 ; IFID_opcode[0]  ; div_divisor[7]  ; KEY[0]       ; KEY[0]      ; 1.000        ; -0.173     ; 6.192      ;
; -5.345 ; IDEXE_rt_val[0] ; div_quot[0]     ; KEY[0]       ; KEY[0]      ; 1.000        ; 0.212      ; 6.576      ;
; -5.344 ; IDEXE_opcode[3] ; div_quot[0]     ; KEY[0]       ; KEY[0]      ; 1.000        ; 0.212      ; 6.575      ;
; -5.333 ; IDEXE_rt_val[3] ; div_divisor[2]  ; KEY[0]       ; KEY[0]      ; 1.000        ; 0.155      ; 6.507      ;
; -5.333 ; IDEXE_rt_val[3] ; div_divisor[4]  ; KEY[0]       ; KEY[0]      ; 1.000        ; 0.155      ; 6.507      ;
; -5.333 ; IDEXE_rt_val[3] ; div_divisor[5]  ; KEY[0]       ; KEY[0]      ; 1.000        ; 0.155      ; 6.507      ;
; -5.333 ; IDEXE_rt_val[3] ; div_divisor[6]  ; KEY[0]       ; KEY[0]      ; 1.000        ; 0.155      ; 6.507      ;
; -5.328 ; IDEXE_rt_val[0] ; div_divisor[2]  ; KEY[0]       ; KEY[0]      ; 1.000        ; 0.152      ; 6.499      ;
; -5.328 ; IDEXE_rt_val[0] ; div_divisor[4]  ; KEY[0]       ; KEY[0]      ; 1.000        ; 0.152      ; 6.499      ;
; -5.328 ; IDEXE_rt_val[0] ; div_divisor[5]  ; KEY[0]       ; KEY[0]      ; 1.000        ; 0.152      ; 6.499      ;
; -5.328 ; IDEXE_rt_val[0] ; div_divisor[6]  ; KEY[0]       ; KEY[0]      ; 1.000        ; 0.152      ; 6.499      ;
; -5.312 ; IDEXE_opcode[2] ; div_count[1]    ; KEY[0]       ; KEY[0]      ; 1.000        ; 0.180      ; 6.511      ;
; -5.312 ; IFID_opcode[3]  ; div_divisor[2]  ; KEY[0]       ; KEY[0]      ; 1.000        ; -0.155     ; 6.176      ;
; -5.312 ; IFID_opcode[3]  ; div_divisor[4]  ; KEY[0]       ; KEY[0]      ; 1.000        ; -0.155     ; 6.176      ;
; -5.312 ; IFID_opcode[3]  ; div_divisor[5]  ; KEY[0]       ; KEY[0]      ; 1.000        ; -0.155     ; 6.176      ;
; -5.312 ; IFID_opcode[3]  ; div_divisor[6]  ; KEY[0]       ; KEY[0]      ; 1.000        ; -0.155     ; 6.176      ;
; -5.309 ; IDEXE_rt_val[3] ; IDEXE_rs_val[6] ; KEY[0]       ; KEY[0]      ; 1.000        ; -0.047     ; 6.281      ;
; -5.307 ; IDEXE_opcode[2] ; div_quot[1]     ; KEY[0]       ; KEY[0]      ; 1.000        ; 0.212      ; 6.538      ;
; -5.307 ; IDEXE_opcode[2] ; div_quot[7]     ; KEY[0]       ; KEY[0]      ; 1.000        ; 0.212      ; 6.538      ;
; -5.307 ; IDEXE_opcode[2] ; div_quot[6]     ; KEY[0]       ; KEY[0]      ; 1.000        ; 0.212      ; 6.538      ;
; -5.306 ; IDEXE_rs_val[1] ; div_divisor[1]  ; KEY[0]       ; KEY[0]      ; 1.000        ; 0.134      ; 6.459      ;
; -5.306 ; IDEXE_rs_val[1] ; div_divisor[7]  ; KEY[0]       ; KEY[0]      ; 1.000        ; 0.134      ; 6.459      ;
; -5.306 ; IDEXE_rt_val[0] ; IDEXE_rs_val[7] ; KEY[0]       ; KEY[0]      ; 1.000        ; -0.114     ; 6.211      ;
; -5.304 ; IDEXE_opcode[2] ; div_quot[0]     ; KEY[0]       ; KEY[0]      ; 1.000        ; 0.212      ; 6.535      ;
; -5.304 ; IFID_opcode[2]  ; div_divisor[2]  ; KEY[0]       ; KEY[0]      ; 1.000        ; -0.155     ; 6.168      ;
; -5.304 ; IFID_opcode[2]  ; div_divisor[4]  ; KEY[0]       ; KEY[0]      ; 1.000        ; -0.155     ; 6.168      ;
; -5.304 ; IFID_opcode[2]  ; div_divisor[5]  ; KEY[0]       ; KEY[0]      ; 1.000        ; -0.155     ; 6.168      ;
; -5.304 ; IFID_opcode[2]  ; div_divisor[6]  ; KEY[0]       ; KEY[0]      ; 1.000        ; -0.155     ; 6.168      ;
; -5.303 ; IDEXE_opcode[2] ; div_rem[0]      ; KEY[0]       ; KEY[0]      ; 1.000        ; 0.153      ; 6.475      ;
; -5.303 ; IDEXE_opcode[2] ; div_rem[1]      ; KEY[0]       ; KEY[0]      ; 1.000        ; 0.153      ; 6.475      ;
; -5.303 ; IDEXE_opcode[2] ; div_rem[2]      ; KEY[0]       ; KEY[0]      ; 1.000        ; 0.153      ; 6.475      ;
; -5.303 ; IDEXE_opcode[2] ; div_rem[3]      ; KEY[0]       ; KEY[0]      ; 1.000        ; 0.153      ; 6.475      ;
; -5.303 ; IDEXE_opcode[2] ; div_rem[4]      ; KEY[0]       ; KEY[0]      ; 1.000        ; 0.153      ; 6.475      ;
; -5.303 ; IDEXE_opcode[2] ; div_rem[5]      ; KEY[0]       ; KEY[0]      ; 1.000        ; 0.153      ; 6.475      ;
; -5.303 ; IDEXE_opcode[2] ; div_rem[6]      ; KEY[0]       ; KEY[0]      ; 1.000        ; 0.153      ; 6.475      ;
; -5.302 ; IDEXE_opcode[0] ; div_rem[0]      ; KEY[0]       ; KEY[0]      ; 1.000        ; 0.153      ; 6.474      ;
; -5.302 ; IDEXE_opcode[0] ; div_rem[1]      ; KEY[0]       ; KEY[0]      ; 1.000        ; 0.153      ; 6.474      ;
; -5.302 ; IDEXE_opcode[0] ; div_rem[2]      ; KEY[0]       ; KEY[0]      ; 1.000        ; 0.153      ; 6.474      ;
; -5.302 ; IDEXE_opcode[0] ; div_rem[3]      ; KEY[0]       ; KEY[0]      ; 1.000        ; 0.153      ; 6.474      ;
; -5.302 ; IDEXE_opcode[0] ; div_rem[4]      ; KEY[0]       ; KEY[0]      ; 1.000        ; 0.153      ; 6.474      ;
; -5.302 ; IDEXE_opcode[0] ; div_rem[5]      ; KEY[0]       ; KEY[0]      ; 1.000        ; 0.153      ; 6.474      ;
; -5.302 ; IDEXE_opcode[0] ; div_rem[6]      ; KEY[0]       ; KEY[0]      ; 1.000        ; 0.153      ; 6.474      ;
; -5.294 ; IDEXE_opcode[2] ; div_divisor[0]  ; KEY[0]       ; KEY[0]      ; 1.000        ; 0.211      ; 6.524      ;
+--------+-----------------+-----------------+--------------+-------------+--------------+------------+------------+


+-------------------------------------------------------------------------------------------------------------------+
; Slow 1200mV 0C Model Hold: 'KEY[0]'                                                                               ;
+-------+-------------------+-----------------+--------------+-------------+--------------+------------+------------+
; Slack ; From Node         ; To Node         ; Launch Clock ; Latch Clock ; Relationship ; Clock Skew ; Data Delay ;
+-------+-------------------+-----------------+--------------+-------------+--------------+------------+------------+
; 0.387 ; div_count[0]      ; div_count[0]    ; KEY[0]       ; KEY[0]      ; 0.000        ; 0.039      ; 0.597      ;
; 0.387 ; div_quot[3]       ; div_quot[3]     ; KEY[0]       ; KEY[0]      ; 0.000        ; 0.039      ; 0.597      ;
; 0.387 ; div_quot[2]       ; div_quot[2]     ; KEY[0]       ; KEY[0]      ; 0.000        ; 0.039      ; 0.597      ;
; 0.387 ; div_count[2]      ; div_count[2]    ; KEY[0]       ; KEY[0]      ; 0.000        ; 0.039      ; 0.597      ;
; 0.387 ; div_quot[7]       ; div_quot[7]     ; KEY[0]       ; KEY[0]      ; 0.000        ; 0.039      ; 0.597      ;
; 0.387 ; div_quot[5]       ; div_quot[5]     ; KEY[0]       ; KEY[0]      ; 0.000        ; 0.039      ; 0.597      ;
; 0.387 ; div_quot[4]       ; div_quot[4]     ; KEY[0]       ; KEY[0]      ; 0.000        ; 0.039      ; 0.597      ;
; 0.387 ; div_count[1]      ; div_count[1]    ; KEY[0]       ; KEY[0]      ; 0.000        ; 0.039      ; 0.597      ;
; 0.387 ; div_quot[1]       ; div_quot[1]     ; KEY[0]       ; KEY[0]      ; 0.000        ; 0.039      ; 0.597      ;
; 0.387 ; div_quot[0]       ; div_quot[0]     ; KEY[0]       ; KEY[0]      ; 0.000        ; 0.039      ; 0.597      ;
; 0.387 ; div_quot[6]       ; div_quot[6]     ; KEY[0]       ; KEY[0]      ; 0.000        ; 0.039      ; 0.597      ;
; 0.447 ; div_rem[3]        ; div_rem[4]      ; KEY[0]       ; KEY[0]      ; 0.000        ; 0.043      ; 0.661      ;
; 0.543 ; div_quot[2]       ; EXEWB_result[2] ; KEY[0]       ; KEY[0]      ; 0.000        ; 0.045      ; 0.759      ;
; 0.632 ; div_rem[1]        ; div_rem[2]      ; KEY[0]       ; KEY[0]      ; 0.000        ; 0.043      ; 0.846      ;
; 0.633 ; div_rem[0]        ; div_rem[1]      ; KEY[0]       ; KEY[0]      ; 0.000        ; 0.043      ; 0.847      ;
; 0.638 ; div_rem[4]        ; div_rem[5]      ; KEY[0]       ; KEY[0]      ; 0.000        ; 0.043      ; 0.852      ;
; 0.641 ; div_count[0]      ; div_count[1]    ; KEY[0]       ; KEY[0]      ; 0.000        ; 0.045      ; 0.857      ;
; 0.654 ; div_rem[5]        ; div_rem[6]      ; KEY[0]       ; KEY[0]      ; 0.000        ; 0.043      ; 0.868      ;
; 0.676 ; div_quot[5]       ; EXEWB_result[5] ; KEY[0]       ; KEY[0]      ; 0.000        ; 0.045      ; 0.892      ;
; 0.696 ; IDEXE_valid       ; EXEWB_valid     ; KEY[0]       ; KEY[0]      ; 0.000        ; 0.105      ; 0.972      ;
; 0.755 ; IDEXE_opcode[0]   ; EXEWB_opcode[0] ; KEY[0]       ; KEY[0]      ; 0.000        ; 0.359      ; 1.285      ;
; 0.781 ; div_rem[2]        ; div_rem[3]      ; KEY[0]       ; KEY[0]      ; 0.000        ; 0.043      ; 0.995      ;
; 0.805 ; IDEXE_opcode[1]   ; EXEWB_opcode[1] ; KEY[0]       ; KEY[0]      ; 0.000        ; 0.347      ; 1.323      ;
; 0.820 ; EXEWB_result[0]   ; R1[0]           ; KEY[0]       ; KEY[0]      ; 0.000        ; 0.097      ; 1.088      ;
; 0.839 ; EXEWB_result[0]   ; R2[0]           ; KEY[0]       ; KEY[0]      ; 0.000        ; 0.075      ; 1.085      ;
; 0.846 ; div_quot[1]       ; EXEWB_result[1] ; KEY[0]       ; KEY[0]      ; 0.000        ; 0.162      ; 1.179      ;
; 0.846 ; EXEWB_result[4]   ; R3[4]           ; KEY[0]       ; KEY[0]      ; 0.000        ; 0.452      ; 1.469      ;
; 0.847 ; EXEWB_result[6]   ; R2[6]           ; KEY[0]       ; KEY[0]      ; 0.000        ; 0.075      ; 1.093      ;
; 0.857 ; EXEWB_result[6]   ; R3[6]           ; KEY[0]       ; KEY[0]      ; 0.000        ; 0.452      ; 1.480      ;
; 0.859 ; EXEWB_result[4]   ; R2[4]           ; KEY[0]       ; KEY[0]      ; 0.000        ; 0.075      ; 1.105      ;
; 0.863 ; IDEXE_rs_id[1]    ; EXEWB_rs_id[1]  ; KEY[0]       ; KEY[0]      ; 0.000        ; 0.105      ; 1.139      ;
; 0.879 ; EXEWB_result[4]   ; R1[4]           ; KEY[0]       ; KEY[0]      ; 0.000        ; 0.421      ; 1.471      ;
; 0.886 ; EXEWB_result[0]   ; R3[0]           ; KEY[0]       ; KEY[0]      ; 0.000        ; 0.452      ; 1.509      ;
; 0.889 ; EXEWB_result[6]   ; R1[6]           ; KEY[0]       ; KEY[0]      ; 0.000        ; 0.421      ; 1.481      ;
; 0.889 ; IDEXE_rs_id[0]    ; EXEWB_rs_id[0]  ; KEY[0]       ; KEY[0]      ; 0.000        ; 0.105      ; 1.165      ;
; 0.903 ; IFID_rs_id[1]     ; IDEXE_rs_id[1]  ; KEY[0]       ; KEY[0]      ; 0.000        ; 0.127      ; 1.201      ;
; 0.935 ; EXEWB_result[0]   ; R0[0]           ; KEY[0]       ; KEY[0]      ; 0.000        ; 0.361      ; 1.467      ;
; 0.937 ; EXEWB_result[4]   ; R0[4]           ; KEY[0]       ; KEY[0]      ; 0.000        ; 0.343      ; 1.451      ;
; 0.957 ; EXEWB_result[3]   ; R3[3]           ; KEY[0]       ; KEY[0]      ; 0.000        ; 0.073      ; 1.201      ;
; 0.964 ; IFID_rs_id[0]     ; IDEXE_rs_id[0]  ; KEY[0]       ; KEY[0]      ; 0.000        ; 0.098      ; 1.233      ;
; 0.967 ; EXEWB_result[2]   ; div_divisor[2]  ; KEY[0]       ; KEY[0]      ; 0.000        ; 0.047      ; 1.185      ;
; 0.977 ; EXEWB_result[7]   ; div_dividend[7] ; KEY[0]       ; KEY[0]      ; 0.000        ; 0.015      ; 1.163      ;
; 0.979 ; div_quot[5]       ; div_divisor[5]  ; KEY[0]       ; KEY[0]      ; 0.000        ; 0.047      ; 1.197      ;
; 1.001 ; div_state.DIV_RUN ; EXEWB_result[2] ; KEY[0]       ; KEY[0]      ; 0.000        ; 0.081      ; 1.253      ;
; 1.003 ; div_state.DIV_RUN ; EXEWB_result[5] ; KEY[0]       ; KEY[0]      ; 0.000        ; 0.081      ; 1.255      ;
; 1.017 ; div_quot[3]       ; div_divisor[3]  ; KEY[0]       ; KEY[0]      ; 0.000        ; 0.035      ; 1.223      ;
; 1.035 ; EXEWB_result[3]   ; R0[3]           ; KEY[0]       ; KEY[0]      ; 0.000        ; -0.011     ; 1.195      ;
; 1.054 ; EXEWB_result[5]   ; div_divisor[5]  ; KEY[0]       ; KEY[0]      ; 0.000        ; 0.047      ; 1.272      ;
; 1.061 ; IFID_data[1]      ; IDEXE_data[1]   ; KEY[0]       ; KEY[0]      ; 0.000        ; 0.501      ; 1.733      ;
; 1.064 ; IDEXE_data[2]     ; EXEWB_result[2] ; KEY[0]       ; KEY[0]      ; 0.000        ; 0.398      ; 1.633      ;
; 1.087 ; IDEXE_opcode[2]   ; EXEWB_opcode[2] ; KEY[0]       ; KEY[0]      ; 0.000        ; 0.359      ; 1.617      ;
; 1.091 ; IFID_data[3]      ; IDEXE_data[3]   ; KEY[0]       ; KEY[0]      ; 0.000        ; 0.501      ; 1.763      ;
; 1.104 ; div_quot[2]       ; div_divisor[2]  ; KEY[0]       ; KEY[0]      ; 0.000        ; 0.047      ; 1.322      ;
; 1.104 ; EXEWB_result[6]   ; R0[6]           ; KEY[0]       ; KEY[0]      ; 0.000        ; 0.361      ; 1.636      ;
; 1.133 ; div_state.DIV_RUN ; EXEWB_rs_id[1]  ; KEY[0]       ; KEY[0]      ; 0.000        ; 0.094      ; 1.398      ;
; 1.135 ; div_state.DIV_RUN ; EXEWB_rs_id[0]  ; KEY[0]       ; KEY[0]      ; 0.000        ; 0.094      ; 1.400      ;
; 1.141 ; div_state.DIV_RUN ; EXEWB_valid     ; KEY[0]       ; KEY[0]      ; 0.000        ; 0.094      ; 1.406      ;
; 1.141 ; IFID_data[7]      ; IDEXE_data[7]   ; KEY[0]       ; KEY[0]      ; 0.000        ; 0.260      ; 1.572      ;
; 1.172 ; EXEWB_result[1]   ; div_dividend[1] ; KEY[0]       ; KEY[0]      ; 0.000        ; 0.003      ; 1.346      ;
; 1.172 ; EXEWB_result[3]   ; div_dividend[3] ; KEY[0]       ; KEY[0]      ; 0.000        ; 0.003      ; 1.346      ;
; 1.179 ; IDEXE_data[7]     ; EXEWB_result[7] ; KEY[0]       ; KEY[0]      ; 0.000        ; 0.402      ; 1.752      ;
; 1.183 ; IDEXE_valid       ; div_divisor[3]  ; KEY[0]       ; KEY[0]      ; 0.000        ; 0.092      ; 1.446      ;
; 1.227 ; EXEWB_result[6]   ; div_dividend[6] ; KEY[0]       ; KEY[0]      ; 0.000        ; 0.323      ; 1.721      ;
; 1.258 ; EXEWB_result[4]   ; div_dividend[4] ; KEY[0]       ; KEY[0]      ; 0.000        ; 0.407      ; 1.836      ;
; 1.262 ; EXEWB_result[5]   ; div_dividend[5] ; KEY[0]       ; KEY[0]      ; 0.000        ; 0.015      ; 1.448      ;
; 1.279 ; R3[3]             ; div_dividend[3] ; KEY[0]       ; KEY[0]      ; 0.000        ; -0.003     ; 1.447      ;
; 1.280 ; R1[7]             ; div_dividend[7] ; KEY[0]       ; KEY[0]      ; 0.000        ; 0.222      ; 1.673      ;
; 1.304 ; EXEWB_result[3]   ; R1[3]           ; KEY[0]       ; KEY[0]      ; 0.000        ; -0.223     ; 1.252      ;
; 1.304 ; EXEWB_result[2]   ; R2[2]           ; KEY[0]       ; KEY[0]      ; 0.000        ; -0.182     ; 1.293      ;
; 1.306 ; EXEWB_result[2]   ; R3[2]           ; KEY[0]       ; KEY[0]      ; 0.000        ; 0.180      ; 1.657      ;
; 1.309 ; IDEXE_valid       ; div_divisor[5]  ; KEY[0]       ; KEY[0]      ; 0.000        ; 0.088      ; 1.568      ;
; 1.311 ; div_count[2]      ; div_quot[4]     ; KEY[0]       ; KEY[0]      ; 0.000        ; 0.044      ; 1.526      ;
; 1.314 ; IFID_data[5]      ; IDEXE_data[5]   ; KEY[0]       ; KEY[0]      ; 0.000        ; 0.232      ; 1.717      ;
; 1.315 ; R3[1]             ; div_dividend[1] ; KEY[0]       ; KEY[0]      ; 0.000        ; 0.164      ; 1.650      ;
; 1.316 ; IDEXE_opcode[1]   ; EXEWB_result[6] ; KEY[0]       ; KEY[0]      ; 0.000        ; 0.087      ; 1.574      ;
; 1.321 ; div_count[2]      ; div_quot[2]     ; KEY[0]       ; KEY[0]      ; 0.000        ; 0.071      ; 1.563      ;
; 1.327 ; EXEWB_result[3]   ; R2[3]           ; KEY[0]       ; KEY[0]      ; 0.000        ; -0.245     ; 1.253      ;
; 1.329 ; IFID_data[6]      ; IDEXE_data[6]   ; KEY[0]       ; KEY[0]      ; 0.000        ; 0.232      ; 1.732      ;
; 1.333 ; IDEXE_opcode[3]   ; EXEWB_result[7] ; KEY[0]       ; KEY[0]      ; 0.000        ; 0.459      ; 1.963      ;
; 1.335 ; IFID_data[0]      ; IDEXE_data[0]   ; KEY[0]       ; KEY[0]      ; 0.000        ; 0.218      ; 1.724      ;
; 1.336 ; IDEXE_valid       ; div_divisor[0]  ; KEY[0]       ; KEY[0]      ; 0.000        ; 0.176      ; 1.683      ;
; 1.337 ; div_divisor[1]    ; div_rem[1]      ; KEY[0]       ; KEY[0]      ; 0.000        ; 0.115      ; 1.623      ;
; 1.338 ; EXEWB_result[2]   ; R1[2]           ; KEY[0]       ; KEY[0]      ; 0.000        ; 0.149      ; 1.658      ;
; 1.339 ; IDEXE_valid       ; div_divisor[4]  ; KEY[0]       ; KEY[0]      ; 0.000        ; 0.088      ; 1.598      ;
; 1.340 ; IDEXE_valid       ; div_divisor[6]  ; KEY[0]       ; KEY[0]      ; 0.000        ; 0.088      ; 1.599      ;
; 1.341 ; IDEXE_opcode[1]   ; EXEWB_result[7] ; KEY[0]       ; KEY[0]      ; 0.000        ; 0.402      ; 1.914      ;
; 1.342 ; div_divisor[6]    ; div_rem[6]      ; KEY[0]       ; KEY[0]      ; 0.000        ; 0.097      ; 1.610      ;
; 1.342 ; IDEXE_valid       ; div_divisor[2]  ; KEY[0]       ; KEY[0]      ; 0.000        ; 0.088      ; 1.601      ;
; 1.343 ; div_state.DIV_RUN ; EXEWB_opcode[2] ; KEY[0]       ; KEY[0]      ; 0.000        ; 0.094      ; 1.608      ;
; 1.347 ; div_count[2]      ; div_quot[5]     ; KEY[0]       ; KEY[0]      ; 0.000        ; 0.071      ; 1.589      ;
; 1.347 ; div_state.DIV_RUN ; EXEWB_opcode[3] ; KEY[0]       ; KEY[0]      ; 0.000        ; 0.094      ; 1.612      ;
; 1.348 ; IDEXE_data[6]     ; EXEWB_result[6] ; KEY[0]       ; KEY[0]      ; 0.000        ; 0.115      ; 1.634      ;
; 1.349 ; div_state.DIV_RUN ; EXEWB_opcode[1] ; KEY[0]       ; KEY[0]      ; 0.000        ; 0.094      ; 1.614      ;
; 1.351 ; div_divisor[7]    ; div_rem[0]      ; KEY[0]       ; KEY[0]      ; 0.000        ; 0.115      ; 1.637      ;
; 1.351 ; div_divisor[7]    ; div_rem[1]      ; KEY[0]       ; KEY[0]      ; 0.000        ; 0.115      ; 1.637      ;
; 1.351 ; div_divisor[7]    ; div_rem[2]      ; KEY[0]       ; KEY[0]      ; 0.000        ; 0.115      ; 1.637      ;
; 1.351 ; div_divisor[7]    ; div_rem[3]      ; KEY[0]       ; KEY[0]      ; 0.000        ; 0.115      ; 1.637      ;
; 1.351 ; div_divisor[7]    ; div_rem[6]      ; KEY[0]       ; KEY[0]      ; 0.000        ; 0.115      ; 1.637      ;
; 1.351 ; EXEWB_result[2]   ; R0[2]           ; KEY[0]       ; KEY[0]      ; 0.000        ; -0.229     ; 1.293      ;
; 1.352 ; div_divisor[7]    ; div_rem[5]      ; KEY[0]       ; KEY[0]      ; 0.000        ; 0.115      ; 1.638      ;
+-------+-------------------+-----------------+--------------+-------------+--------------+------------+------------+


----------------------------------------------
; Slow 1200mV 0C Model Metastability Summary ;
----------------------------------------------
Design MTBF is not calculated because the design doesn't meet its timing requirements.



+------------------------------------+
; Fast 1200mV 0C Model Setup Summary ;
+--------+--------+------------------+
; Clock  ; Slack  ; End Point TNS    ;
+--------+--------+------------------+
; KEY[0] ; -2.518 ; -159.133         ;
+--------+--------+------------------+


+-----------------------------------+
; Fast 1200mV 0C Model Hold Summary ;
+--------+-------+------------------+
; Clock  ; Slack ; End Point TNS    ;
+--------+-------+------------------+
; KEY[0] ; 0.199 ; 0.000            ;
+--------+-------+------------------+


-----------------------------------------
; Fast 1200mV 0C Model Recovery Summary ;
-----------------------------------------
No paths to report.


----------------------------------------
; Fast 1200mV 0C Model Removal Summary ;
----------------------------------------
No paths to report.


+--------------------------------------------------+
; Fast 1200mV 0C Model Minimum Pulse Width Summary ;
+--------+--------+--------------------------------+
; Clock  ; Slack  ; End Point TNS                  ;
+--------+--------+--------------------------------+
; KEY[0] ; -3.000 ; -159.232                       ;
+--------+--------+--------------------------------+


+------------------------------------------------------------------------------------------------------------------+
; Fast 1200mV 0C Model Setup: 'KEY[0]'                                                                             ;
+--------+-----------------+-----------------+--------------+-------------+--------------+------------+------------+
; Slack  ; From Node       ; To Node         ; Launch Clock ; Latch Clock ; Relationship ; Clock Skew ; Data Delay ;
+--------+-----------------+-----------------+--------------+-------------+--------------+------------+------------+
; -2.518 ; IFID_opcode[3]  ; div_divisor[1]  ; KEY[0]       ; KEY[0]      ; 1.000        ; -0.099     ; 3.426      ;
; -2.518 ; IFID_opcode[3]  ; div_divisor[7]  ; KEY[0]       ; KEY[0]      ; 1.000        ; -0.099     ; 3.426      ;
; -2.518 ; IFID_opcode[2]  ; div_divisor[1]  ; KEY[0]       ; KEY[0]      ; 1.000        ; -0.099     ; 3.426      ;
; -2.518 ; IFID_opcode[2]  ; div_divisor[7]  ; KEY[0]       ; KEY[0]      ; 1.000        ; -0.099     ; 3.426      ;
; -2.486 ; IDEXE_opcode[3] ; div_divisor[1]  ; KEY[0]       ; KEY[0]      ; 1.000        ; 0.087      ; 3.580      ;
; -2.486 ; IDEXE_opcode[3] ; div_divisor[7]  ; KEY[0]       ; KEY[0]      ; 1.000        ; 0.087      ; 3.580      ;
; -2.481 ; IDEXE_opcode[2] ; div_divisor[1]  ; KEY[0]       ; KEY[0]      ; 1.000        ; 0.087      ; 3.575      ;
; -2.481 ; IDEXE_opcode[2] ; div_divisor[7]  ; KEY[0]       ; KEY[0]      ; 1.000        ; 0.087      ; 3.575      ;
; -2.433 ; IDEXE_opcode[2] ; IDEXE_rs_val[6] ; KEY[0]       ; KEY[0]      ; 1.000        ; -0.066     ; 3.374      ;
; -2.429 ; IDEXE_rt_val[3] ; div_divisor[1]  ; KEY[0]       ; KEY[0]      ; 1.000        ; 0.086      ; 3.522      ;
; -2.429 ; IDEXE_rt_val[3] ; div_divisor[7]  ; KEY[0]       ; KEY[0]      ; 1.000        ; 0.086      ; 3.522      ;
; -2.429 ; IFID_rt_id[0]   ; div_divisor[1]  ; KEY[0]       ; KEY[0]      ; 1.000        ; -0.061     ; 3.375      ;
; -2.429 ; IFID_rt_id[0]   ; div_divisor[7]  ; KEY[0]       ; KEY[0]      ; 1.000        ; -0.061     ; 3.375      ;
; -2.420 ; IDEXE_opcode[3] ; IDEXE_rs_val[6] ; KEY[0]       ; KEY[0]      ; 1.000        ; -0.066     ; 3.361      ;
; -2.418 ; IFID_opcode[3]  ; div_divisor[2]  ; KEY[0]       ; KEY[0]      ; 1.000        ; -0.090     ; 3.335      ;
; -2.418 ; IFID_opcode[3]  ; div_divisor[4]  ; KEY[0]       ; KEY[0]      ; 1.000        ; -0.090     ; 3.335      ;
; -2.418 ; IFID_opcode[3]  ; div_divisor[5]  ; KEY[0]       ; KEY[0]      ; 1.000        ; -0.090     ; 3.335      ;
; -2.418 ; IFID_opcode[3]  ; div_divisor[6]  ; KEY[0]       ; KEY[0]      ; 1.000        ; -0.090     ; 3.335      ;
; -2.418 ; IFID_opcode[2]  ; div_divisor[2]  ; KEY[0]       ; KEY[0]      ; 1.000        ; -0.090     ; 3.335      ;
; -2.418 ; IFID_opcode[2]  ; div_divisor[4]  ; KEY[0]       ; KEY[0]      ; 1.000        ; -0.090     ; 3.335      ;
; -2.418 ; IFID_opcode[2]  ; div_divisor[5]  ; KEY[0]       ; KEY[0]      ; 1.000        ; -0.090     ; 3.335      ;
; -2.418 ; IFID_opcode[2]  ; div_divisor[6]  ; KEY[0]       ; KEY[0]      ; 1.000        ; -0.090     ; 3.335      ;
; -2.416 ; IFID_opcode[0]  ; div_divisor[1]  ; KEY[0]       ; KEY[0]      ; 1.000        ; -0.099     ; 3.324      ;
; -2.416 ; IFID_opcode[0]  ; div_divisor[7]  ; KEY[0]       ; KEY[0]      ; 1.000        ; -0.099     ; 3.324      ;
; -2.411 ; IDEXE_rt_val[0] ; div_divisor[1]  ; KEY[0]       ; KEY[0]      ; 1.000        ; 0.087      ; 3.505      ;
; -2.411 ; IDEXE_rt_val[0] ; div_divisor[7]  ; KEY[0]       ; KEY[0]      ; 1.000        ; 0.087      ; 3.505      ;
; -2.407 ; IDEXE_opcode[3] ; IDEXE_rs_val[7] ; KEY[0]       ; KEY[0]      ; 1.000        ; -0.066     ; 3.348      ;
; -2.399 ; IDEXE_opcode[2] ; IDEXE_rs_val[7] ; KEY[0]       ; KEY[0]      ; 1.000        ; -0.066     ; 3.340      ;
; -2.399 ; IFID_opcode[3]  ; div_quot[7]     ; KEY[0]       ; KEY[0]      ; 1.000        ; -0.047     ; 3.359      ;
; -2.399 ; IFID_opcode[3]  ; div_quot[6]     ; KEY[0]       ; KEY[0]      ; 1.000        ; -0.047     ; 3.359      ;
; -2.399 ; IFID_opcode[2]  ; div_quot[7]     ; KEY[0]       ; KEY[0]      ; 1.000        ; -0.047     ; 3.359      ;
; -2.399 ; IFID_opcode[2]  ; div_quot[6]     ; KEY[0]       ; KEY[0]      ; 1.000        ; -0.047     ; 3.359      ;
; -2.398 ; IFID_opcode[3]  ; div_quot[1]     ; KEY[0]       ; KEY[0]      ; 1.000        ; -0.047     ; 3.358      ;
; -2.398 ; IFID_opcode[2]  ; div_quot[1]     ; KEY[0]       ; KEY[0]      ; 1.000        ; -0.047     ; 3.358      ;
; -2.396 ; IFID_opcode[3]  ; div_quot[0]     ; KEY[0]       ; KEY[0]      ; 1.000        ; -0.047     ; 3.356      ;
; -2.396 ; IFID_opcode[2]  ; div_quot[0]     ; KEY[0]       ; KEY[0]      ; 1.000        ; -0.047     ; 3.356      ;
; -2.386 ; IDEXE_opcode[3] ; div_divisor[2]  ; KEY[0]       ; KEY[0]      ; 1.000        ; 0.096      ; 3.489      ;
; -2.386 ; IDEXE_opcode[3] ; div_divisor[4]  ; KEY[0]       ; KEY[0]      ; 1.000        ; 0.096      ; 3.489      ;
; -2.386 ; IDEXE_opcode[3] ; div_divisor[5]  ; KEY[0]       ; KEY[0]      ; 1.000        ; 0.096      ; 3.489      ;
; -2.386 ; IDEXE_opcode[3] ; div_divisor[6]  ; KEY[0]       ; KEY[0]      ; 1.000        ; 0.096      ; 3.489      ;
; -2.381 ; IDEXE_opcode[0] ; div_divisor[1]  ; KEY[0]       ; KEY[0]      ; 1.000        ; 0.087      ; 3.475      ;
; -2.381 ; IDEXE_opcode[0] ; div_divisor[7]  ; KEY[0]       ; KEY[0]      ; 1.000        ; 0.087      ; 3.475      ;
; -2.381 ; IDEXE_opcode[2] ; div_divisor[2]  ; KEY[0]       ; KEY[0]      ; 1.000        ; 0.096      ; 3.484      ;
; -2.381 ; IDEXE_opcode[2] ; div_divisor[4]  ; KEY[0]       ; KEY[0]      ; 1.000        ; 0.096      ; 3.484      ;
; -2.381 ; IDEXE_opcode[2] ; div_divisor[5]  ; KEY[0]       ; KEY[0]      ; 1.000        ; 0.096      ; 3.484      ;
; -2.381 ; IDEXE_opcode[2] ; div_divisor[6]  ; KEY[0]       ; KEY[0]      ; 1.000        ; 0.096      ; 3.484      ;
; -2.365 ; IDEXE_opcode[3] ; div_count[1]    ; KEY[0]       ; KEY[0]      ; 1.000        ; 0.111      ; 3.483      ;
; -2.363 ; IDEXE_opcode[3] ; div_rem[0]      ; KEY[0]       ; KEY[0]      ; 1.000        ; 0.090      ; 3.460      ;
; -2.363 ; IDEXE_opcode[3] ; div_rem[1]      ; KEY[0]       ; KEY[0]      ; 1.000        ; 0.090      ; 3.460      ;
; -2.363 ; IDEXE_opcode[3] ; div_rem[2]      ; KEY[0]       ; KEY[0]      ; 1.000        ; 0.090      ; 3.460      ;
; -2.363 ; IDEXE_opcode[3] ; div_rem[3]      ; KEY[0]       ; KEY[0]      ; 1.000        ; 0.090      ; 3.460      ;
; -2.363 ; IDEXE_opcode[3] ; div_rem[4]      ; KEY[0]       ; KEY[0]      ; 1.000        ; 0.090      ; 3.460      ;
; -2.363 ; IDEXE_opcode[3] ; div_rem[5]      ; KEY[0]       ; KEY[0]      ; 1.000        ; 0.090      ; 3.460      ;
; -2.363 ; IDEXE_opcode[3] ; div_rem[6]      ; KEY[0]       ; KEY[0]      ; 1.000        ; 0.090      ; 3.460      ;
; -2.360 ; IDEXE_opcode[2] ; div_count[1]    ; KEY[0]       ; KEY[0]      ; 1.000        ; 0.111      ; 3.478      ;
; -2.360 ; IFID_opcode[3]  ; div_dividend[4] ; KEY[0]       ; KEY[0]      ; 1.000        ; -0.048     ; 3.319      ;
; -2.360 ; IFID_opcode[3]  ; div_dividend[7] ; KEY[0]       ; KEY[0]      ; 1.000        ; -0.048     ; 3.319      ;
; -2.360 ; IFID_opcode[3]  ; div_divisor[0]  ; KEY[0]       ; KEY[0]      ; 1.000        ; -0.048     ; 3.319      ;
; -2.360 ; IFID_opcode[2]  ; div_dividend[4] ; KEY[0]       ; KEY[0]      ; 1.000        ; -0.048     ; 3.319      ;
; -2.360 ; IFID_opcode[2]  ; div_dividend[7] ; KEY[0]       ; KEY[0]      ; 1.000        ; -0.048     ; 3.319      ;
; -2.360 ; IFID_opcode[2]  ; div_divisor[0]  ; KEY[0]       ; KEY[0]      ; 1.000        ; -0.048     ; 3.319      ;
; -2.359 ; IDEXE_rs_val[2] ; div_divisor[1]  ; KEY[0]       ; KEY[0]      ; 1.000        ; 0.086      ; 3.452      ;
; -2.359 ; IDEXE_rs_val[2] ; div_divisor[7]  ; KEY[0]       ; KEY[0]      ; 1.000        ; 0.086      ; 3.452      ;
; -2.358 ; IDEXE_opcode[2] ; div_rem[0]      ; KEY[0]       ; KEY[0]      ; 1.000        ; 0.090      ; 3.455      ;
; -2.358 ; IDEXE_opcode[2] ; div_rem[1]      ; KEY[0]       ; KEY[0]      ; 1.000        ; 0.090      ; 3.455      ;
; -2.358 ; IDEXE_opcode[2] ; div_rem[2]      ; KEY[0]       ; KEY[0]      ; 1.000        ; 0.090      ; 3.455      ;
; -2.358 ; IDEXE_opcode[2] ; div_rem[3]      ; KEY[0]       ; KEY[0]      ; 1.000        ; 0.090      ; 3.455      ;
; -2.358 ; IDEXE_opcode[2] ; div_rem[4]      ; KEY[0]       ; KEY[0]      ; 1.000        ; 0.090      ; 3.455      ;
; -2.358 ; IDEXE_opcode[2] ; div_rem[5]      ; KEY[0]       ; KEY[0]      ; 1.000        ; 0.090      ; 3.455      ;
; -2.358 ; IDEXE_opcode[2] ; div_rem[6]      ; KEY[0]       ; KEY[0]      ; 1.000        ; 0.090      ; 3.455      ;
; -2.343 ; IFID_opcode[3]  ; div_rem[0]      ; KEY[0]       ; KEY[0]      ; 1.000        ; -0.095     ; 3.255      ;
; -2.343 ; IFID_opcode[3]  ; div_rem[1]      ; KEY[0]       ; KEY[0]      ; 1.000        ; -0.095     ; 3.255      ;
; -2.343 ; IFID_opcode[3]  ; div_rem[2]      ; KEY[0]       ; KEY[0]      ; 1.000        ; -0.095     ; 3.255      ;
; -2.343 ; IFID_opcode[3]  ; div_rem[3]      ; KEY[0]       ; KEY[0]      ; 1.000        ; -0.095     ; 3.255      ;
; -2.343 ; IFID_opcode[3]  ; div_rem[4]      ; KEY[0]       ; KEY[0]      ; 1.000        ; -0.095     ; 3.255      ;
; -2.343 ; IFID_opcode[3]  ; div_rem[5]      ; KEY[0]       ; KEY[0]      ; 1.000        ; -0.095     ; 3.255      ;
; -2.343 ; IFID_opcode[3]  ; div_rem[6]      ; KEY[0]       ; KEY[0]      ; 1.000        ; -0.095     ; 3.255      ;
; -2.343 ; IFID_opcode[3]  ; div_quot[2]     ; KEY[0]       ; KEY[0]      ; 1.000        ; -0.066     ; 3.284      ;
; -2.343 ; IFID_opcode[3]  ; div_quot[5]     ; KEY[0]       ; KEY[0]      ; 1.000        ; -0.066     ; 3.284      ;
; -2.343 ; IFID_opcode[2]  ; div_rem[0]      ; KEY[0]       ; KEY[0]      ; 1.000        ; -0.095     ; 3.255      ;
; -2.343 ; IFID_opcode[2]  ; div_rem[1]      ; KEY[0]       ; KEY[0]      ; 1.000        ; -0.095     ; 3.255      ;
; -2.343 ; IFID_opcode[2]  ; div_rem[2]      ; KEY[0]       ; KEY[0]      ; 1.000        ; -0.095     ; 3.255      ;
; -2.343 ; IFID_opcode[2]  ; div_rem[3]      ; KEY[0]       ; KEY[0]      ; 1.000        ; -0.095     ; 3.255      ;
; -2.343 ; IFID_opcode[2]  ; div_rem[4]      ; KEY[0]       ; KEY[0]      ; 1.000        ; -0.095     ; 3.255      ;
; -2.343 ; IFID_opcode[2]  ; div_rem[5]      ; KEY[0]       ; KEY[0]      ; 1.000        ; -0.095     ; 3.255      ;
; -2.343 ; IFID_opcode[2]  ; div_rem[6]      ; KEY[0]       ; KEY[0]      ; 1.000        ; -0.095     ; 3.255      ;
; -2.343 ; IFID_opcode[2]  ; div_quot[2]     ; KEY[0]       ; KEY[0]      ; 1.000        ; -0.066     ; 3.284      ;
; -2.343 ; IFID_opcode[2]  ; div_quot[5]     ; KEY[0]       ; KEY[0]      ; 1.000        ; -0.066     ; 3.284      ;
; -2.341 ; IDEXE_rt_val[3] ; IDEXE_rs_val[6] ; KEY[0]       ; KEY[0]      ; 1.000        ; -0.027     ; 3.321      ;
; -2.332 ; IDEXE_rt_val[0] ; IDEXE_rs_val[7] ; KEY[0]       ; KEY[0]      ; 1.000        ; -0.066     ; 3.273      ;
; -2.331 ; IFID_opcode[1]  ; div_divisor[1]  ; KEY[0]       ; KEY[0]      ; 1.000        ; -0.099     ; 3.239      ;
; -2.331 ; IFID_opcode[1]  ; div_divisor[7]  ; KEY[0]       ; KEY[0]      ; 1.000        ; -0.099     ; 3.239      ;
; -2.329 ; IDEXE_rt_val[3] ; div_divisor[2]  ; KEY[0]       ; KEY[0]      ; 1.000        ; 0.095      ; 3.431      ;
; -2.329 ; IDEXE_rt_val[3] ; div_divisor[4]  ; KEY[0]       ; KEY[0]      ; 1.000        ; 0.095      ; 3.431      ;
; -2.329 ; IDEXE_rt_val[3] ; div_divisor[5]  ; KEY[0]       ; KEY[0]      ; 1.000        ; 0.095      ; 3.431      ;
; -2.329 ; IDEXE_rt_val[3] ; div_divisor[6]  ; KEY[0]       ; KEY[0]      ; 1.000        ; 0.095      ; 3.431      ;
; -2.329 ; IFID_rt_id[0]   ; div_divisor[2]  ; KEY[0]       ; KEY[0]      ; 1.000        ; -0.052     ; 3.284      ;
; -2.329 ; IFID_rt_id[0]   ; div_divisor[4]  ; KEY[0]       ; KEY[0]      ; 1.000        ; -0.052     ; 3.284      ;
; -2.329 ; IFID_rt_id[0]   ; div_divisor[5]  ; KEY[0]       ; KEY[0]      ; 1.000        ; -0.052     ; 3.284      ;
; -2.329 ; IFID_rt_id[0]   ; div_divisor[6]  ; KEY[0]       ; KEY[0]      ; 1.000        ; -0.052     ; 3.284      ;
+--------+-----------------+-----------------+--------------+-------------+--------------+------------+------------+


+-------------------------------------------------------------------------------------------------------------------+
; Fast 1200mV 0C Model Hold: 'KEY[0]'                                                                               ;
+-------+-------------------+-----------------+--------------+-------------+--------------+------------+------------+
; Slack ; From Node         ; To Node         ; Launch Clock ; Latch Clock ; Relationship ; Clock Skew ; Data Delay ;
+-------+-------------------+-----------------+--------------+-------------+--------------+------------+------------+
; 0.199 ; div_count[1]      ; div_count[1]    ; KEY[0]       ; KEY[0]      ; 0.000        ; 0.024      ; 0.307      ;
; 0.199 ; div_count[2]      ; div_count[2]    ; KEY[0]       ; KEY[0]      ; 0.000        ; 0.024      ; 0.307      ;
; 0.199 ; div_quot[2]       ; div_quot[2]     ; KEY[0]       ; KEY[0]      ; 0.000        ; 0.024      ; 0.307      ;
; 0.199 ; div_count[0]      ; div_count[0]    ; KEY[0]       ; KEY[0]      ; 0.000        ; 0.024      ; 0.307      ;
; 0.199 ; div_quot[3]       ; div_quot[3]     ; KEY[0]       ; KEY[0]      ; 0.000        ; 0.024      ; 0.307      ;
; 0.199 ; div_quot[5]       ; div_quot[5]     ; KEY[0]       ; KEY[0]      ; 0.000        ; 0.024      ; 0.307      ;
; 0.199 ; div_quot[4]       ; div_quot[4]     ; KEY[0]       ; KEY[0]      ; 0.000        ; 0.024      ; 0.307      ;
; 0.199 ; div_quot[7]       ; div_quot[7]     ; KEY[0]       ; KEY[0]      ; 0.000        ; 0.024      ; 0.307      ;
; 0.199 ; div_quot[1]       ; div_quot[1]     ; KEY[0]       ; KEY[0]      ; 0.000        ; 0.024      ; 0.307      ;
; 0.199 ; div_quot[6]       ; div_quot[6]     ; KEY[0]       ; KEY[0]      ; 0.000        ; 0.024      ; 0.307      ;
; 0.199 ; div_quot[0]       ; div_quot[0]     ; KEY[0]       ; KEY[0]      ; 0.000        ; 0.024      ; 0.307      ;
; 0.217 ; div_rem[3]        ; div_rem[4]      ; KEY[0]       ; KEY[0]      ; 0.000        ; 0.026      ; 0.327      ;
; 0.266 ; div_quot[2]       ; EXEWB_result[2] ; KEY[0]       ; KEY[0]      ; 0.000        ; 0.027      ; 0.377      ;
; 0.307 ; IDEXE_valid       ; EXEWB_valid     ; KEY[0]       ; KEY[0]      ; 0.000        ; 0.076      ; 0.467      ;
; 0.317 ; div_rem[0]        ; div_rem[1]      ; KEY[0]       ; KEY[0]      ; 0.000        ; 0.026      ; 0.427      ;
; 0.317 ; div_rem[1]        ; div_rem[2]      ; KEY[0]       ; KEY[0]      ; 0.000        ; 0.026      ; 0.427      ;
; 0.320 ; div_rem[4]        ; div_rem[5]      ; KEY[0]       ; KEY[0]      ; 0.000        ; 0.026      ; 0.430      ;
; 0.323 ; div_count[0]      ; div_count[1]    ; KEY[0]       ; KEY[0]      ; 0.000        ; 0.027      ; 0.434      ;
; 0.329 ; div_rem[5]        ; div_rem[6]      ; KEY[0]       ; KEY[0]      ; 0.000        ; 0.026      ; 0.439      ;
; 0.338 ; div_quot[5]       ; EXEWB_result[5] ; KEY[0]       ; KEY[0]      ; 0.000        ; 0.027      ; 0.449      ;
; 0.354 ; IDEXE_opcode[0]   ; EXEWB_opcode[0] ; KEY[0]       ; KEY[0]      ; 0.000        ; 0.224      ; 0.662      ;
; 0.356 ; EXEWB_result[4]   ; R3[4]           ; KEY[0]       ; KEY[0]      ; 0.000        ; 0.286      ; 0.726      ;
; 0.362 ; EXEWB_result[6]   ; R3[6]           ; KEY[0]       ; KEY[0]      ; 0.000        ; 0.286      ; 0.732      ;
; 0.371 ; EXEWB_result[0]   ; R3[0]           ; KEY[0]       ; KEY[0]      ; 0.000        ; 0.286      ; 0.741      ;
; 0.378 ; div_rem[2]        ; div_rem[3]      ; KEY[0]       ; KEY[0]      ; 0.000        ; 0.026      ; 0.488      ;
; 0.379 ; EXEWB_result[4]   ; R1[4]           ; KEY[0]       ; KEY[0]      ; 0.000        ; 0.265      ; 0.728      ;
; 0.379 ; IDEXE_opcode[1]   ; EXEWB_opcode[1] ; KEY[0]       ; KEY[0]      ; 0.000        ; 0.209      ; 0.672      ;
; 0.383 ; EXEWB_result[6]   ; R1[6]           ; KEY[0]       ; KEY[0]      ; 0.000        ; 0.265      ; 0.732      ;
; 0.398 ; IDEXE_rs_id[1]    ; EXEWB_rs_id[1]  ; KEY[0]       ; KEY[0]      ; 0.000        ; 0.076      ; 0.558      ;
; 0.403 ; div_quot[1]       ; EXEWB_result[1] ; KEY[0]       ; KEY[0]      ; 0.000        ; 0.115      ; 0.602      ;
; 0.406 ; IDEXE_rs_id[0]    ; EXEWB_rs_id[0]  ; KEY[0]       ; KEY[0]      ; 0.000        ; 0.076      ; 0.566      ;
; 0.413 ; EXEWB_result[0]   ; R1[0]           ; KEY[0]       ; KEY[0]      ; 0.000        ; 0.049      ; 0.546      ;
; 0.415 ; EXEWB_result[0]   ; R2[0]           ; KEY[0]       ; KEY[0]      ; 0.000        ; 0.044      ; 0.543      ;
; 0.418 ; IFID_rs_id[1]     ; IDEXE_rs_id[1]  ; KEY[0]       ; KEY[0]      ; 0.000        ; 0.077      ; 0.579      ;
; 0.421 ; EXEWB_result[6]   ; R2[6]           ; KEY[0]       ; KEY[0]      ; 0.000        ; 0.044      ; 0.549      ;
; 0.426 ; EXEWB_result[4]   ; R2[4]           ; KEY[0]       ; KEY[0]      ; 0.000        ; 0.044      ; 0.554      ;
; 0.427 ; EXEWB_result[4]   ; R0[4]           ; KEY[0]       ; KEY[0]      ; 0.000        ; 0.209      ; 0.720      ;
; 0.431 ; EXEWB_result[0]   ; R0[0]           ; KEY[0]       ; KEY[0]      ; 0.000        ; 0.209      ; 0.724      ;
; 0.446 ; EXEWB_result[3]   ; R3[3]           ; KEY[0]       ; KEY[0]      ; 0.000        ; 0.049      ; 0.579      ;
; 0.465 ; IFID_rs_id[0]     ; IDEXE_rs_id[0]  ; KEY[0]       ; KEY[0]      ; 0.000        ; 0.050      ; 0.599      ;
; 0.472 ; EXEWB_result[2]   ; div_divisor[2]  ; KEY[0]       ; KEY[0]      ; 0.000        ; 0.036      ; 0.592      ;
; 0.477 ; div_quot[5]       ; div_divisor[5]  ; KEY[0]       ; KEY[0]      ; 0.000        ; 0.036      ; 0.597      ;
; 0.485 ; EXEWB_result[7]   ; div_dividend[7] ; KEY[0]       ; KEY[0]      ; 0.000        ; 0.009      ; 0.578      ;
; 0.487 ; IFID_data[1]      ; IDEXE_data[1]   ; KEY[0]       ; KEY[0]      ; 0.000        ; 0.315      ; 0.886      ;
; 0.490 ; div_state.DIV_RUN ; EXEWB_result[2] ; KEY[0]       ; KEY[0]      ; 0.000        ; 0.045      ; 0.619      ;
; 0.492 ; div_state.DIV_RUN ; EXEWB_result[5] ; KEY[0]       ; KEY[0]      ; 0.000        ; 0.045      ; 0.621      ;
; 0.501 ; IFID_data[3]      ; IDEXE_data[3]   ; KEY[0]       ; KEY[0]      ; 0.000        ; 0.315      ; 0.900      ;
; 0.505 ; EXEWB_result[3]   ; R0[3]           ; KEY[0]       ; KEY[0]      ; 0.000        ; -0.013     ; 0.576      ;
; 0.509 ; div_quot[3]       ; div_divisor[3]  ; KEY[0]       ; KEY[0]      ; 0.000        ; 0.018      ; 0.611      ;
; 0.516 ; EXEWB_result[5]   ; div_divisor[5]  ; KEY[0]       ; KEY[0]      ; 0.000        ; 0.036      ; 0.636      ;
; 0.519 ; IDEXE_opcode[2]   ; EXEWB_opcode[2] ; KEY[0]       ; KEY[0]      ; 0.000        ; 0.224      ; 0.827      ;
; 0.521 ; IDEXE_data[2]     ; EXEWB_result[2] ; KEY[0]       ; KEY[0]      ; 0.000        ; 0.236      ; 0.841      ;
; 0.532 ; EXEWB_result[6]   ; R0[6]           ; KEY[0]       ; KEY[0]      ; 0.000        ; 0.209      ; 0.825      ;
; 0.534 ; IFID_data[7]      ; IDEXE_data[7]   ; KEY[0]       ; KEY[0]      ; 0.000        ; 0.173      ; 0.791      ;
; 0.544 ; div_quot[2]       ; div_divisor[2]  ; KEY[0]       ; KEY[0]      ; 0.000        ; 0.036      ; 0.664      ;
; 0.550 ; div_state.DIV_RUN ; EXEWB_rs_id[1]  ; KEY[0]       ; KEY[0]      ; 0.000        ; 0.060      ; 0.694      ;
; 0.552 ; div_state.DIV_RUN ; EXEWB_rs_id[0]  ; KEY[0]       ; KEY[0]      ; 0.000        ; 0.060      ; 0.696      ;
; 0.556 ; IDEXE_data[7]     ; EXEWB_result[7] ; KEY[0]       ; KEY[0]      ; 0.000        ; 0.251      ; 0.891      ;
; 0.558 ; div_state.DIV_RUN ; EXEWB_valid     ; KEY[0]       ; KEY[0]      ; 0.000        ; 0.060      ; 0.702      ;
; 0.573 ; EXEWB_result[4]   ; div_dividend[4] ; KEY[0]       ; KEY[0]      ; 0.000        ; 0.254      ; 0.911      ;
; 0.582 ; EXEWB_result[3]   ; div_dividend[3] ; KEY[0]       ; KEY[0]      ; 0.000        ; -0.011     ; 0.655      ;
; 0.592 ; EXEWB_result[1]   ; div_dividend[1] ; KEY[0]       ; KEY[0]      ; 0.000        ; -0.011     ; 0.665      ;
; 0.596 ; IDEXE_valid       ; div_divisor[3]  ; KEY[0]       ; KEY[0]      ; 0.000        ; 0.063      ; 0.743      ;
; 0.598 ; EXEWB_result[6]   ; div_dividend[6] ; KEY[0]       ; KEY[0]      ; 0.000        ; 0.192      ; 0.874      ;
; 0.608 ; R1[7]             ; div_dividend[7] ; KEY[0]       ; KEY[0]      ; 0.000        ; 0.147      ; 0.839      ;
; 0.625 ; EXEWB_result[2]   ; R3[2]           ; KEY[0]       ; KEY[0]      ; 0.000        ; 0.127      ; 0.836      ;
; 0.626 ; IDEXE_opcode[3]   ; EXEWB_result[7] ; KEY[0]       ; KEY[0]      ; 0.000        ; 0.292      ; 1.002      ;
; 0.633 ; R3[1]             ; div_dividend[1] ; KEY[0]       ; KEY[0]      ; 0.000        ; 0.103      ; 0.820      ;
; 0.636 ; EXEWB_result[5]   ; div_dividend[5] ; KEY[0]       ; KEY[0]      ; 0.000        ; 0.010      ; 0.730      ;
; 0.641 ; IFID_data[5]      ; IDEXE_data[5]   ; KEY[0]       ; KEY[0]      ; 0.000        ; 0.153      ; 0.878      ;
; 0.642 ; R2[4]             ; div_dividend[4] ; KEY[0]       ; KEY[0]      ; 0.000        ; 0.263      ; 0.989      ;
; 0.643 ; IFID_data[6]      ; IDEXE_data[6]   ; KEY[0]       ; KEY[0]      ; 0.000        ; 0.153      ; 0.880      ;
; 0.645 ; IDEXE_opcode[1]   ; EXEWB_result[6] ; KEY[0]       ; KEY[0]      ; 0.000        ; 0.051      ; 0.780      ;
; 0.646 ; IFID_data[0]      ; IDEXE_data[0]   ; KEY[0]       ; KEY[0]      ; 0.000        ; 0.146      ; 0.876      ;
; 0.646 ; IDEXE_opcode[1]   ; EXEWB_result[7] ; KEY[0]       ; KEY[0]      ; 0.000        ; 0.251      ; 0.981      ;
; 0.647 ; EXEWB_result[2]   ; R1[2]           ; KEY[0]       ; KEY[0]      ; 0.000        ; 0.106      ; 0.837      ;
; 0.656 ; div_state.DIV_RUN ; EXEWB_opcode[2] ; KEY[0]       ; KEY[0]      ; 0.000        ; 0.060      ; 0.800      ;
; 0.657 ; R2[6]             ; div_dividend[6] ; KEY[0]       ; KEY[0]      ; 0.000        ; 0.201      ; 0.942      ;
; 0.659 ; IDEXE_valid       ; div_divisor[5]  ; KEY[0]       ; KEY[0]      ; 0.000        ; 0.066      ; 0.809      ;
; 0.660 ; div_state.DIV_RUN ; EXEWB_opcode[3] ; KEY[0]       ; KEY[0]      ; 0.000        ; 0.060      ; 0.804      ;
; 0.662 ; IDEXE_valid       ; div_divisor[0]  ; KEY[0]       ; KEY[0]      ; 0.000        ; 0.125      ; 0.871      ;
; 0.663 ; div_state.DIV_RUN ; EXEWB_opcode[1] ; KEY[0]       ; KEY[0]      ; 0.000        ; 0.060      ; 0.807      ;
; 0.663 ; div_divisor[1]    ; div_rem[1]      ; KEY[0]       ; KEY[0]      ; 0.000        ; 0.062      ; 0.809      ;
; 0.665 ; IFID_data[4]      ; IDEXE_data[4]   ; KEY[0]       ; KEY[0]      ; 0.000        ; 0.144      ; 0.893      ;
; 0.667 ; div_state.DIV_RUN ; EXEWB_opcode[0] ; KEY[0]       ; KEY[0]      ; 0.000        ; 0.060      ; 0.811      ;
; 0.669 ; IDEXE_opcode[3]   ; EXEWB_opcode[3] ; KEY[0]       ; KEY[0]      ; 0.000        ; 0.224      ; 0.977      ;
; 0.670 ; div_count[2]      ; div_quot[4]     ; KEY[0]       ; KEY[0]      ; 0.000        ; 0.027      ; 0.781      ;
; 0.670 ; div_divisor[6]    ; div_rem[6]      ; KEY[0]       ; KEY[0]      ; 0.000        ; 0.053      ; 0.807      ;
; 0.671 ; R3[3]             ; div_dividend[3] ; KEY[0]       ; KEY[0]      ; 0.000        ; -0.017     ; 0.738      ;
; 0.671 ; R1[5]             ; div_dividend[5] ; KEY[0]       ; KEY[0]      ; 0.000        ; 0.078      ; 0.833      ;
; 0.673 ; IDEXE_opcode[1]   ; EXEWB_result[1] ; KEY[0]       ; KEY[0]      ; 0.000        ; 0.251      ; 1.008      ;
; 0.674 ; div_count[2]      ; div_quot[2]     ; KEY[0]       ; KEY[0]      ; 0.000        ; 0.042      ; 0.800      ;
; 0.676 ; IDEXE_valid       ; div_divisor[4]  ; KEY[0]       ; KEY[0]      ; 0.000        ; 0.066      ; 0.826      ;
; 0.677 ; IDEXE_valid       ; div_divisor[6]  ; KEY[0]       ; KEY[0]      ; 0.000        ; 0.066      ; 0.827      ;
; 0.678 ; IFID_data[2]      ; IDEXE_data[2]   ; KEY[0]       ; KEY[0]      ; 0.000        ; 0.153      ; 0.915      ;
; 0.678 ; EXEWB_result[2]   ; R2[2]           ; KEY[0]       ; KEY[0]      ; 0.000        ; -0.120     ; 0.642      ;
; 0.678 ; IDEXE_valid       ; div_divisor[2]  ; KEY[0]       ; KEY[0]      ; 0.000        ; 0.066      ; 0.828      ;
; 0.679 ; IDEXE_data[6]     ; EXEWB_result[6] ; KEY[0]       ; KEY[0]      ; 0.000        ; 0.070      ; 0.833      ;
; 0.680 ; div_divisor[7]    ; div_rem[0]      ; KEY[0]       ; KEY[0]      ; 0.000        ; 0.062      ; 0.826      ;
; 0.680 ; div_divisor[7]    ; div_rem[1]      ; KEY[0]       ; KEY[0]      ; 0.000        ; 0.062      ; 0.826      ;
+-------+-------------------+-----------------+--------------+-------------+--------------+------------+------------+


----------------------------------------------
; Fast 1200mV 0C Model Metastability Summary ;
----------------------------------------------
Design MTBF is not calculated because the design doesn't meet its timing requirements.



+--------------------------------------------------------------------------------+
; Multicorner Timing Analysis Summary                                            ;
+------------------+----------+-------+----------+---------+---------------------+
; Clock            ; Setup    ; Hold  ; Recovery ; Removal ; Minimum Pulse Width ;
+------------------+----------+-------+----------+---------+---------------------+
; Worst-case Slack ; -6.286   ; 0.199 ; N/A      ; N/A     ; -3.000              ;
;  KEY[0]          ; -6.286   ; 0.199 ; N/A      ; N/A     ; -3.000              ;
; Design-wide TNS  ; -459.117 ; 0.0   ; 0.0      ; 0.0     ; -170.05             ;
;  KEY[0]          ; -459.117 ; 0.000 ; N/A      ; N/A     ; -170.050            ;
+------------------+----------+-------+----------+---------+---------------------+


+------------------------------------------------------------------------------------------------------------------------------------------------------------------------------------------------------------------------------------------------------------------------------------------------------------------------------------------------------------------------------------------------------------------+
; Board Trace Model Assignments                                                                                                                                                                                                                                                                                                                                                                                    ;
+---------------+--------------+-------------------+-------------------------+-------------------------+---------------+---------------------+----------------+------------------+--------+------------------+------------------------+------------------------+--------------+---------------+-----------------+-------+---------------------+--------------------+---------------+-----------------+-------------+
; Pin           ; I/O Standard ; Near Tline Length ; Near Tline L per Length ; Near Tline C per Length ; Near Series R ; Near Differential R ; Near Pull-up R ; Near Pull-down R ; Near C ; Far Tline Length ; Far Tline L per Length ; Far Tline C per Length ; Far Series R ; Far Pull-up R ; Far Pull-down R ; Far C ; Termination Voltage ; Far Differential R ; EBD File Name ; EBD Signal Name ; EBD Far-end ;
+---------------+--------------+-------------------+-------------------------+-------------------------+---------------+---------------------+----------------+------------------+--------+------------------+------------------------+------------------------+--------------+---------------+-----------------+-------+---------------------+--------------------+---------------+-----------------+-------------+
; HEX0[0]       ; 2.5 V        ; 0 in              ; 0 H/in                  ; 0 F/in                  ; short         ; -                   ; open           ; open             ; open   ; 0 in             ; 0 H/in                 ; 0 F/in                 ; short        ; open          ; open            ; open  ; 0 V                 ; -                  ; n/a           ; n/a             ; n/a         ;
; HEX0[1]       ; 2.5 V        ; 0 in              ; 0 H/in                  ; 0 F/in                  ; short         ; -                   ; open           ; open             ; open   ; 0 in             ; 0 H/in                 ; 0 F/in                 ; short        ; open          ; open            ; open  ; 0 V                 ; -                  ; n/a           ; n/a             ; n/a         ;
; HEX0[2]       ; 2.5 V        ; 0 in              ; 0 H/in                  ; 0 F/in                  ; short         ; -                   ; open           ; open             ; open   ; 0 in             ; 0 H/in                 ; 0 F/in                 ; short        ; open          ; open            ; open  ; 0 V                 ; -                  ; n/a           ; n/a             ; n/a         ;
; HEX0[3]       ; 2.5 V        ; 0 in              ; 0 H/in                  ; 0 F/in                  ; short         ; -                   ; open           ; open             ; open   ; 0 in             ; 0 H/in                 ; 0 F/in                 ; short        ; open          ; open            ; open  ; 0 V                 ; -                  ; n/a           ; n/a             ; n/a         ;
; HEX0[4]       ; 2.5 V        ; 0 in              ; 0 H/in                  ; 0 F/in                  ; short         ; -                   ; open           ; open             ; open   ; 0 in             ; 0 H/in                 ; 0 F/in                 ; short        ; open          ; open            ; open  ; 0 V                 ; -                  ; n/a           ; n/a             ; n/a         ;
; HEX0[5]       ; 2.5 V        ; 0 in              ; 0 H/in                  ; 0 F/in                  ; short         ; -                   ; open           ; open             ; open   ; 0 in             ; 0 H/in                 ; 0 F/in                 ; short        ; open          ; open            ; open  ; 0 V                 ; -                  ; n/a           ; n/a             ; n/a         ;
; HEX0[6]       ; 2.5 V        ; 0 in              ; 0 H/in                  ; 0 F/in                  ; short         ; -                   ; open           ; open             ; open   ; 0 in             ; 0 H/in                 ; 0 F/in                 ; short        ; open          ; open            ; open  ; 0 V                 ; -                  ; n/a           ; n/a             ; n/a         ;
; HEX1[0]       ; 2.5 V        ; 0 in              ; 0 H/in                  ; 0 F/in                  ; short         ; -                   ; open           ; open             ; open   ; 0 in             ; 0 H/in                 ; 0 F/in                 ; short        ; open          ; open            ; open  ; 0 V                 ; -                  ; n/a           ; n/a             ; n/a         ;
; HEX1[1]       ; 2.5 V        ; 0 in              ; 0 H/in                  ; 0 F/in                  ; short         ; -                   ; open           ; open             ; open   ; 0 in             ; 0 H/in                 ; 0 F/in                 ; short        ; open          ; open            ; open  ; 0 V                 ; -                  ; n/a           ; n/a             ; n/a         ;
; HEX1[2]       ; 2.5 V        ; 0 in              ; 0 H/in                  ; 0 F/in                  ; short         ; -                   ; open           ; open             ; open   ; 0 in             ; 0 H/in                 ; 0 F/in                 ; short        ; open          ; open            ; open  ; 0 V                 ; -                  ; n/a           ; n/a             ; n/a         ;
; HEX1[3]       ; 2.5 V        ; 0 in              ; 0 H/in                  ; 0 F/in                  ; short         ; -                   ; open           ; open             ; open   ; 0 in             ; 0 H/in                 ; 0 F/in                 ; short        ; open          ; open            ; open  ; 0 V                 ; -                  ; n/a           ; n/a             ; n/a         ;
; HEX1[4]       ; 2.5 V        ; 0 in              ; 0 H/in                  ; 0 F/in                  ; short         ; -                   ; open           ; open             ; open   ; 0 in             ; 0 H/in                 ; 0 F/in                 ; short        ; open          ; open            ; open  ; 0 V                 ; -                  ; n/a           ; n/a             ; n/a         ;
; HEX1[5]       ; 2.5 V        ; 0 in              ; 0 H/in                  ; 0 F/in                  ; short         ; -                   ; open           ; open             ; open   ; 0 in             ; 0 H/in                 ; 0 F/in                 ; short        ; open          ; open            ; open  ; 0 V                 ; -                  ; n/a           ; n/a             ; n/a         ;
; HEX1[6]       ; 2.5 V        ; 0 in              ; 0 H/in                  ; 0 F/in                  ; short         ; -                   ; open           ; open             ; open   ; 0 in             ; 0 H/in                 ; 0 F/in                 ; short        ; open          ; open            ; open  ; 0 V                 ; -                  ; n/a           ; n/a             ; n/a         ;
; HEX2[0]       ; 2.5 V        ; 0 in              ; 0 H/in                  ; 0 F/in                  ; short         ; -                   ; open           ; open             ; open   ; 0 in             ; 0 H/in                 ; 0 F/in                 ; short        ; open          ; open            ; open  ; 0 V                 ; -                  ; n/a           ; n/a             ; n/a         ;
; HEX2[1]       ; 2.5 V        ; 0 in              ; 0 H/in                  ; 0 F/in                  ; short         ; -                   ; open           ; open             ; open   ; 0 in             ; 0 H/in                 ; 0 F/in                 ; short        ; open          ; open            ; open  ; 0 V                 ; -                  ; n/a           ; n/a             ; n/a         ;
; HEX2[2]       ; 2.5 V        ; 0 in              ; 0 H/in                  ; 0 F/in                  ; short         ; -                   ; open           ; open             ; open   ; 0 in             ; 0 H/in                 ; 0 F/in                 ; short        ; open          ; open            ; open  ; 0 V                 ; -                  ; n/a           ; n/a             ; n/a         ;
; HEX2[3]       ; 2.5 V        ; 0 in              ; 0 H/in                  ; 0 F/in                  ; short         ; -                   ; open           ; open             ; open   ; 0 in             ; 0 H/in                 ; 0 F/in                 ; short        ; open          ; open            ; open  ; 0 V                 ; -                  ; n/a           ; n/a             ; n/a         ;
; HEX2[4]       ; 2.5 V        ; 0 in              ; 0 H/in                  ; 0 F/in                  ; short         ; -                   ; open           ; open             ; open   ; 0 in             ; 0 H/in                 ; 0 F/in                 ; short        ; open          ; open            ; open  ; 0 V                 ; -                  ; n/a           ; n/a             ; n/a         ;
; HEX2[5]       ; 2.5 V        ; 0 in              ; 0 H/in                  ; 0 F/in                  ; short         ; -                   ; open           ; open             ; open   ; 0 in             ; 0 H/in                 ; 0 F/in                 ; short        ; open          ; open            ; open  ; 0 V                 ; -                  ; n/a           ; n/a             ; n/a         ;
; HEX2[6]       ; 2.5 V        ; 0 in              ; 0 H/in                  ; 0 F/in                  ; short         ; -                   ; open           ; open             ; open   ; 0 in             ; 0 H/in                 ; 0 F/in                 ; short        ; open          ; open            ; open  ; 0 V                 ; -                  ; n/a           ; n/a             ; n/a         ;
; HEX3[0]       ; 2.5 V        ; 0 in              ; 0 H/in                  ; 0 F/in                  ; short         ; -                   ; open           ; open             ; open   ; 0 in             ; 0 H/in                 ; 0 F/in                 ; short        ; open          ; open            ; open  ; 0 V                 ; -                  ; n/a           ; n/a             ; n/a         ;
; HEX3[1]       ; 2.5 V        ; 0 in              ; 0 H/in                  ; 0 F/in                  ; short         ; -                   ; open           ; open             ; open   ; 0 in             ; 0 H/in                 ; 0 F/in                 ; short        ; open          ; open            ; open  ; 0 V                 ; -                  ; n/a           ; n/a             ; n/a         ;
; HEX3[2]       ; 2.5 V        ; 0 in              ; 0 H/in                  ; 0 F/in                  ; short         ; -                   ; open           ; open             ; open   ; 0 in             ; 0 H/in                 ; 0 F/in                 ; short        ; open          ; open            ; open  ; 0 V                 ; -                  ; n/a           ; n/a             ; n/a         ;
; HEX3[3]       ; 2.5 V        ; 0 in              ; 0 H/in                  ; 0 F/in                  ; short         ; -                   ; open           ; open             ; open   ; 0 in             ; 0 H/in                 ; 0 F/in                 ; short        ; open          ; open            ; open  ; 0 V                 ; -                  ; n/a           ; n/a             ; n/a         ;
; HEX3[4]       ; 2.5 V        ; 0 in              ; 0 H/in                  ; 0 F/in                  ; short         ; -                   ; open           ; open             ; open   ; 0 in             ; 0 H/in                 ; 0 F/in                 ; short        ; open          ; open            ; open  ; 0 V                 ; -                  ; n/a           ; n/a             ; n/a         ;
; HEX3[5]       ; 2.5 V        ; 0 in              ; 0 H/in                  ; 0 F/in                  ; short         ; -                   ; open           ; open             ; open   ; 0 in             ; 0 H/in                 ; 0 F/in                 ; short        ; open          ; open            ; open  ; 0 V                 ; -                  ; n/a           ; n/a             ; n/a         ;
; HEX3[6]       ; 2.5 V        ; 0 in              ; 0 H/in                  ; 0 F/in                  ; short         ; -                   ; open           ; open             ; open   ; 0 in             ; 0 H/in                 ; 0 F/in                 ; short        ; open          ; open            ; open  ; 0 V                 ; -                  ; n/a           ; n/a             ; n/a         ;
; HEX4[0]       ; 2.5 V        ; 0 in              ; 0 H/in                  ; 0 F/in                  ; short         ; -                   ; open           ; open             ; open   ; 0 in             ; 0 H/in                 ; 0 F/in                 ; short        ; open          ; open            ; open  ; 0 V                 ; -                  ; n/a           ; n/a             ; n/a         ;
; HEX4[1]       ; 2.5 V        ; 0 in              ; 0 H/in                  ; 0 F/in                  ; short         ; -                   ; open           ; open             ; open   ; 0 in             ; 0 H/in                 ; 0 F/in                 ; short        ; open          ; open            ; open  ; 0 V                 ; -                  ; n/a           ; n/a             ; n/a         ;
; HEX4[2]       ; 2.5 V        ; 0 in              ; 0 H/in                  ; 0 F/in                  ; short         ; -                   ; open           ; open             ; open   ; 0 in             ; 0 H/in                 ; 0 F/in                 ; short        ; open          ; open            ; open  ; 0 V                 ; -                  ; n/a           ; n/a             ; n/a         ;
; HEX4[3]       ; 2.5 V        ; 0 in              ; 0 H/in                  ; 0 F/in                  ; short         ; -                   ; open           ; open             ; open   ; 0 in             ; 0 H/in                 ; 0 F/in                 ; short        ; open          ; open            ; open  ; 0 V                 ; -                  ; n/a           ; n/a             ; n/a         ;
; HEX4[4]       ; 2.5 V        ; 0 in              ; 0 H/in                  ; 0 F/in                  ; short         ; -                   ; open           ; open             ; open   ; 0 in             ; 0 H/in                 ; 0 F/in                 ; short        ; open          ; open            ; open  ; 0 V                 ; -                  ; n/a           ; n/a             ; n/a         ;
; HEX4[5]       ; 2.5 V        ; 0 in              ; 0 H/in                  ; 0 F/in                  ; short         ; -                   ; open           ; open             ; open   ; 0 in             ; 0 H/in                 ; 0 F/in                 ; short        ; open          ; open            ; open  ; 0 V                 ; -                  ; n/a           ; n/a             ; n/a         ;
; HEX4[6]       ; 2.5 V        ; 0 in              ; 0 H/in                  ; 0 F/in                  ; short         ; -                   ; open           ; open             ; open   ; 0 in             ; 0 H/in                 ; 0 F/in                 ; short        ; open          ; open            ; open  ; 0 V                 ; -                  ; n/a           ; n/a             ; n/a         ;
; HEX5[0]       ; 2.5 V        ; 0 in              ; 0 H/in                  ; 0 F/in                  ; short         ; -                   ; open           ; open             ; open   ; 0 in             ; 0 H/in                 ; 0 F/in                 ; short        ; open          ; open            ; open  ; 0 V                 ; -                  ; n/a           ; n/a             ; n/a         ;
; HEX5[1]       ; 2.5 V        ; 0 in              ; 0 H/in                  ; 0 F/in                  ; short         ; -                   ; open           ; open             ; open   ; 0 in             ; 0 H/in                 ; 0 F/in                 ; short        ; open          ; open            ; open  ; 0 V                 ; -                  ; n/a           ; n/a             ; n/a         ;
; HEX5[2]       ; 2.5 V        ; 0 in              ; 0 H/in                  ; 0 F/in                  ; short         ; -                   ; open           ; open             ; open   ; 0 in             ; 0 H/in                 ; 0 F/in                 ; short        ; open          ; open            ; open  ; 0 V                 ; -                  ; n/a           ; n/a             ; n/a         ;
; HEX5[3]       ; 2.5 V        ; 0 in              ; 0 H/in                  ; 0 F/in                  ; short         ; -                   ; open           ; open             ; open   ; 0 in             ; 0 H/in                 ; 0 F/in                 ; short        ; open          ; open            ; open  ; 0 V                 ; -                  ; n/a           ; n/a             ; n/a         ;
; HEX5[4]       ; 2.5 V        ; 0 in              ; 0 H/in                  ; 0 F/in                  ; short         ; -                   ; open           ; open             ; open   ; 0 in             ; 0 H/in                 ; 0 F/in                 ; short        ; open          ; open            ; open  ; 0 V                 ; -                  ; n/a           ; n/a             ; n/a         ;
; HEX5[5]       ; 2.5 V        ; 0 in              ; 0 H/in                  ; 0 F/in                  ; short         ; -                   ; open           ; open             ; open   ; 0 in             ; 0 H/in                 ; 0 F/in                 ; short        ; open          ; open            ; open  ; 0 V                 ; -                  ; n/a           ; n/a             ; n/a         ;
; HEX5[6]       ; 2.5 V        ; 0 in              ; 0 H/in                  ; 0 F/in                  ; short         ; -                   ; open           ; open             ; open   ; 0 in             ; 0 H/in                 ; 0 F/in                 ; short        ; open          ; open            ; open  ; 0 V                 ; -                  ; n/a           ; n/a             ; n/a         ;
; HEX6[0]       ; 2.5 V        ; 0 in              ; 0 H/in                  ; 0 F/in                  ; short         ; -                   ; open           ; open             ; open   ; 0 in             ; 0 H/in                 ; 0 F/in                 ; short        ; open          ; open            ; open  ; 0 V                 ; -                  ; n/a           ; n/a             ; n/a         ;
; HEX6[1]       ; 2.5 V        ; 0 in              ; 0 H/in                  ; 0 F/in                  ; short         ; -                   ; open           ; open             ; open   ; 0 in             ; 0 H/in                 ; 0 F/in                 ; short        ; open          ; open            ; open  ; 0 V                 ; -                  ; n/a           ; n/a             ; n/a         ;
; HEX6[2]       ; 2.5 V        ; 0 in              ; 0 H/in                  ; 0 F/in                  ; short         ; -                   ; open           ; open             ; open   ; 0 in             ; 0 H/in                 ; 0 F/in                 ; short        ; open          ; open            ; open  ; 0 V                 ; -                  ; n/a           ; n/a             ; n/a         ;
; HEX6[3]       ; 2.5 V        ; 0 in              ; 0 H/in                  ; 0 F/in                  ; short         ; -                   ; open           ; open             ; open   ; 0 in             ; 0 H/in                 ; 0 F/in                 ; short        ; open          ; open            ; open  ; 0 V                 ; -                  ; n/a           ; n/a             ; n/a         ;
; HEX6[4]       ; 2.5 V        ; 0 in              ; 0 H/in                  ; 0 F/in                  ; short         ; -                   ; open           ; open             ; open   ; 0 in             ; 0 H/in                 ; 0 F/in                 ; short        ; open          ; open            ; open  ; 0 V                 ; -                  ; n/a           ; n/a             ; n/a         ;
; HEX6[5]       ; 2.5 V        ; 0 in              ; 0 H/in                  ; 0 F/in                  ; short         ; -                   ; open           ; open             ; open   ; 0 in             ; 0 H/in                 ; 0 F/in                 ; short        ; open          ; open            ; open  ; 0 V                 ; -                  ; n/a           ; n/a             ; n/a         ;
; HEX6[6]       ; 2.5 V        ; 0 in              ; 0 H/in                  ; 0 F/in                  ; short         ; -                   ; open           ; open             ; open   ; 0 in             ; 0 H/in                 ; 0 F/in                 ; short        ; open          ; open            ; open  ; 0 V                 ; -                  ; n/a           ; n/a             ; n/a         ;
; LEDR[0]       ; 2.5 V        ; 0 in              ; 0 H/in                  ; 0 F/in                  ; short         ; -                   ; open           ; open             ; open   ; 0 in             ; 0 H/in                 ; 0 F/in                 ; short        ; open          ; open            ; open  ; 0 V                 ; -                  ; n/a           ; n/a             ; n/a         ;
; LEDR[1]       ; 2.5 V        ; 0 in              ; 0 H/in                  ; 0 F/in                  ; short         ; -                   ; open           ; open             ; open   ; 0 in             ; 0 H/in                 ; 0 F/in                 ; short        ; open          ; open            ; open  ; 0 V                 ; -                  ; n/a           ; n/a             ; n/a         ;
; LEDR[2]       ; 2.5 V        ; 0 in              ; 0 H/in                  ; 0 F/in                  ; short         ; -                   ; open           ; open             ; open   ; 0 in             ; 0 H/in                 ; 0 F/in                 ; short        ; open          ; open            ; open  ; 0 V                 ; -                  ; n/a           ; n/a             ; n/a         ;
; LEDR[3]       ; 2.5 V        ; 0 in              ; 0 H/in                  ; 0 F/in                  ; short         ; -                   ; open           ; open             ; open   ; 0 in             ; 0 H/in                 ; 0 F/in                 ; short        ; open          ; open            ; open  ; 0 V                 ; -                  ; n/a           ; n/a             ; n/a         ;
; LEDR[4]       ; 2.5 V        ; 0 in              ; 0 H/in                  ; 0 F/in                  ; short         ; -                   ; open           ; open             ; open   ; 0 in             ; 0 H/in                 ; 0 F/in                 ; short        ; open          ; open            ; open  ; 0 V                 ; -                  ; n/a           ; n/a             ; n/a         ;
; LEDR[5]       ; 2.5 V        ; 0 in              ; 0 H/in                  ; 0 F/in                  ; short         ; -                   ; open           ; open             ; open   ; 0 in             ; 0 H/in                 ; 0 F/in                 ; short        ; open          ; open            ; open  ; 0 V                 ; -                  ; n/a           ; n/a             ; n/a         ;
; LEDR[6]       ; 2.5 V        ; 0 in              ; 0 H/in                  ; 0 F/in                  ; short         ; -                   ; open           ; open             ; open   ; 0 in             ; 0 H/in                 ; 0 F/in                 ; short        ; open          ; open            ; open  ; 0 V                 ; -                  ; n/a           ; n/a             ; n/a         ;
; LEDR[7]       ; 2.5 V        ; 0 in              ; 0 H/in                  ; 0 F/in                  ; short         ; -                   ; open           ; open             ; open   ; 0 in             ; 0 H/in                 ; 0 F/in                 ; short        ; open          ; open            ; open  ; 0 V                 ; -                  ; n/a           ; n/a             ; n/a         ;
; LEDG[0]       ; 2.5 V        ; 0 in              ; 0 H/in                  ; 0 F/in                  ; short         ; -                   ; open           ; open             ; open   ; 0 in             ; 0 H/in                 ; 0 F/in                 ; short        ; open          ; open            ; open  ; 0 V                 ; -                  ; n/a           ; n/a             ; n/a         ;
; LEDG[1]       ; 2.5 V        ; 0 in              ; 0 H/in                  ; 0 F/in                  ; short         ; -                   ; open           ; open             ; open   ; 0 in             ; 0 H/in                 ; 0 F/in                 ; short        ; open          ; open            ; open  ; 0 V                 ; -                  ; n/a           ; n/a             ; n/a         ;
; ~ALTERA_DCLK~ ; 2.5 V        ; 0 in              ; 0 H/in                  ; 0 F/in                  ; short         ; -                   ; open           ; open             ; open   ; 0 in             ; 0 H/in                 ; 0 F/in                 ; short        ; open          ; open            ; open  ; 0 V                 ; -                  ; n/a           ; n/a             ; n/a         ;
; ~ALTERA_nCEO~ ; 2.5 V        ; 0 in              ; 0 H/in                  ; 0 F/in                  ; short         ; -                   ; open           ; open             ; open   ; 0 in             ; 0 H/in                 ; 0 F/in                 ; short        ; open          ; open            ; open  ; 0 V                 ; -                  ; n/a           ; n/a             ; n/a         ;
+---------------+--------------+-------------------+-------------------------+-------------------------+---------------+---------------------+----------------+------------------+--------+------------------+------------------------+------------------------+--------------+---------------+-----------------+-------+---------------------+--------------------+---------------+-----------------+-------------+


+----------------------------------------------------------------------------+
; Input Transition Times                                                     ;
+-------------------------+--------------+-----------------+-----------------+
; Pin                     ; I/O Standard ; 10-90 Rise Time ; 90-10 Fall Time ;
+-------------------------+--------------+-----------------+-----------------+
; SW[12]                  ; 2.5 V        ; 2000 ps         ; 2000 ps         ;
; SW[13]                  ; 2.5 V        ; 2000 ps         ; 2000 ps         ;
; SW[14]                  ; 2.5 V        ; 2000 ps         ; 2000 ps         ;
; SW[15]                  ; 2.5 V        ; 2000 ps         ; 2000 ps         ;
; SW[8]                   ; 2.5 V        ; 2000 ps         ; 2000 ps         ;
; SW[9]                   ; 2.5 V        ; 2000 ps         ; 2000 ps         ;
; SW[10]                  ; 2.5 V        ; 2000 ps         ; 2000 ps         ;
; SW[11]                  ; 2.5 V        ; 2000 ps         ; 2000 ps         ;
; SW[0]                   ; 2.5 V        ; 2000 ps         ; 2000 ps         ;
; SW[1]                   ; 2.5 V        ; 2000 ps         ; 2000 ps         ;
; SW[2]                   ; 2.5 V        ; 2000 ps         ; 2000 ps         ;
; SW[3]                   ; 2.5 V        ; 2000 ps         ; 2000 ps         ;
; SW[4]                   ; 2.5 V        ; 2000 ps         ; 2000 ps         ;
; SW[5]                   ; 2.5 V        ; 2000 ps         ; 2000 ps         ;
; SW[6]                   ; 2.5 V        ; 2000 ps         ; 2000 ps         ;
; SW[7]                   ; 2.5 V        ; 2000 ps         ; 2000 ps         ;
; KEY[0]                  ; 2.5 V        ; 2000 ps         ; 2000 ps         ;
; ~ALTERA_ASDO_DATA1~     ; 2.5 V        ; 2000 ps         ; 2000 ps         ;
; ~ALTERA_FLASH_nCE_nCSO~ ; 2.5 V        ; 2000 ps         ; 2000 ps         ;
; ~ALTERA_DATA0~          ; 2.5 V        ; 2000 ps         ; 2000 ps         ;
+-------------------------+--------------+-----------------+-----------------+


+--------------------------------------------------------------------------------------------------------------------------------------------------------------------------------------------------------------------------------------------------------------------------------------------------------------------------------------------------------------------------------------------------------------------------------------------------------------------------------------------------------------------------------------------------------------------------------------------------------------------------------------------------------------------------------------------+
; Signal Integrity Metrics (Slow 1200mv 0c Model)                                                                                                                                                                                                                                                                                                                                                                                                                                                                                                                                                                                                                                            ;
+---------------+--------------+---------------------+---------------------+------------------------------+------------------------------+---------------------+---------------------+--------------------------------------+--------------------------------------+-----------------------------+-----------------------------+----------------------------+----------------------------+-----------------------------+-----------------------------+--------------------+--------------------+-------------------------------------+-------------------------------------+----------------------------+----------------------------+---------------------------+---------------------------+
; Pin           ; I/O Standard ; Board Delay on Rise ; Board Delay on Fall ; Steady State Voh at FPGA Pin ; Steady State Vol at FPGA Pin ; Voh Max at FPGA Pin ; Vol Min at FPGA Pin ; Ringback Voltage on Rise at FPGA Pin ; Ringback Voltage on Fall at FPGA Pin ; 10-90 Rise Time at FPGA Pin ; 90-10 Fall Time at FPGA Pin ; Monotonic Rise at FPGA Pin ; Monotonic Fall at FPGA Pin ; Steady State Voh at Far-end ; Steady State Vol at Far-end ; Voh Max at Far-end ; Vol Min at Far-end ; Ringback Voltage on Rise at Far-end ; Ringback Voltage on Fall at Far-end ; 10-90 Rise Time at Far-end ; 90-10 Fall Time at Far-end ; Monotonic Rise at Far-end ; Monotonic Fall at Far-end ;
+---------------+--------------+---------------------+---------------------+------------------------------+------------------------------+---------------------+---------------------+--------------------------------------+--------------------------------------+-----------------------------+-----------------------------+----------------------------+----------------------------+-----------------------------+-----------------------------+--------------------+--------------------+-------------------------------------+-------------------------------------+----------------------------+----------------------------+---------------------------+---------------------------+
; HEX0[0]       ; 2.5 V        ; 0 s                 ; 0 s                 ; 2.32 V                       ; 4.49e-09 V                   ; 2.38 V              ; -0.00552 V          ; 0.096 V                              ; 0.019 V                              ; 4.18e-10 s                  ; 3.59e-10 s                  ; No                         ; Yes                        ; 2.32 V                      ; 4.49e-09 V                  ; 2.38 V             ; -0.00552 V         ; 0.096 V                             ; 0.019 V                             ; 4.18e-10 s                 ; 3.59e-10 s                 ; No                        ; Yes                       ;
; HEX0[1]       ; 2.5 V        ; 0 s                 ; 0 s                 ; 2.32 V                       ; 4.49e-09 V                   ; 2.33 V              ; -0.00467 V          ; 0.226 V                              ; 0.087 V                              ; 2.91e-09 s                  ; 2.74e-09 s                  ; Yes                        ; Yes                        ; 2.32 V                      ; 4.49e-09 V                  ; 2.33 V             ; -0.00467 V         ; 0.226 V                             ; 0.087 V                             ; 2.91e-09 s                 ; 2.74e-09 s                 ; Yes                       ; Yes                       ;
; HEX0[2]       ; 2.5 V        ; 0 s                 ; 0 s                 ; 2.32 V                       ; 4.49e-09 V                   ; 2.38 V              ; -0.00552 V          ; 0.096 V                              ; 0.019 V                              ; 4.18e-10 s                  ; 3.59e-10 s                  ; No                         ; Yes                        ; 2.32 V                      ; 4.49e-09 V                  ; 2.38 V             ; -0.00552 V         ; 0.096 V                             ; 0.019 V                             ; 4.18e-10 s                 ; 3.59e-10 s                 ; No                        ; Yes                       ;
; HEX0[3]       ; 2.5 V        ; 0 s                 ; 0 s                 ; 2.32 V                       ; 3.07e-09 V                   ; 2.38 V              ; -0.0144 V           ; 0.227 V                              ; 0.024 V                              ; 3.14e-10 s                  ; 3.39e-10 s                  ; Yes                        ; Yes                        ; 2.32 V                      ; 3.07e-09 V                  ; 2.38 V             ; -0.0144 V          ; 0.227 V                             ; 0.024 V                             ; 3.14e-10 s                 ; 3.39e-10 s                 ; Yes                       ; Yes                       ;
; HEX0[4]       ; 2.5 V        ; 0 s                 ; 0 s                 ; 2.32 V                       ; 3.07e-09 V                   ; 2.38 V              ; -0.0144 V           ; 0.227 V                              ; 0.024 V                              ; 3.14e-10 s                  ; 3.39e-10 s                  ; Yes                        ; Yes                        ; 2.32 V                      ; 3.07e-09 V                  ; 2.38 V             ; -0.0144 V          ; 0.227 V                             ; 0.024 V                             ; 3.14e-10 s                 ; 3.39e-10 s                 ; Yes                       ; Yes                       ;
; HEX0[5]       ; 2.5 V        ; 0 s                 ; 0 s                 ; 2.32 V                       ; 3.07e-09 V                   ; 2.33 V              ; -0.00496 V          ; 0.223 V                              ; 0.086 V                              ; 2.9e-09 s                   ; 2.73e-09 s                  ; Yes                        ; Yes                        ; 2.32 V                      ; 3.07e-09 V                  ; 2.33 V             ; -0.00496 V         ; 0.223 V                             ; 0.086 V                             ; 2.9e-09 s                  ; 2.73e-09 s                 ; Yes                       ; Yes                       ;
; HEX0[6]       ; 2.5 V        ; 0 s                 ; 0 s                 ; 2.32 V                       ; 3.07e-09 V                   ; 2.38 V              ; -0.0144 V           ; 0.227 V                              ; 0.024 V                              ; 3.14e-10 s                  ; 3.39e-10 s                  ; Yes                        ; Yes                        ; 2.32 V                      ; 3.07e-09 V                  ; 2.38 V             ; -0.0144 V          ; 0.227 V                             ; 0.024 V                             ; 3.14e-10 s                 ; 3.39e-10 s                 ; Yes                       ; Yes                       ;
; HEX1[0]       ; 2.5 V        ; 0 s                 ; 0 s                 ; 2.32 V                       ; 3.07e-09 V                   ; 2.38 V              ; -0.0144 V           ; 0.227 V                              ; 0.024 V                              ; 3.14e-10 s                  ; 3.39e-10 s                  ; Yes                        ; Yes                        ; 2.32 V                      ; 3.07e-09 V                  ; 2.38 V             ; -0.0144 V          ; 0.227 V                             ; 0.024 V                             ; 3.14e-10 s                 ; 3.39e-10 s                 ; Yes                       ; Yes                       ;
; HEX1[1]       ; 2.5 V        ; 0 s                 ; 0 s                 ; 2.32 V                       ; 3.07e-09 V                   ; 2.37 V              ; -0.00994 V          ; 0.186 V                              ; 0.028 V                              ; 4.98e-10 s                  ; 4.96e-10 s                  ; Yes                        ; Yes                        ; 2.32 V                      ; 3.07e-09 V                  ; 2.37 V             ; -0.00994 V         ; 0.186 V                             ; 0.028 V                             ; 4.98e-10 s                 ; 4.96e-10 s                 ; Yes                       ; Yes                       ;
; HEX1[2]       ; 2.5 V        ; 0 s                 ; 0 s                 ; 2.32 V                       ; 3.07e-09 V                   ; 2.37 V              ; -0.00994 V          ; 0.186 V                              ; 0.028 V                              ; 4.98e-10 s                  ; 4.96e-10 s                  ; Yes                        ; Yes                        ; 2.32 V                      ; 3.07e-09 V                  ; 2.37 V             ; -0.00994 V         ; 0.186 V                             ; 0.028 V                             ; 4.98e-10 s                 ; 4.96e-10 s                 ; Yes                       ; Yes                       ;
; HEX1[3]       ; 2.5 V        ; 0 s                 ; 0 s                 ; 2.32 V                       ; 3.07e-09 V                   ; 2.37 V              ; -0.00994 V          ; 0.186 V                              ; 0.028 V                              ; 4.98e-10 s                  ; 4.96e-10 s                  ; Yes                        ; Yes                        ; 2.32 V                      ; 3.07e-09 V                  ; 2.37 V             ; -0.00994 V         ; 0.186 V                             ; 0.028 V                             ; 4.98e-10 s                 ; 4.96e-10 s                 ; Yes                       ; Yes                       ;
; HEX1[4]       ; 2.5 V        ; 0 s                 ; 0 s                 ; 2.32 V                       ; 3.07e-09 V                   ; 2.37 V              ; -0.00994 V          ; 0.186 V                              ; 0.028 V                              ; 4.98e-10 s                  ; 4.96e-10 s                  ; Yes                        ; Yes                        ; 2.32 V                      ; 3.07e-09 V                  ; 2.37 V             ; -0.00994 V         ; 0.186 V                             ; 0.028 V                             ; 4.98e-10 s                 ; 4.96e-10 s                 ; Yes                       ; Yes                       ;
; HEX1[5]       ; 2.5 V        ; 0 s                 ; 0 s                 ; 2.32 V                       ; 3.07e-09 V                   ; 2.33 V              ; -0.00496 V          ; 0.223 V                              ; 0.086 V                              ; 2.9e-09 s                   ; 2.73e-09 s                  ; Yes                        ; Yes                        ; 2.32 V                      ; 3.07e-09 V                  ; 2.33 V             ; -0.00496 V         ; 0.223 V                             ; 0.086 V                             ; 2.9e-09 s                  ; 2.73e-09 s                 ; Yes                       ; Yes                       ;
; HEX1[6]       ; 2.5 V        ; 0 s                 ; 0 s                 ; 2.32 V                       ; 3.07e-09 V                   ; 2.33 V              ; -0.00496 V          ; 0.223 V                              ; 0.086 V                              ; 2.9e-09 s                   ; 2.73e-09 s                  ; Yes                        ; Yes                        ; 2.32 V                      ; 3.07e-09 V                  ; 2.33 V             ; -0.00496 V         ; 0.223 V                             ; 0.086 V                             ; 2.9e-09 s                  ; 2.73e-09 s                 ; Yes                       ; Yes                       ;
; HEX2[0]       ; 2.5 V        ; 0 s                 ; 0 s                 ; 2.32 V                       ; 3.07e-09 V                   ; 2.37 V              ; -0.00994 V          ; 0.186 V                              ; 0.028 V                              ; 4.98e-10 s                  ; 4.96e-10 s                  ; Yes                        ; Yes                        ; 2.32 V                      ; 3.07e-09 V                  ; 2.37 V             ; -0.00994 V         ; 0.186 V                             ; 0.028 V                             ; 4.98e-10 s                 ; 4.96e-10 s                 ; Yes                       ; Yes                       ;
; HEX2[1]       ; 2.5 V        ; 0 s                 ; 0 s                 ; 2.32 V                       ; 3.07e-09 V                   ; 2.37 V              ; -0.00994 V          ; 0.186 V                              ; 0.028 V                              ; 4.98e-10 s                  ; 4.96e-10 s                  ; Yes                        ; Yes                        ; 2.32 V                      ; 3.07e-09 V                  ; 2.37 V             ; -0.00994 V         ; 0.186 V                             ; 0.028 V                             ; 4.98e-10 s                 ; 4.96e-10 s                 ; Yes                       ; Yes                       ;
; HEX2[2]       ; 2.5 V        ; 0 s                 ; 0 s                 ; 2.32 V                       ; 3.07e-09 V                   ; 2.37 V              ; -0.00994 V          ; 0.186 V                              ; 0.028 V                              ; 4.98e-10 s                  ; 4.96e-10 s                  ; Yes                        ; Yes                        ; 2.32 V                      ; 3.07e-09 V                  ; 2.37 V             ; -0.00994 V         ; 0.186 V                             ; 0.028 V                             ; 4.98e-10 s                 ; 4.96e-10 s                 ; Yes                       ; Yes                       ;
; HEX2[3]       ; 2.5 V        ; 0 s                 ; 0 s                 ; 2.32 V                       ; 3.07e-09 V                   ; 2.37 V              ; -0.00994 V          ; 0.186 V                              ; 0.028 V                              ; 4.98e-10 s                  ; 4.96e-10 s                  ; Yes                        ; Yes                        ; 2.32 V                      ; 3.07e-09 V                  ; 2.37 V             ; -0.00994 V         ; 0.186 V                             ; 0.028 V                             ; 4.98e-10 s                 ; 4.96e-10 s                 ; Yes                       ; Yes                       ;
; HEX2[4]       ; 2.5 V        ; 0 s                 ; 0 s                 ; 2.32 V                       ; 3.07e-09 V                   ; 2.37 V              ; -0.00994 V          ; 0.186 V                              ; 0.028 V                              ; 4.98e-10 s                  ; 4.96e-10 s                  ; Yes                        ; Yes                        ; 2.32 V                      ; 3.07e-09 V                  ; 2.37 V             ; -0.00994 V         ; 0.186 V                             ; 0.028 V                             ; 4.98e-10 s                 ; 4.96e-10 s                 ; Yes                       ; Yes                       ;
; HEX2[5]       ; 2.5 V        ; 0 s                 ; 0 s                 ; 2.32 V                       ; 3.07e-09 V                   ; 2.37 V              ; -0.00994 V          ; 0.186 V                              ; 0.028 V                              ; 4.98e-10 s                  ; 4.96e-10 s                  ; Yes                        ; Yes                        ; 2.32 V                      ; 3.07e-09 V                  ; 2.37 V             ; -0.00994 V         ; 0.186 V                             ; 0.028 V                             ; 4.98e-10 s                 ; 4.96e-10 s                 ; Yes                       ; Yes                       ;
; HEX2[6]       ; 2.5 V        ; 0 s                 ; 0 s                 ; 2.32 V                       ; 3.07e-09 V                   ; 2.37 V              ; -0.00994 V          ; 0.186 V                              ; 0.028 V                              ; 4.98e-10 s                  ; 4.96e-10 s                  ; Yes                        ; Yes                        ; 2.32 V                      ; 3.07e-09 V                  ; 2.37 V             ; -0.00994 V         ; 0.186 V                             ; 0.028 V                             ; 4.98e-10 s                 ; 4.96e-10 s                 ; Yes                       ; Yes                       ;
; HEX3[0]       ; 2.5 V        ; 0 s                 ; 0 s                 ; 2.32 V                       ; 3.07e-09 V                   ; 2.37 V              ; -0.00994 V          ; 0.186 V                              ; 0.028 V                              ; 4.98e-10 s                  ; 4.96e-10 s                  ; Yes                        ; Yes                        ; 2.32 V                      ; 3.07e-09 V                  ; 2.37 V             ; -0.00994 V         ; 0.186 V                             ; 0.028 V                             ; 4.98e-10 s                 ; 4.96e-10 s                 ; Yes                       ; Yes                       ;
; HEX3[1]       ; 2.5 V        ; 0 s                 ; 0 s                 ; 2.32 V                       ; 3.07e-09 V                   ; 2.38 V              ; -0.0144 V           ; 0.227 V                              ; 0.024 V                              ; 3.14e-10 s                  ; 3.39e-10 s                  ; Yes                        ; Yes                        ; 2.32 V                      ; 3.07e-09 V                  ; 2.38 V             ; -0.0144 V          ; 0.227 V                             ; 0.024 V                             ; 3.14e-10 s                 ; 3.39e-10 s                 ; Yes                       ; Yes                       ;
; HEX3[2]       ; 2.5 V        ; 0 s                 ; 0 s                 ; 2.32 V                       ; 4.49e-09 V                   ; 2.33 V              ; -0.00467 V          ; 0.226 V                              ; 0.087 V                              ; 2.91e-09 s                  ; 2.74e-09 s                  ; Yes                        ; Yes                        ; 2.32 V                      ; 4.49e-09 V                  ; 2.33 V             ; -0.00467 V         ; 0.226 V                             ; 0.087 V                             ; 2.91e-09 s                 ; 2.74e-09 s                 ; Yes                       ; Yes                       ;
; HEX3[3]       ; 2.5 V        ; 0 s                 ; 0 s                 ; 2.32 V                       ; 4.49e-09 V                   ; 2.38 V              ; -0.00552 V          ; 0.096 V                              ; 0.019 V                              ; 4.18e-10 s                  ; 3.59e-10 s                  ; No                         ; Yes                        ; 2.32 V                      ; 4.49e-09 V                  ; 2.38 V             ; -0.00552 V         ; 0.096 V                             ; 0.019 V                             ; 4.18e-10 s                 ; 3.59e-10 s                 ; No                        ; Yes                       ;
; HEX3[4]       ; 2.5 V        ; 0 s                 ; 0 s                 ; 2.32 V                       ; 4.49e-09 V                   ; 2.38 V              ; -0.00552 V          ; 0.096 V                              ; 0.019 V                              ; 4.18e-10 s                  ; 3.59e-10 s                  ; No                         ; Yes                        ; 2.32 V                      ; 4.49e-09 V                  ; 2.38 V             ; -0.00552 V         ; 0.096 V                             ; 0.019 V                             ; 4.18e-10 s                 ; 3.59e-10 s                 ; No                        ; Yes                       ;
; HEX3[5]       ; 2.5 V        ; 0 s                 ; 0 s                 ; 2.32 V                       ; 4.49e-09 V                   ; 2.38 V              ; -0.00552 V          ; 0.096 V                              ; 0.019 V                              ; 4.18e-10 s                  ; 3.59e-10 s                  ; No                         ; Yes                        ; 2.32 V                      ; 4.49e-09 V                  ; 2.38 V             ; -0.00552 V         ; 0.096 V                             ; 0.019 V                             ; 4.18e-10 s                 ; 3.59e-10 s                 ; No                        ; Yes                       ;
; HEX3[6]       ; 2.5 V        ; 0 s                 ; 0 s                 ; 2.32 V                       ; 4.49e-09 V                   ; 2.38 V              ; -0.00552 V          ; 0.096 V                              ; 0.019 V                              ; 4.18e-10 s                  ; 3.59e-10 s                  ; No                         ; Yes                        ; 2.32 V                      ; 4.49e-09 V                  ; 2.38 V             ; -0.00552 V         ; 0.096 V                             ; 0.019 V                             ; 4.18e-10 s                 ; 3.59e-10 s                 ; No                        ; Yes                       ;
; HEX4[0]       ; 2.5 V        ; 0 s                 ; 0 s                 ; 2.32 V                       ; 4.49e-09 V                   ; 2.38 V              ; -0.00552 V          ; 0.096 V                              ; 0.019 V                              ; 4.18e-10 s                  ; 3.59e-10 s                  ; No                         ; Yes                        ; 2.32 V                      ; 4.49e-09 V                  ; 2.38 V             ; -0.00552 V         ; 0.096 V                             ; 0.019 V                             ; 4.18e-10 s                 ; 3.59e-10 s                 ; No                        ; Yes                       ;
; HEX4[1]       ; 2.5 V        ; 0 s                 ; 0 s                 ; 2.32 V                       ; 4.49e-09 V                   ; 2.38 V              ; -0.00552 V          ; 0.096 V                              ; 0.019 V                              ; 4.18e-10 s                  ; 3.59e-10 s                  ; No                         ; Yes                        ; 2.32 V                      ; 4.49e-09 V                  ; 2.38 V             ; -0.00552 V         ; 0.096 V                             ; 0.019 V                             ; 4.18e-10 s                 ; 3.59e-10 s                 ; No                        ; Yes                       ;
; HEX4[2]       ; 2.5 V        ; 0 s                 ; 0 s                 ; 2.32 V                       ; 4.49e-09 V                   ; 2.38 V              ; -0.00552 V          ; 0.096 V                              ; 0.019 V                              ; 4.18e-10 s                  ; 3.59e-10 s                  ; No                         ; Yes                        ; 2.32 V                      ; 4.49e-09 V                  ; 2.38 V             ; -0.00552 V         ; 0.096 V                             ; 0.019 V                             ; 4.18e-10 s                 ; 3.59e-10 s                 ; No                        ; Yes                       ;
; HEX4[3]       ; 2.5 V        ; 0 s                 ; 0 s                 ; 2.32 V                       ; 4.49e-09 V                   ; 2.38 V              ; -0.00552 V          ; 0.096 V                              ; 0.019 V                              ; 4.18e-10 s                  ; 3.59e-10 s                  ; No                         ; Yes                        ; 2.32 V                      ; 4.49e-09 V                  ; 2.38 V             ; -0.00552 V         ; 0.096 V                             ; 0.019 V                             ; 4.18e-10 s                 ; 3.59e-10 s                 ; No                        ; Yes                       ;
; HEX4[4]       ; 2.5 V        ; 0 s                 ; 0 s                 ; 2.32 V                       ; 4.49e-09 V                   ; 2.38 V              ; -0.00552 V          ; 0.096 V                              ; 0.019 V                              ; 4.18e-10 s                  ; 3.59e-10 s                  ; No                         ; Yes                        ; 2.32 V                      ; 4.49e-09 V                  ; 2.38 V             ; -0.00552 V         ; 0.096 V                             ; 0.019 V                             ; 4.18e-10 s                 ; 3.59e-10 s                 ; No                        ; Yes                       ;
; HEX4[5]       ; 2.5 V        ; 0 s                 ; 0 s                 ; 2.32 V                       ; 4.49e-09 V                   ; 2.38 V              ; -0.00552 V          ; 0.096 V                              ; 0.019 V                              ; 4.18e-10 s                  ; 3.59e-10 s                  ; No                         ; Yes                        ; 2.32 V                      ; 4.49e-09 V                  ; 2.38 V             ; -0.00552 V         ; 0.096 V                             ; 0.019 V                             ; 4.18e-10 s                 ; 3.59e-10 s                 ; No                        ; Yes                       ;
; HEX4[6]       ; 2.5 V        ; 0 s                 ; 0 s                 ; 2.32 V                       ; 4.49e-09 V                   ; 2.38 V              ; -0.00552 V          ; 0.096 V                              ; 0.019 V                              ; 4.18e-10 s                  ; 3.59e-10 s                  ; No                         ; Yes                        ; 2.32 V                      ; 4.49e-09 V                  ; 2.38 V             ; -0.00552 V         ; 0.096 V                             ; 0.019 V                             ; 4.18e-10 s                 ; 3.59e-10 s                 ; No                        ; Yes                       ;
; HEX5[0]       ; 2.5 V        ; 0 s                 ; 0 s                 ; 2.32 V                       ; 4.49e-09 V                   ; 2.38 V              ; -0.00552 V          ; 0.096 V                              ; 0.019 V                              ; 4.18e-10 s                  ; 3.59e-10 s                  ; No                         ; Yes                        ; 2.32 V                      ; 4.49e-09 V                  ; 2.38 V             ; -0.00552 V         ; 0.096 V                             ; 0.019 V                             ; 4.18e-10 s                 ; 3.59e-10 s                 ; No                        ; Yes                       ;
; HEX5[1]       ; 2.5 V        ; 0 s                 ; 0 s                 ; 2.32 V                       ; 4.49e-09 V                   ; 2.33 V              ; -0.00467 V          ; 0.226 V                              ; 0.087 V                              ; 2.91e-09 s                  ; 2.74e-09 s                  ; Yes                        ; Yes                        ; 2.32 V                      ; 4.49e-09 V                  ; 2.33 V             ; -0.00467 V         ; 0.226 V                             ; 0.087 V                             ; 2.91e-09 s                 ; 2.74e-09 s                 ; Yes                       ; Yes                       ;
; HEX5[2]       ; 2.5 V        ; 0 s                 ; 0 s                 ; 2.32 V                       ; 4.49e-09 V                   ; 2.38 V              ; -0.00552 V          ; 0.096 V                              ; 0.019 V                              ; 4.18e-10 s                  ; 3.59e-10 s                  ; No                         ; Yes                        ; 2.32 V                      ; 4.49e-09 V                  ; 2.38 V             ; -0.00552 V         ; 0.096 V                             ; 0.019 V                             ; 4.18e-10 s                 ; 3.59e-10 s                 ; No                        ; Yes                       ;
; HEX5[3]       ; 2.5 V        ; 0 s                 ; 0 s                 ; 2.32 V                       ; 4.49e-09 V                   ; 2.38 V              ; -0.00552 V          ; 0.096 V                              ; 0.019 V                              ; 4.18e-10 s                  ; 3.59e-10 s                  ; No                         ; Yes                        ; 2.32 V                      ; 4.49e-09 V                  ; 2.38 V             ; -0.00552 V         ; 0.096 V                             ; 0.019 V                             ; 4.18e-10 s                 ; 3.59e-10 s                 ; No                        ; Yes                       ;
; HEX5[4]       ; 2.5 V        ; 0 s                 ; 0 s                 ; 2.32 V                       ; 4.49e-09 V                   ; 2.38 V              ; -0.00552 V          ; 0.096 V                              ; 0.019 V                              ; 4.18e-10 s                  ; 3.59e-10 s                  ; No                         ; Yes                        ; 2.32 V                      ; 4.49e-09 V                  ; 2.38 V             ; -0.00552 V         ; 0.096 V                             ; 0.019 V                             ; 4.18e-10 s                 ; 3.59e-10 s                 ; No                        ; Yes                       ;
; HEX5[5]       ; 2.5 V        ; 0 s                 ; 0 s                 ; 2.32 V                       ; 4.49e-09 V                   ; 2.38 V              ; -0.00552 V          ; 0.096 V                              ; 0.019 V                              ; 4.18e-10 s                  ; 3.59e-10 s                  ; No                         ; Yes                        ; 2.32 V                      ; 4.49e-09 V                  ; 2.38 V             ; -0.00552 V         ; 0.096 V                             ; 0.019 V                             ; 4.18e-10 s                 ; 3.59e-10 s                 ; No                        ; Yes                       ;
; HEX5[6]       ; 2.5 V        ; 0 s                 ; 0 s                 ; 2.32 V                       ; 4.49e-09 V                   ; 2.38 V              ; -0.00552 V          ; 0.096 V                              ; 0.019 V                              ; 4.18e-10 s                  ; 3.59e-10 s                  ; No                         ; Yes                        ; 2.32 V                      ; 4.49e-09 V                  ; 2.38 V             ; -0.00552 V         ; 0.096 V                             ; 0.019 V                             ; 4.18e-10 s                 ; 3.59e-10 s                 ; No                        ; Yes                       ;
; HEX6[0]       ; 2.5 V        ; 0 s                 ; 0 s                 ; 2.32 V                       ; 4.49e-09 V                   ; 2.38 V              ; -0.00552 V          ; 0.096 V                              ; 0.019 V                              ; 4.18e-10 s                  ; 3.59e-10 s                  ; No                         ; Yes                        ; 2.32 V                      ; 4.49e-09 V                  ; 2.38 V             ; -0.00552 V         ; 0.096 V                             ; 0.019 V                             ; 4.18e-10 s                 ; 3.59e-10 s                 ; No                        ; Yes                       ;
; HEX6[1]       ; 2.5 V        ; 0 s                 ; 0 s                 ; 2.32 V                       ; 4.49e-09 V                   ; 2.38 V              ; -0.00552 V          ; 0.096 V                              ; 0.019 V                              ; 4.18e-10 s                  ; 3.59e-10 s                  ; No                         ; Yes                        ; 2.32 V                      ; 4.49e-09 V                  ; 2.38 V             ; -0.00552 V         ; 0.096 V                             ; 0.019 V                             ; 4.18e-10 s                 ; 3.59e-10 s                 ; No                        ; Yes                       ;
; HEX6[2]       ; 2.5 V        ; 0 s                 ; 0 s                 ; 2.32 V                       ; 4.49e-09 V                   ; 2.38 V              ; -0.00552 V          ; 0.096 V                              ; 0.019 V                              ; 4.18e-10 s                  ; 3.59e-10 s                  ; No                         ; Yes                        ; 2.32 V                      ; 4.49e-09 V                  ; 2.38 V             ; -0.00552 V         ; 0.096 V                             ; 0.019 V                             ; 4.18e-10 s                 ; 3.59e-10 s                 ; No                        ; Yes                       ;
; HEX6[3]       ; 2.5 V        ; 0 s                 ; 0 s                 ; 2.32 V                       ; 4.49e-09 V                   ; 2.38 V              ; -0.00552 V          ; 0.096 V                              ; 0.019 V                              ; 4.18e-10 s                  ; 3.59e-10 s                  ; No                         ; Yes                        ; 2.32 V                      ; 4.49e-09 V                  ; 2.38 V             ; -0.00552 V         ; 0.096 V                             ; 0.019 V                             ; 4.18e-10 s                 ; 3.59e-10 s                 ; No                        ; Yes                       ;
; HEX6[4]       ; 2.5 V        ; 0 s                 ; 0 s                 ; 2.32 V                       ; 4.49e-09 V                   ; 2.38 V              ; -0.00552 V          ; 0.096 V                              ; 0.019 V                              ; 4.18e-10 s                  ; 3.59e-10 s                  ; No                         ; Yes                        ; 2.32 V                      ; 4.49e-09 V                  ; 2.38 V             ; -0.00552 V         ; 0.096 V                             ; 0.019 V                             ; 4.18e-10 s                 ; 3.59e-10 s                 ; No                        ; Yes                       ;
; HEX6[5]       ; 2.5 V        ; 0 s                 ; 0 s                 ; 2.32 V                       ; 4.49e-09 V                   ; 2.33 V              ; -0.00467 V          ; 0.226 V                              ; 0.087 V                              ; 2.91e-09 s                  ; 2.74e-09 s                  ; Yes                        ; Yes                        ; 2.32 V                      ; 4.49e-09 V                  ; 2.33 V             ; -0.00467 V         ; 0.226 V                             ; 0.087 V                             ; 2.91e-09 s                 ; 2.74e-09 s                 ; Yes                       ; Yes                       ;
; HEX6[6]       ; 2.5 V        ; 0 s                 ; 0 s                 ; 2.32 V                       ; 4.49e-09 V                   ; 2.38 V              ; -0.00552 V          ; 0.096 V                              ; 0.019 V                              ; 4.18e-10 s                  ; 3.59e-10 s                  ; No                         ; Yes                        ; 2.32 V                      ; 4.49e-09 V                  ; 2.38 V             ; -0.00552 V         ; 0.096 V                             ; 0.019 V                             ; 4.18e-10 s                 ; 3.59e-10 s                 ; No                        ; Yes                       ;
; LEDR[0]       ; 2.5 V        ; 0 s                 ; 0 s                 ; 2.32 V                       ; 4.49e-09 V                   ; 2.38 V              ; -0.00552 V          ; 0.096 V                              ; 0.019 V                              ; 4.18e-10 s                  ; 3.59e-10 s                  ; No                         ; Yes                        ; 2.32 V                      ; 4.49e-09 V                  ; 2.38 V             ; -0.00552 V         ; 0.096 V                             ; 0.019 V                             ; 4.18e-10 s                 ; 3.59e-10 s                 ; No                        ; Yes                       ;
; LEDR[1]       ; 2.5 V        ; 0 s                 ; 0 s                 ; 2.32 V                       ; 4.49e-09 V                   ; 2.38 V              ; -0.00552 V          ; 0.096 V                              ; 0.019 V                              ; 4.18e-10 s                  ; 3.59e-10 s                  ; No                         ; Yes                        ; 2.32 V                      ; 4.49e-09 V                  ; 2.38 V             ; -0.00552 V         ; 0.096 V                             ; 0.019 V                             ; 4.18e-10 s                 ; 3.59e-10 s                 ; No                        ; Yes                       ;
; LEDR[2]       ; 2.5 V        ; 0 s                 ; 0 s                 ; 2.32 V                       ; 4.49e-09 V                   ; 2.38 V              ; -0.00552 V          ; 0.096 V                              ; 0.019 V                              ; 4.18e-10 s                  ; 3.59e-10 s                  ; No                         ; Yes                        ; 2.32 V                      ; 4.49e-09 V                  ; 2.38 V             ; -0.00552 V         ; 0.096 V                             ; 0.019 V                             ; 4.18e-10 s                 ; 3.59e-10 s                 ; No                        ; Yes                       ;
; LEDR[3]       ; 2.5 V        ; 0 s                 ; 0 s                 ; 2.32 V                       ; 4.49e-09 V                   ; 2.38 V              ; -0.00552 V          ; 0.096 V                              ; 0.019 V                              ; 4.18e-10 s                  ; 3.59e-10 s                  ; No                         ; Yes                        ; 2.32 V                      ; 4.49e-09 V                  ; 2.38 V             ; -0.00552 V         ; 0.096 V                             ; 0.019 V                             ; 4.18e-10 s                 ; 3.59e-10 s                 ; No                        ; Yes                       ;
; LEDR[4]       ; 2.5 V        ; 0 s                 ; 0 s                 ; 2.32 V                       ; 4.49e-09 V                   ; 2.38 V              ; -0.00552 V          ; 0.096 V                              ; 0.019 V                              ; 4.18e-10 s                  ; 3.59e-10 s                  ; No                         ; Yes                        ; 2.32 V                      ; 4.49e-09 V                  ; 2.38 V             ; -0.00552 V         ; 0.096 V                             ; 0.019 V                             ; 4.18e-10 s                 ; 3.59e-10 s                 ; No                        ; Yes                       ;
; LEDR[5]       ; 2.5 V        ; 0 s                 ; 0 s                 ; 2.32 V                       ; 4.49e-09 V                   ; 2.38 V              ; -0.00552 V          ; 0.096 V                              ; 0.019 V                              ; 4.18e-10 s                  ; 3.59e-10 s                  ; No                         ; Yes                        ; 2.32 V                      ; 4.49e-09 V                  ; 2.38 V             ; -0.00552 V         ; 0.096 V                             ; 0.019 V                             ; 4.18e-10 s                 ; 3.59e-10 s                 ; No                        ; Yes                       ;
; LEDR[6]       ; 2.5 V        ; 0 s                 ; 0 s                 ; 2.32 V                       ; 4.49e-09 V                   ; 2.38 V              ; -0.00552 V          ; 0.096 V                              ; 0.019 V                              ; 4.18e-10 s                  ; 3.59e-10 s                  ; No                         ; Yes                        ; 2.32 V                      ; 4.49e-09 V                  ; 2.38 V             ; -0.00552 V         ; 0.096 V                             ; 0.019 V                             ; 4.18e-10 s                 ; 3.59e-10 s                 ; No                        ; Yes                       ;
; LEDR[7]       ; 2.5 V        ; 0 s                 ; 0 s                 ; 2.32 V                       ; 4.49e-09 V                   ; 2.38 V              ; -0.00552 V          ; 0.096 V                              ; 0.019 V                              ; 4.18e-10 s                  ; 3.59e-10 s                  ; No                         ; Yes                        ; 2.32 V                      ; 4.49e-09 V                  ; 2.38 V             ; -0.00552 V         ; 0.096 V                             ; 0.019 V                             ; 4.18e-10 s                 ; 3.59e-10 s                 ; No                        ; Yes                       ;
; LEDG[0]       ; 2.5 V        ; 0 s                 ; 0 s                 ; 2.32 V                       ; 4.49e-09 V                   ; 2.38 V              ; -0.00552 V          ; 0.096 V                              ; 0.019 V                              ; 4.18e-10 s                  ; 3.59e-10 s                  ; No                         ; Yes                        ; 2.32 V                      ; 4.49e-09 V                  ; 2.38 V             ; -0.00552 V         ; 0.096 V                             ; 0.019 V                             ; 4.18e-10 s                 ; 3.59e-10 s                 ; No                        ; Yes                       ;
; LEDG[1]       ; 2.5 V        ; 0 s                 ; 0 s                 ; 2.32 V                       ; 4.49e-09 V                   ; 2.38 V              ; -0.00552 V          ; 0.096 V                              ; 0.019 V                              ; 4.18e-10 s                  ; 3.59e-10 s                  ; No                         ; Yes                        ; 2.32 V                      ; 4.49e-09 V                  ; 2.38 V             ; -0.00552 V         ; 0.096 V                             ; 0.019 V                             ; 4.18e-10 s                 ; 3.59e-10 s                 ; No                        ; Yes                       ;
; ~ALTERA_DCLK~ ; 2.5 V        ; 0 s                 ; 0 s                 ; 2.32 V                       ; 2.67e-09 V                   ; 2.38 V              ; -0.0485 V           ; 0.167 V                              ; 0.096 V                              ; 2.95e-10 s                  ; 2.73e-10 s                  ; Yes                        ; Yes                        ; 2.32 V                      ; 2.67e-09 V                  ; 2.38 V             ; -0.0485 V          ; 0.167 V                             ; 0.096 V                             ; 2.95e-10 s                 ; 2.73e-10 s                 ; Yes                       ; Yes                       ;
; ~ALTERA_nCEO~ ; 2.5 V        ; 0 s                 ; 0 s                 ; 2.32 V                       ; 4.18e-09 V                   ; 2.38 V              ; -0.00483 V          ; 0.152 V                              ; 0.012 V                              ; 4.81e-10 s                  ; 6.29e-10 s                  ; Yes                        ; Yes                        ; 2.32 V                      ; 4.18e-09 V                  ; 2.38 V             ; -0.00483 V         ; 0.152 V                             ; 0.012 V                             ; 4.81e-10 s                 ; 6.29e-10 s                 ; Yes                       ; Yes                       ;
+---------------+--------------+---------------------+---------------------+------------------------------+------------------------------+---------------------+---------------------+--------------------------------------+--------------------------------------+-----------------------------+-----------------------------+----------------------------+----------------------------+-----------------------------+-----------------------------+--------------------+--------------------+-------------------------------------+-------------------------------------+----------------------------+----------------------------+---------------------------+---------------------------+


+--------------------------------------------------------------------------------------------------------------------------------------------------------------------------------------------------------------------------------------------------------------------------------------------------------------------------------------------------------------------------------------------------------------------------------------------------------------------------------------------------------------------------------------------------------------------------------------------------------------------------------------------------------------------------------------------+
; Signal Integrity Metrics (Slow 1200mv 85c Model)                                                                                                                                                                                                                                                                                                                                                                                                                                                                                                                                                                                                                                           ;
+---------------+--------------+---------------------+---------------------+------------------------------+------------------------------+---------------------+---------------------+--------------------------------------+--------------------------------------+-----------------------------+-----------------------------+----------------------------+----------------------------+-----------------------------+-----------------------------+--------------------+--------------------+-------------------------------------+-------------------------------------+----------------------------+----------------------------+---------------------------+---------------------------+
; Pin           ; I/O Standard ; Board Delay on Rise ; Board Delay on Fall ; Steady State Voh at FPGA Pin ; Steady State Vol at FPGA Pin ; Voh Max at FPGA Pin ; Vol Min at FPGA Pin ; Ringback Voltage on Rise at FPGA Pin ; Ringback Voltage on Fall at FPGA Pin ; 10-90 Rise Time at FPGA Pin ; 90-10 Fall Time at FPGA Pin ; Monotonic Rise at FPGA Pin ; Monotonic Fall at FPGA Pin ; Steady State Voh at Far-end ; Steady State Vol at Far-end ; Voh Max at Far-end ; Vol Min at Far-end ; Ringback Voltage on Rise at Far-end ; Ringback Voltage on Fall at Far-end ; 10-90 Rise Time at Far-end ; 90-10 Fall Time at Far-end ; Monotonic Rise at Far-end ; Monotonic Fall at Far-end ;
+---------------+--------------+---------------------+---------------------+------------------------------+------------------------------+---------------------+---------------------+--------------------------------------+--------------------------------------+-----------------------------+-----------------------------+----------------------------+----------------------------+-----------------------------+-----------------------------+--------------------+--------------------+-------------------------------------+-------------------------------------+----------------------------+----------------------------+---------------------------+---------------------------+
; HEX0[0]       ; 2.5 V        ; 0 s                 ; 0 s                 ; 2.32 V                       ; 6.92e-07 V                   ; 2.35 V              ; -0.00996 V          ; 0.121 V                              ; 0.03 V                               ; 4.64e-10 s                  ; 4.47e-10 s                  ; Yes                        ; Yes                        ; 2.32 V                      ; 6.92e-07 V                  ; 2.35 V             ; -0.00996 V         ; 0.121 V                             ; 0.03 V                              ; 4.64e-10 s                 ; 4.47e-10 s                 ; Yes                       ; Yes                       ;
; HEX0[1]       ; 2.5 V        ; 0 s                 ; 0 s                 ; 2.32 V                       ; 6.92e-07 V                   ; 2.33 V              ; -0.00265 V          ; 0.133 V                              ; 0.056 V                              ; 3.55e-09 s                  ; 3.31e-09 s                  ; Yes                        ; Yes                        ; 2.32 V                      ; 6.92e-07 V                  ; 2.33 V             ; -0.00265 V         ; 0.133 V                             ; 0.056 V                             ; 3.55e-09 s                 ; 3.31e-09 s                 ; Yes                       ; Yes                       ;
; HEX0[2]       ; 2.5 V        ; 0 s                 ; 0 s                 ; 2.32 V                       ; 6.92e-07 V                   ; 2.35 V              ; -0.00996 V          ; 0.121 V                              ; 0.03 V                               ; 4.64e-10 s                  ; 4.47e-10 s                  ; Yes                        ; Yes                        ; 2.32 V                      ; 6.92e-07 V                  ; 2.35 V             ; -0.00996 V         ; 0.121 V                             ; 0.03 V                              ; 4.64e-10 s                 ; 4.47e-10 s                 ; Yes                       ; Yes                       ;
; HEX0[3]       ; 2.5 V        ; 0 s                 ; 0 s                 ; 2.32 V                       ; 4.67e-07 V                   ; 2.36 V              ; -0.00552 V          ; 0.11 V                               ; 0.007 V                              ; 4.54e-10 s                  ; 4.35e-10 s                  ; Yes                        ; Yes                        ; 2.32 V                      ; 4.67e-07 V                  ; 2.36 V             ; -0.00552 V         ; 0.11 V                              ; 0.007 V                             ; 4.54e-10 s                 ; 4.35e-10 s                 ; Yes                       ; Yes                       ;
; HEX0[4]       ; 2.5 V        ; 0 s                 ; 0 s                 ; 2.32 V                       ; 4.67e-07 V                   ; 2.36 V              ; -0.00552 V          ; 0.11 V                               ; 0.007 V                              ; 4.54e-10 s                  ; 4.35e-10 s                  ; Yes                        ; Yes                        ; 2.32 V                      ; 4.67e-07 V                  ; 2.36 V             ; -0.00552 V         ; 0.11 V                              ; 0.007 V                             ; 4.54e-10 s                 ; 4.35e-10 s                 ; Yes                       ; Yes                       ;
; HEX0[5]       ; 2.5 V        ; 0 s                 ; 0 s                 ; 2.32 V                       ; 4.67e-07 V                   ; 2.33 V              ; -0.00269 V          ; 0.13 V                               ; 0.055 V                              ; 3.54e-09 s                  ; 3.29e-09 s                  ; Yes                        ; Yes                        ; 2.32 V                      ; 4.67e-07 V                  ; 2.33 V             ; -0.00269 V         ; 0.13 V                              ; 0.055 V                             ; 3.54e-09 s                 ; 3.29e-09 s                 ; Yes                       ; Yes                       ;
; HEX0[6]       ; 2.5 V        ; 0 s                 ; 0 s                 ; 2.32 V                       ; 4.67e-07 V                   ; 2.36 V              ; -0.00552 V          ; 0.11 V                               ; 0.007 V                              ; 4.54e-10 s                  ; 4.35e-10 s                  ; Yes                        ; Yes                        ; 2.32 V                      ; 4.67e-07 V                  ; 2.36 V             ; -0.00552 V         ; 0.11 V                              ; 0.007 V                             ; 4.54e-10 s                 ; 4.35e-10 s                 ; Yes                       ; Yes                       ;
; HEX1[0]       ; 2.5 V        ; 0 s                 ; 0 s                 ; 2.32 V                       ; 4.67e-07 V                   ; 2.36 V              ; -0.00552 V          ; 0.11 V                               ; 0.007 V                              ; 4.54e-10 s                  ; 4.35e-10 s                  ; Yes                        ; Yes                        ; 2.32 V                      ; 4.67e-07 V                  ; 2.36 V             ; -0.00552 V         ; 0.11 V                              ; 0.007 V                             ; 4.54e-10 s                 ; 4.35e-10 s                 ; Yes                       ; Yes                       ;
; HEX1[1]       ; 2.5 V        ; 0 s                 ; 0 s                 ; 2.32 V                       ; 4.67e-07 V                   ; 2.35 V              ; -0.00942 V          ; 0.116 V                              ; 0.033 V                              ; 6.66e-10 s                  ; 6.27e-10 s                  ; Yes                        ; Yes                        ; 2.32 V                      ; 4.67e-07 V                  ; 2.35 V             ; -0.00942 V         ; 0.116 V                             ; 0.033 V                             ; 6.66e-10 s                 ; 6.27e-10 s                 ; Yes                       ; Yes                       ;
; HEX1[2]       ; 2.5 V        ; 0 s                 ; 0 s                 ; 2.32 V                       ; 4.67e-07 V                   ; 2.35 V              ; -0.00942 V          ; 0.116 V                              ; 0.033 V                              ; 6.66e-10 s                  ; 6.27e-10 s                  ; Yes                        ; Yes                        ; 2.32 V                      ; 4.67e-07 V                  ; 2.35 V             ; -0.00942 V         ; 0.116 V                             ; 0.033 V                             ; 6.66e-10 s                 ; 6.27e-10 s                 ; Yes                       ; Yes                       ;
; HEX1[3]       ; 2.5 V        ; 0 s                 ; 0 s                 ; 2.32 V                       ; 4.67e-07 V                   ; 2.35 V              ; -0.00942 V          ; 0.116 V                              ; 0.033 V                              ; 6.66e-10 s                  ; 6.27e-10 s                  ; Yes                        ; Yes                        ; 2.32 V                      ; 4.67e-07 V                  ; 2.35 V             ; -0.00942 V         ; 0.116 V                             ; 0.033 V                             ; 6.66e-10 s                 ; 6.27e-10 s                 ; Yes                       ; Yes                       ;
; HEX1[4]       ; 2.5 V        ; 0 s                 ; 0 s                 ; 2.32 V                       ; 4.67e-07 V                   ; 2.35 V              ; -0.00942 V          ; 0.116 V                              ; 0.033 V                              ; 6.66e-10 s                  ; 6.27e-10 s                  ; Yes                        ; Yes                        ; 2.32 V                      ; 4.67e-07 V                  ; 2.35 V             ; -0.00942 V         ; 0.116 V                             ; 0.033 V                             ; 6.66e-10 s                 ; 6.27e-10 s                 ; Yes                       ; Yes                       ;
; HEX1[5]       ; 2.5 V        ; 0 s                 ; 0 s                 ; 2.32 V                       ; 4.67e-07 V                   ; 2.33 V              ; -0.00269 V          ; 0.13 V                               ; 0.055 V                              ; 3.54e-09 s                  ; 3.29e-09 s                  ; Yes                        ; Yes                        ; 2.32 V                      ; 4.67e-07 V                  ; 2.33 V             ; -0.00269 V         ; 0.13 V                              ; 0.055 V                             ; 3.54e-09 s                 ; 3.29e-09 s                 ; Yes                       ; Yes                       ;
; HEX1[6]       ; 2.5 V        ; 0 s                 ; 0 s                 ; 2.32 V                       ; 4.67e-07 V                   ; 2.33 V              ; -0.00269 V          ; 0.13 V                               ; 0.055 V                              ; 3.54e-09 s                  ; 3.29e-09 s                  ; Yes                        ; Yes                        ; 2.32 V                      ; 4.67e-07 V                  ; 2.33 V             ; -0.00269 V         ; 0.13 V                              ; 0.055 V                             ; 3.54e-09 s                 ; 3.29e-09 s                 ; Yes                       ; Yes                       ;
; HEX2[0]       ; 2.5 V        ; 0 s                 ; 0 s                 ; 2.32 V                       ; 4.67e-07 V                   ; 2.35 V              ; -0.00942 V          ; 0.116 V                              ; 0.033 V                              ; 6.66e-10 s                  ; 6.27e-10 s                  ; Yes                        ; Yes                        ; 2.32 V                      ; 4.67e-07 V                  ; 2.35 V             ; -0.00942 V         ; 0.116 V                             ; 0.033 V                             ; 6.66e-10 s                 ; 6.27e-10 s                 ; Yes                       ; Yes                       ;
; HEX2[1]       ; 2.5 V        ; 0 s                 ; 0 s                 ; 2.32 V                       ; 4.67e-07 V                   ; 2.35 V              ; -0.00942 V          ; 0.116 V                              ; 0.033 V                              ; 6.66e-10 s                  ; 6.27e-10 s                  ; Yes                        ; Yes                        ; 2.32 V                      ; 4.67e-07 V                  ; 2.35 V             ; -0.00942 V         ; 0.116 V                             ; 0.033 V                             ; 6.66e-10 s                 ; 6.27e-10 s                 ; Yes                       ; Yes                       ;
; HEX2[2]       ; 2.5 V        ; 0 s                 ; 0 s                 ; 2.32 V                       ; 4.67e-07 V                   ; 2.35 V              ; -0.00942 V          ; 0.116 V                              ; 0.033 V                              ; 6.66e-10 s                  ; 6.27e-10 s                  ; Yes                        ; Yes                        ; 2.32 V                      ; 4.67e-07 V                  ; 2.35 V             ; -0.00942 V         ; 0.116 V                             ; 0.033 V                             ; 6.66e-10 s                 ; 6.27e-10 s                 ; Yes                       ; Yes                       ;
; HEX2[3]       ; 2.5 V        ; 0 s                 ; 0 s                 ; 2.32 V                       ; 4.67e-07 V                   ; 2.35 V              ; -0.00942 V          ; 0.116 V                              ; 0.033 V                              ; 6.66e-10 s                  ; 6.27e-10 s                  ; Yes                        ; Yes                        ; 2.32 V                      ; 4.67e-07 V                  ; 2.35 V             ; -0.00942 V         ; 0.116 V                             ; 0.033 V                             ; 6.66e-10 s                 ; 6.27e-10 s                 ; Yes                       ; Yes                       ;
; HEX2[4]       ; 2.5 V        ; 0 s                 ; 0 s                 ; 2.32 V                       ; 4.67e-07 V                   ; 2.35 V              ; -0.00942 V          ; 0.116 V                              ; 0.033 V                              ; 6.66e-10 s                  ; 6.27e-10 s                  ; Yes                        ; Yes                        ; 2.32 V                      ; 4.67e-07 V                  ; 2.35 V             ; -0.00942 V         ; 0.116 V                             ; 0.033 V                             ; 6.66e-10 s                 ; 6.27e-10 s                 ; Yes                       ; Yes                       ;
; HEX2[5]       ; 2.5 V        ; 0 s                 ; 0 s                 ; 2.32 V                       ; 4.67e-07 V                   ; 2.35 V              ; -0.00942 V          ; 0.116 V                              ; 0.033 V                              ; 6.66e-10 s                  ; 6.27e-10 s                  ; Yes                        ; Yes                        ; 2.32 V                      ; 4.67e-07 V                  ; 2.35 V             ; -0.00942 V         ; 0.116 V                             ; 0.033 V                             ; 6.66e-10 s                 ; 6.27e-10 s                 ; Yes                       ; Yes                       ;
; HEX2[6]       ; 2.5 V        ; 0 s                 ; 0 s                 ; 2.32 V                       ; 4.67e-07 V                   ; 2.35 V              ; -0.00942 V          ; 0.116 V                              ; 0.033 V                              ; 6.66e-10 s                  ; 6.27e-10 s                  ; Yes                        ; Yes                        ; 2.32 V                      ; 4.67e-07 V                  ; 2.35 V             ; -0.00942 V         ; 0.116 V                             ; 0.033 V                             ; 6.66e-10 s                 ; 6.27e-10 s                 ; Yes                       ; Yes                       ;
; HEX3[0]       ; 2.5 V        ; 0 s                 ; 0 s                 ; 2.32 V                       ; 4.67e-07 V                   ; 2.35 V              ; -0.00942 V          ; 0.116 V                              ; 0.033 V                              ; 6.66e-10 s                  ; 6.27e-10 s                  ; Yes                        ; Yes                        ; 2.32 V                      ; 4.67e-07 V                  ; 2.35 V             ; -0.00942 V         ; 0.116 V                             ; 0.033 V                             ; 6.66e-10 s                 ; 6.27e-10 s                 ; Yes                       ; Yes                       ;
; HEX3[1]       ; 2.5 V        ; 0 s                 ; 0 s                 ; 2.32 V                       ; 4.67e-07 V                   ; 2.36 V              ; -0.00552 V          ; 0.11 V                               ; 0.007 V                              ; 4.54e-10 s                  ; 4.35e-10 s                  ; Yes                        ; Yes                        ; 2.32 V                      ; 4.67e-07 V                  ; 2.36 V             ; -0.00552 V         ; 0.11 V                              ; 0.007 V                             ; 4.54e-10 s                 ; 4.35e-10 s                 ; Yes                       ; Yes                       ;
; HEX3[2]       ; 2.5 V        ; 0 s                 ; 0 s                 ; 2.32 V                       ; 6.92e-07 V                   ; 2.33 V              ; -0.00265 V          ; 0.133 V                              ; 0.056 V                              ; 3.55e-09 s                  ; 3.31e-09 s                  ; Yes                        ; Yes                        ; 2.32 V                      ; 6.92e-07 V                  ; 2.33 V             ; -0.00265 V         ; 0.133 V                             ; 0.056 V                             ; 3.55e-09 s                 ; 3.31e-09 s                 ; Yes                       ; Yes                       ;
; HEX3[3]       ; 2.5 V        ; 0 s                 ; 0 s                 ; 2.32 V                       ; 6.92e-07 V                   ; 2.35 V              ; -0.00996 V          ; 0.121 V                              ; 0.03 V                               ; 4.64e-10 s                  ; 4.47e-10 s                  ; Yes                        ; Yes                        ; 2.32 V                      ; 6.92e-07 V                  ; 2.35 V             ; -0.00996 V         ; 0.121 V                             ; 0.03 V                              ; 4.64e-10 s                 ; 4.47e-10 s                 ; Yes                       ; Yes                       ;
; HEX3[4]       ; 2.5 V        ; 0 s                 ; 0 s                 ; 2.32 V                       ; 6.92e-07 V                   ; 2.35 V              ; -0.00996 V          ; 0.121 V                              ; 0.03 V                               ; 4.64e-10 s                  ; 4.47e-10 s                  ; Yes                        ; Yes                        ; 2.32 V                      ; 6.92e-07 V                  ; 2.35 V             ; -0.00996 V         ; 0.121 V                             ; 0.03 V                              ; 4.64e-10 s                 ; 4.47e-10 s                 ; Yes                       ; Yes                       ;
; HEX3[5]       ; 2.5 V        ; 0 s                 ; 0 s                 ; 2.32 V                       ; 6.92e-07 V                   ; 2.35 V              ; -0.00996 V          ; 0.121 V                              ; 0.03 V                               ; 4.64e-10 s                  ; 4.47e-10 s                  ; Yes                        ; Yes                        ; 2.32 V                      ; 6.92e-07 V                  ; 2.35 V             ; -0.00996 V         ; 0.121 V                             ; 0.03 V                              ; 4.64e-10 s                 ; 4.47e-10 s                 ; Yes                       ; Yes                       ;
; HEX3[6]       ; 2.5 V        ; 0 s                 ; 0 s                 ; 2.32 V                       ; 6.92e-07 V                   ; 2.35 V              ; -0.00996 V          ; 0.121 V                              ; 0.03 V                               ; 4.64e-10 s                  ; 4.47e-10 s                  ; Yes                        ; Yes                        ; 2.32 V                      ; 6.92e-07 V                  ; 2.35 V             ; -0.00996 V         ; 0.121 V                             ; 0.03 V                              ; 4.64e-10 s                 ; 4.47e-10 s                 ; Yes                       ; Yes                       ;
; HEX4[0]       ; 2.5 V        ; 0 s                 ; 0 s                 ; 2.32 V                       ; 6.92e-07 V                   ; 2.35 V              ; -0.00996 V          ; 0.121 V                              ; 0.03 V                               ; 4.64e-10 s                  ; 4.47e-10 s                  ; Yes                        ; Yes                        ; 2.32 V                      ; 6.92e-07 V                  ; 2.35 V             ; -0.00996 V         ; 0.121 V                             ; 0.03 V                              ; 4.64e-10 s                 ; 4.47e-10 s                 ; Yes                       ; Yes                       ;
; HEX4[1]       ; 2.5 V        ; 0 s                 ; 0 s                 ; 2.32 V                       ; 6.92e-07 V                   ; 2.35 V              ; -0.00996 V          ; 0.121 V                              ; 0.03 V                               ; 4.64e-10 s                  ; 4.47e-10 s                  ; Yes                        ; Yes                        ; 2.32 V                      ; 6.92e-07 V                  ; 2.35 V             ; -0.00996 V         ; 0.121 V                             ; 0.03 V                              ; 4.64e-10 s                 ; 4.47e-10 s                 ; Yes                       ; Yes                       ;
; HEX4[2]       ; 2.5 V        ; 0 s                 ; 0 s                 ; 2.32 V                       ; 6.92e-07 V                   ; 2.35 V              ; -0.00996 V          ; 0.121 V                              ; 0.03 V                               ; 4.64e-10 s                  ; 4.47e-10 s                  ; Yes                        ; Yes                        ; 2.32 V                      ; 6.92e-07 V                  ; 2.35 V             ; -0.00996 V         ; 0.121 V                             ; 0.03 V                              ; 4.64e-10 s                 ; 4.47e-10 s                 ; Yes                       ; Yes                       ;
; HEX4[3]       ; 2.5 V        ; 0 s                 ; 0 s                 ; 2.32 V                       ; 6.92e-07 V                   ; 2.35 V              ; -0.00996 V          ; 0.121 V                              ; 0.03 V                               ; 4.64e-10 s                  ; 4.47e-10 s                  ; Yes                        ; Yes                        ; 2.32 V                      ; 6.92e-07 V                  ; 2.35 V             ; -0.00996 V         ; 0.121 V                             ; 0.03 V                              ; 4.64e-10 s                 ; 4.47e-10 s                 ; Yes                       ; Yes                       ;
; HEX4[4]       ; 2.5 V        ; 0 s                 ; 0 s                 ; 2.32 V                       ; 6.92e-07 V                   ; 2.35 V              ; -0.00996 V          ; 0.121 V                              ; 0.03 V                               ; 4.64e-10 s                  ; 4.47e-10 s                  ; Yes                        ; Yes                        ; 2.32 V                      ; 6.92e-07 V                  ; 2.35 V             ; -0.00996 V         ; 0.121 V                             ; 0.03 V                              ; 4.64e-10 s                 ; 4.47e-10 s                 ; Yes                       ; Yes                       ;
; HEX4[5]       ; 2.5 V        ; 0 s                 ; 0 s                 ; 2.32 V                       ; 6.92e-07 V                   ; 2.35 V              ; -0.00996 V          ; 0.121 V                              ; 0.03 V                               ; 4.64e-10 s                  ; 4.47e-10 s                  ; Yes                        ; Yes                        ; 2.32 V                      ; 6.92e-07 V                  ; 2.35 V             ; -0.00996 V         ; 0.121 V                             ; 0.03 V                              ; 4.64e-10 s                 ; 4.47e-10 s                 ; Yes                       ; Yes                       ;
; HEX4[6]       ; 2.5 V        ; 0 s                 ; 0 s                 ; 2.32 V                       ; 6.92e-07 V                   ; 2.35 V              ; -0.00996 V          ; 0.121 V                              ; 0.03 V                               ; 4.64e-10 s                  ; 4.47e-10 s                  ; Yes                        ; Yes                        ; 2.32 V                      ; 6.92e-07 V                  ; 2.35 V             ; -0.00996 V         ; 0.121 V                             ; 0.03 V                              ; 4.64e-10 s                 ; 4.47e-10 s                 ; Yes                       ; Yes                       ;
; HEX5[0]       ; 2.5 V        ; 0 s                 ; 0 s                 ; 2.32 V                       ; 6.92e-07 V                   ; 2.35 V              ; -0.00996 V          ; 0.121 V                              ; 0.03 V                               ; 4.64e-10 s                  ; 4.47e-10 s                  ; Yes                        ; Yes                        ; 2.32 V                      ; 6.92e-07 V                  ; 2.35 V             ; -0.00996 V         ; 0.121 V                             ; 0.03 V                              ; 4.64e-10 s                 ; 4.47e-10 s                 ; Yes                       ; Yes                       ;
; HEX5[1]       ; 2.5 V        ; 0 s                 ; 0 s                 ; 2.32 V                       ; 6.92e-07 V                   ; 2.33 V              ; -0.00265 V          ; 0.133 V                              ; 0.056 V                              ; 3.55e-09 s                  ; 3.31e-09 s                  ; Yes                        ; Yes                        ; 2.32 V                      ; 6.92e-07 V                  ; 2.33 V             ; -0.00265 V         ; 0.133 V                             ; 0.056 V                             ; 3.55e-09 s                 ; 3.31e-09 s                 ; Yes                       ; Yes                       ;
; HEX5[2]       ; 2.5 V        ; 0 s                 ; 0 s                 ; 2.32 V                       ; 6.92e-07 V                   ; 2.35 V              ; -0.00996 V          ; 0.121 V                              ; 0.03 V                               ; 4.64e-10 s                  ; 4.47e-10 s                  ; Yes                        ; Yes                        ; 2.32 V                      ; 6.92e-07 V                  ; 2.35 V             ; -0.00996 V         ; 0.121 V                             ; 0.03 V                              ; 4.64e-10 s                 ; 4.47e-10 s                 ; Yes                       ; Yes                       ;
; HEX5[3]       ; 2.5 V        ; 0 s                 ; 0 s                 ; 2.32 V                       ; 6.92e-07 V                   ; 2.35 V              ; -0.00996 V          ; 0.121 V                              ; 0.03 V                               ; 4.64e-10 s                  ; 4.47e-10 s                  ; Yes                        ; Yes                        ; 2.32 V                      ; 6.92e-07 V                  ; 2.35 V             ; -0.00996 V         ; 0.121 V                             ; 0.03 V                              ; 4.64e-10 s                 ; 4.47e-10 s                 ; Yes                       ; Yes                       ;
; HEX5[4]       ; 2.5 V        ; 0 s                 ; 0 s                 ; 2.32 V                       ; 6.92e-07 V                   ; 2.35 V              ; -0.00996 V          ; 0.121 V                              ; 0.03 V                               ; 4.64e-10 s                  ; 4.47e-10 s                  ; Yes                        ; Yes                        ; 2.32 V                      ; 6.92e-07 V                  ; 2.35 V             ; -0.00996 V         ; 0.121 V                             ; 0.03 V                              ; 4.64e-10 s                 ; 4.47e-10 s                 ; Yes                       ; Yes                       ;
; HEX5[5]       ; 2.5 V        ; 0 s                 ; 0 s                 ; 2.32 V                       ; 6.92e-07 V                   ; 2.35 V              ; -0.00996 V          ; 0.121 V                              ; 0.03 V                               ; 4.64e-10 s                  ; 4.47e-10 s                  ; Yes                        ; Yes                        ; 2.32 V                      ; 6.92e-07 V                  ; 2.35 V             ; -0.00996 V         ; 0.121 V                             ; 0.03 V                              ; 4.64e-10 s                 ; 4.47e-10 s                 ; Yes                       ; Yes                       ;
; HEX5[6]       ; 2.5 V        ; 0 s                 ; 0 s                 ; 2.32 V                       ; 6.92e-07 V                   ; 2.35 V              ; -0.00996 V          ; 0.121 V                              ; 0.03 V                               ; 4.64e-10 s                  ; 4.47e-10 s                  ; Yes                        ; Yes                        ; 2.32 V                      ; 6.92e-07 V                  ; 2.35 V             ; -0.00996 V         ; 0.121 V                             ; 0.03 V                              ; 4.64e-10 s                 ; 4.47e-10 s                 ; Yes                       ; Yes                       ;
; HEX6[0]       ; 2.5 V        ; 0 s                 ; 0 s                 ; 2.32 V                       ; 6.92e-07 V                   ; 2.35 V              ; -0.00996 V          ; 0.121 V                              ; 0.03 V                               ; 4.64e-10 s                  ; 4.47e-10 s                  ; Yes                        ; Yes                        ; 2.32 V                      ; 6.92e-07 V                  ; 2.35 V             ; -0.00996 V         ; 0.121 V                             ; 0.03 V                              ; 4.64e-10 s                 ; 4.47e-10 s                 ; Yes                       ; Yes                       ;
; HEX6[1]       ; 2.5 V        ; 0 s                 ; 0 s                 ; 2.32 V                       ; 6.92e-07 V                   ; 2.35 V              ; -0.00996 V          ; 0.121 V                              ; 0.03 V                               ; 4.64e-10 s                  ; 4.47e-10 s                  ; Yes                        ; Yes                        ; 2.32 V                      ; 6.92e-07 V                  ; 2.35 V             ; -0.00996 V         ; 0.121 V                             ; 0.03 V                              ; 4.64e-10 s                 ; 4.47e-10 s                 ; Yes                       ; Yes                       ;
; HEX6[2]       ; 2.5 V        ; 0 s                 ; 0 s                 ; 2.32 V                       ; 6.92e-07 V                   ; 2.35 V              ; -0.00996 V          ; 0.121 V                              ; 0.03 V                               ; 4.64e-10 s                  ; 4.47e-10 s                  ; Yes                        ; Yes                        ; 2.32 V                      ; 6.92e-07 V                  ; 2.35 V             ; -0.00996 V         ; 0.121 V                             ; 0.03 V                              ; 4.64e-10 s                 ; 4.47e-10 s                 ; Yes                       ; Yes                       ;
; HEX6[3]       ; 2.5 V        ; 0 s                 ; 0 s                 ; 2.32 V                       ; 6.92e-07 V                   ; 2.35 V              ; -0.00996 V          ; 0.121 V                              ; 0.03 V                               ; 4.64e-10 s                  ; 4.47e-10 s                  ; Yes                        ; Yes                        ; 2.32 V                      ; 6.92e-07 V                  ; 2.35 V             ; -0.00996 V         ; 0.121 V                             ; 0.03 V                              ; 4.64e-10 s                 ; 4.47e-10 s                 ; Yes                       ; Yes                       ;
; HEX6[4]       ; 2.5 V        ; 0 s                 ; 0 s                 ; 2.32 V                       ; 6.92e-07 V                   ; 2.35 V              ; -0.00996 V          ; 0.121 V                              ; 0.03 V                               ; 4.64e-10 s                  ; 4.47e-10 s                  ; Yes                        ; Yes                        ; 2.32 V                      ; 6.92e-07 V                  ; 2.35 V             ; -0.00996 V         ; 0.121 V                             ; 0.03 V                              ; 4.64e-10 s                 ; 4.47e-10 s                 ; Yes                       ; Yes                       ;
; HEX6[5]       ; 2.5 V        ; 0 s                 ; 0 s                 ; 2.32 V                       ; 6.92e-07 V                   ; 2.33 V              ; -0.00265 V          ; 0.133 V                              ; 0.056 V                              ; 3.55e-09 s                  ; 3.31e-09 s                  ; Yes                        ; Yes                        ; 2.32 V                      ; 6.92e-07 V                  ; 2.33 V             ; -0.00265 V         ; 0.133 V                             ; 0.056 V                             ; 3.55e-09 s                 ; 3.31e-09 s                 ; Yes                       ; Yes                       ;
; HEX6[6]       ; 2.5 V        ; 0 s                 ; 0 s                 ; 2.32 V                       ; 6.92e-07 V                   ; 2.35 V              ; -0.00996 V          ; 0.121 V                              ; 0.03 V                               ; 4.64e-10 s                  ; 4.47e-10 s                  ; Yes                        ; Yes                        ; 2.32 V                      ; 6.92e-07 V                  ; 2.35 V             ; -0.00996 V         ; 0.121 V                             ; 0.03 V                              ; 4.64e-10 s                 ; 4.47e-10 s                 ; Yes                       ; Yes                       ;
; LEDR[0]       ; 2.5 V        ; 0 s                 ; 0 s                 ; 2.32 V                       ; 6.92e-07 V                   ; 2.35 V              ; -0.00996 V          ; 0.121 V                              ; 0.03 V                               ; 4.64e-10 s                  ; 4.47e-10 s                  ; Yes                        ; Yes                        ; 2.32 V                      ; 6.92e-07 V                  ; 2.35 V             ; -0.00996 V         ; 0.121 V                             ; 0.03 V                              ; 4.64e-10 s                 ; 4.47e-10 s                 ; Yes                       ; Yes                       ;
; LEDR[1]       ; 2.5 V        ; 0 s                 ; 0 s                 ; 2.32 V                       ; 6.92e-07 V                   ; 2.35 V              ; -0.00996 V          ; 0.121 V                              ; 0.03 V                               ; 4.64e-10 s                  ; 4.47e-10 s                  ; Yes                        ; Yes                        ; 2.32 V                      ; 6.92e-07 V                  ; 2.35 V             ; -0.00996 V         ; 0.121 V                             ; 0.03 V                              ; 4.64e-10 s                 ; 4.47e-10 s                 ; Yes                       ; Yes                       ;
; LEDR[2]       ; 2.5 V        ; 0 s                 ; 0 s                 ; 2.32 V                       ; 6.92e-07 V                   ; 2.35 V              ; -0.00996 V          ; 0.121 V                              ; 0.03 V                               ; 4.64e-10 s                  ; 4.47e-10 s                  ; Yes                        ; Yes                        ; 2.32 V                      ; 6.92e-07 V                  ; 2.35 V             ; -0.00996 V         ; 0.121 V                             ; 0.03 V                              ; 4.64e-10 s                 ; 4.47e-10 s                 ; Yes                       ; Yes                       ;
; LEDR[3]       ; 2.5 V        ; 0 s                 ; 0 s                 ; 2.32 V                       ; 6.92e-07 V                   ; 2.35 V              ; -0.00996 V          ; 0.121 V                              ; 0.03 V                               ; 4.64e-10 s                  ; 4.47e-10 s                  ; Yes                        ; Yes                        ; 2.32 V                      ; 6.92e-07 V                  ; 2.35 V             ; -0.00996 V         ; 0.121 V                             ; 0.03 V                              ; 4.64e-10 s                 ; 4.47e-10 s                 ; Yes                       ; Yes                       ;
; LEDR[4]       ; 2.5 V        ; 0 s                 ; 0 s                 ; 2.32 V                       ; 6.92e-07 V                   ; 2.35 V              ; -0.00996 V          ; 0.121 V                              ; 0.03 V                               ; 4.64e-10 s                  ; 4.47e-10 s                  ; Yes                        ; Yes                        ; 2.32 V                      ; 6.92e-07 V                  ; 2.35 V             ; -0.00996 V         ; 0.121 V                             ; 0.03 V                              ; 4.64e-10 s                 ; 4.47e-10 s                 ; Yes                       ; Yes                       ;
; LEDR[5]       ; 2.5 V        ; 0 s                 ; 0 s                 ; 2.32 V                       ; 6.92e-07 V                   ; 2.35 V              ; -0.00996 V          ; 0.121 V                              ; 0.03 V                               ; 4.64e-10 s                  ; 4.47e-10 s                  ; Yes                        ; Yes                        ; 2.32 V                      ; 6.92e-07 V                  ; 2.35 V             ; -0.00996 V         ; 0.121 V                             ; 0.03 V                              ; 4.64e-10 s                 ; 4.47e-10 s                 ; Yes                       ; Yes                       ;
; LEDR[6]       ; 2.5 V        ; 0 s                 ; 0 s                 ; 2.32 V                       ; 6.92e-07 V                   ; 2.35 V              ; -0.00996 V          ; 0.121 V                              ; 0.03 V                               ; 4.64e-10 s                  ; 4.47e-10 s                  ; Yes                        ; Yes                        ; 2.32 V                      ; 6.92e-07 V                  ; 2.35 V             ; -0.00996 V         ; 0.121 V                             ; 0.03 V                              ; 4.64e-10 s                 ; 4.47e-10 s                 ; Yes                       ; Yes                       ;
; LEDR[7]       ; 2.5 V        ; 0 s                 ; 0 s                 ; 2.32 V                       ; 6.92e-07 V                   ; 2.35 V              ; -0.00996 V          ; 0.121 V                              ; 0.03 V                               ; 4.64e-10 s                  ; 4.47e-10 s                  ; Yes                        ; Yes                        ; 2.32 V                      ; 6.92e-07 V                  ; 2.35 V             ; -0.00996 V         ; 0.121 V                             ; 0.03 V                              ; 4.64e-10 s                 ; 4.47e-10 s                 ; Yes                       ; Yes                       ;
; LEDG[0]       ; 2.5 V        ; 0 s                 ; 0 s                 ; 2.32 V                       ; 6.92e-07 V                   ; 2.35 V              ; -0.00996 V          ; 0.121 V                              ; 0.03 V                               ; 4.64e-10 s                  ; 4.47e-10 s                  ; Yes                        ; Yes                        ; 2.32 V                      ; 6.92e-07 V                  ; 2.35 V             ; -0.00996 V         ; 0.121 V                             ; 0.03 V                              ; 4.64e-10 s                 ; 4.47e-10 s                 ; Yes                       ; Yes                       ;
; LEDG[1]       ; 2.5 V        ; 0 s                 ; 0 s                 ; 2.32 V                       ; 6.92e-07 V                   ; 2.35 V              ; -0.00996 V          ; 0.121 V                              ; 0.03 V                               ; 4.64e-10 s                  ; 4.47e-10 s                  ; Yes                        ; Yes                        ; 2.32 V                      ; 6.92e-07 V                  ; 2.35 V             ; -0.00996 V         ; 0.121 V                             ; 0.03 V                              ; 4.64e-10 s                 ; 4.47e-10 s                 ; Yes                       ; Yes                       ;
; ~ALTERA_DCLK~ ; 2.5 V        ; 0 s                 ; 0 s                 ; 2.32 V                       ; 3.75e-07 V                   ; 2.35 V              ; -0.0109 V           ; 0.084 V                              ; 0.027 V                              ; 4.31e-10 s                  ; 3.61e-10 s                  ; Yes                        ; Yes                        ; 2.32 V                      ; 3.75e-07 V                  ; 2.35 V             ; -0.0109 V          ; 0.084 V                             ; 0.027 V                             ; 4.31e-10 s                 ; 3.61e-10 s                 ; Yes                       ; Yes                       ;
; ~ALTERA_nCEO~ ; 2.5 V        ; 0 s                 ; 0 s                 ; 2.32 V                       ; 6.15e-07 V                   ; 2.35 V              ; -0.00712 V          ; 0.093 V                              ; 0.02 V                               ; 6.21e-10 s                  ; 7.9e-10 s                   ; Yes                        ; Yes                        ; 2.32 V                      ; 6.15e-07 V                  ; 2.35 V             ; -0.00712 V         ; 0.093 V                             ; 0.02 V                              ; 6.21e-10 s                 ; 7.9e-10 s                  ; Yes                       ; Yes                       ;
+---------------+--------------+---------------------+---------------------+------------------------------+------------------------------+---------------------+---------------------+--------------------------------------+--------------------------------------+-----------------------------+-----------------------------+----------------------------+----------------------------+-----------------------------+-----------------------------+--------------------+--------------------+-------------------------------------+-------------------------------------+----------------------------+----------------------------+---------------------------+---------------------------+


+--------------------------------------------------------------------------------------------------------------------------------------------------------------------------------------------------------------------------------------------------------------------------------------------------------------------------------------------------------------------------------------------------------------------------------------------------------------------------------------------------------------------------------------------------------------------------------------------------------------------------------------------------------------------------------------------+
; Signal Integrity Metrics (Fast 1200mv 0c Model)                                                                                                                                                                                                                                                                                                                                                                                                                                                                                                                                                                                                                                            ;
+---------------+--------------+---------------------+---------------------+------------------------------+------------------------------+---------------------+---------------------+--------------------------------------+--------------------------------------+-----------------------------+-----------------------------+----------------------------+----------------------------+-----------------------------+-----------------------------+--------------------+--------------------+-------------------------------------+-------------------------------------+----------------------------+----------------------------+---------------------------+---------------------------+
; Pin           ; I/O Standard ; Board Delay on Rise ; Board Delay on Fall ; Steady State Voh at FPGA Pin ; Steady State Vol at FPGA Pin ; Voh Max at FPGA Pin ; Vol Min at FPGA Pin ; Ringback Voltage on Rise at FPGA Pin ; Ringback Voltage on Fall at FPGA Pin ; 10-90 Rise Time at FPGA Pin ; 90-10 Fall Time at FPGA Pin ; Monotonic Rise at FPGA Pin ; Monotonic Fall at FPGA Pin ; Steady State Voh at Far-end ; Steady State Vol at Far-end ; Voh Max at Far-end ; Vol Min at Far-end ; Ringback Voltage on Rise at Far-end ; Ringback Voltage on Fall at Far-end ; 10-90 Rise Time at Far-end ; 90-10 Fall Time at Far-end ; Monotonic Rise at Far-end ; Monotonic Fall at Far-end ;
+---------------+--------------+---------------------+---------------------+------------------------------+------------------------------+---------------------+---------------------+--------------------------------------+--------------------------------------+-----------------------------+-----------------------------+----------------------------+----------------------------+-----------------------------+-----------------------------+--------------------+--------------------+-------------------------------------+-------------------------------------+----------------------------+----------------------------+---------------------------+---------------------------+
; HEX0[0]       ; 2.5 V        ; 0 s                 ; 0 s                 ; 2.62 V                       ; 4.05e-08 V                   ; 2.72 V              ; -0.0349 V           ; 0.173 V                              ; 0.1 V                                ; 2.72e-10 s                  ; 2.69e-10 s                  ; Yes                        ; Yes                        ; 2.62 V                      ; 4.05e-08 V                  ; 2.72 V             ; -0.0349 V          ; 0.173 V                             ; 0.1 V                               ; 2.72e-10 s                 ; 2.69e-10 s                 ; Yes                       ; Yes                       ;
; HEX0[1]       ; 2.5 V        ; 0 s                 ; 0 s                 ; 2.62 V                       ; 4.05e-08 V                   ; 2.64 V              ; -0.0113 V           ; 0.208 V                              ; 0.179 V                              ; 2.38e-09 s                  ; 2.23e-09 s                  ; No                         ; Yes                        ; 2.62 V                      ; 4.05e-08 V                  ; 2.64 V             ; -0.0113 V          ; 0.208 V                             ; 0.179 V                             ; 2.38e-09 s                 ; 2.23e-09 s                 ; No                        ; Yes                       ;
; HEX0[2]       ; 2.5 V        ; 0 s                 ; 0 s                 ; 2.62 V                       ; 4.05e-08 V                   ; 2.72 V              ; -0.0349 V           ; 0.173 V                              ; 0.1 V                                ; 2.72e-10 s                  ; 2.69e-10 s                  ; Yes                        ; Yes                        ; 2.62 V                      ; 4.05e-08 V                  ; 2.72 V             ; -0.0349 V          ; 0.173 V                             ; 0.1 V                               ; 2.72e-10 s                 ; 2.69e-10 s                 ; Yes                       ; Yes                       ;
; HEX0[3]       ; 2.5 V        ; 0 s                 ; 0 s                 ; 2.62 V                       ; 2.74e-08 V                   ; 2.73 V              ; -0.0384 V           ; 0.169 V                              ; 0.089 V                              ; 2.7e-10 s                   ; 2.62e-10 s                  ; Yes                        ; Yes                        ; 2.62 V                      ; 2.74e-08 V                  ; 2.73 V             ; -0.0384 V          ; 0.169 V                             ; 0.089 V                             ; 2.7e-10 s                  ; 2.62e-10 s                 ; Yes                       ; Yes                       ;
; HEX0[4]       ; 2.5 V        ; 0 s                 ; 0 s                 ; 2.62 V                       ; 2.74e-08 V                   ; 2.73 V              ; -0.0384 V           ; 0.169 V                              ; 0.089 V                              ; 2.7e-10 s                   ; 2.62e-10 s                  ; Yes                        ; Yes                        ; 2.62 V                      ; 2.74e-08 V                  ; 2.73 V             ; -0.0384 V          ; 0.169 V                             ; 0.089 V                             ; 2.7e-10 s                  ; 2.62e-10 s                 ; Yes                       ; Yes                       ;
; HEX0[5]       ; 2.5 V        ; 0 s                 ; 0 s                 ; 2.62 V                       ; 2.74e-08 V                   ; 2.64 V              ; -0.0117 V           ; 0.202 V                              ; 0.176 V                              ; 2.38e-09 s                  ; 2.22e-09 s                  ; No                         ; Yes                        ; 2.62 V                      ; 2.74e-08 V                  ; 2.64 V             ; -0.0117 V          ; 0.202 V                             ; 0.176 V                             ; 2.38e-09 s                 ; 2.22e-09 s                 ; No                        ; Yes                       ;
; HEX0[6]       ; 2.5 V        ; 0 s                 ; 0 s                 ; 2.62 V                       ; 2.74e-08 V                   ; 2.73 V              ; -0.0384 V           ; 0.169 V                              ; 0.089 V                              ; 2.7e-10 s                   ; 2.62e-10 s                  ; Yes                        ; Yes                        ; 2.62 V                      ; 2.74e-08 V                  ; 2.73 V             ; -0.0384 V          ; 0.169 V                             ; 0.089 V                             ; 2.7e-10 s                  ; 2.62e-10 s                 ; Yes                       ; Yes                       ;
; HEX1[0]       ; 2.5 V        ; 0 s                 ; 0 s                 ; 2.62 V                       ; 2.74e-08 V                   ; 2.73 V              ; -0.0384 V           ; 0.169 V                              ; 0.089 V                              ; 2.7e-10 s                   ; 2.62e-10 s                  ; Yes                        ; Yes                        ; 2.62 V                      ; 2.74e-08 V                  ; 2.73 V             ; -0.0384 V          ; 0.169 V                             ; 0.089 V                             ; 2.7e-10 s                  ; 2.62e-10 s                 ; Yes                       ; Yes                       ;
; HEX1[1]       ; 2.5 V        ; 0 s                 ; 0 s                 ; 2.62 V                       ; 2.74e-08 V                   ; 2.71 V              ; -0.0317 V           ; 0.148 V                              ; 0.064 V                              ; 4.51e-10 s                  ; 4.15e-10 s                  ; No                         ; Yes                        ; 2.62 V                      ; 2.74e-08 V                  ; 2.71 V             ; -0.0317 V          ; 0.148 V                             ; 0.064 V                             ; 4.51e-10 s                 ; 4.15e-10 s                 ; No                        ; Yes                       ;
; HEX1[2]       ; 2.5 V        ; 0 s                 ; 0 s                 ; 2.62 V                       ; 2.74e-08 V                   ; 2.71 V              ; -0.0317 V           ; 0.148 V                              ; 0.064 V                              ; 4.51e-10 s                  ; 4.15e-10 s                  ; No                         ; Yes                        ; 2.62 V                      ; 2.74e-08 V                  ; 2.71 V             ; -0.0317 V          ; 0.148 V                             ; 0.064 V                             ; 4.51e-10 s                 ; 4.15e-10 s                 ; No                        ; Yes                       ;
; HEX1[3]       ; 2.5 V        ; 0 s                 ; 0 s                 ; 2.62 V                       ; 2.74e-08 V                   ; 2.71 V              ; -0.0317 V           ; 0.148 V                              ; 0.064 V                              ; 4.51e-10 s                  ; 4.15e-10 s                  ; No                         ; Yes                        ; 2.62 V                      ; 2.74e-08 V                  ; 2.71 V             ; -0.0317 V          ; 0.148 V                             ; 0.064 V                             ; 4.51e-10 s                 ; 4.15e-10 s                 ; No                        ; Yes                       ;
; HEX1[4]       ; 2.5 V        ; 0 s                 ; 0 s                 ; 2.62 V                       ; 2.74e-08 V                   ; 2.71 V              ; -0.0317 V           ; 0.148 V                              ; 0.064 V                              ; 4.51e-10 s                  ; 4.15e-10 s                  ; No                         ; Yes                        ; 2.62 V                      ; 2.74e-08 V                  ; 2.71 V             ; -0.0317 V          ; 0.148 V                             ; 0.064 V                             ; 4.51e-10 s                 ; 4.15e-10 s                 ; No                        ; Yes                       ;
; HEX1[5]       ; 2.5 V        ; 0 s                 ; 0 s                 ; 2.62 V                       ; 2.74e-08 V                   ; 2.64 V              ; -0.0117 V           ; 0.202 V                              ; 0.176 V                              ; 2.38e-09 s                  ; 2.22e-09 s                  ; No                         ; Yes                        ; 2.62 V                      ; 2.74e-08 V                  ; 2.64 V             ; -0.0117 V          ; 0.202 V                             ; 0.176 V                             ; 2.38e-09 s                 ; 2.22e-09 s                 ; No                        ; Yes                       ;
; HEX1[6]       ; 2.5 V        ; 0 s                 ; 0 s                 ; 2.62 V                       ; 2.74e-08 V                   ; 2.64 V              ; -0.0117 V           ; 0.202 V                              ; 0.176 V                              ; 2.38e-09 s                  ; 2.22e-09 s                  ; No                         ; Yes                        ; 2.62 V                      ; 2.74e-08 V                  ; 2.64 V             ; -0.0117 V          ; 0.202 V                             ; 0.176 V                             ; 2.38e-09 s                 ; 2.22e-09 s                 ; No                        ; Yes                       ;
; HEX2[0]       ; 2.5 V        ; 0 s                 ; 0 s                 ; 2.62 V                       ; 2.74e-08 V                   ; 2.71 V              ; -0.0317 V           ; 0.148 V                              ; 0.064 V                              ; 4.51e-10 s                  ; 4.15e-10 s                  ; No                         ; Yes                        ; 2.62 V                      ; 2.74e-08 V                  ; 2.71 V             ; -0.0317 V          ; 0.148 V                             ; 0.064 V                             ; 4.51e-10 s                 ; 4.15e-10 s                 ; No                        ; Yes                       ;
; HEX2[1]       ; 2.5 V        ; 0 s                 ; 0 s                 ; 2.62 V                       ; 2.74e-08 V                   ; 2.71 V              ; -0.0317 V           ; 0.148 V                              ; 0.064 V                              ; 4.51e-10 s                  ; 4.15e-10 s                  ; No                         ; Yes                        ; 2.62 V                      ; 2.74e-08 V                  ; 2.71 V             ; -0.0317 V          ; 0.148 V                             ; 0.064 V                             ; 4.51e-10 s                 ; 4.15e-10 s                 ; No                        ; Yes                       ;
; HEX2[2]       ; 2.5 V        ; 0 s                 ; 0 s                 ; 2.62 V                       ; 2.74e-08 V                   ; 2.71 V              ; -0.0317 V           ; 0.148 V                              ; 0.064 V                              ; 4.51e-10 s                  ; 4.15e-10 s                  ; No                         ; Yes                        ; 2.62 V                      ; 2.74e-08 V                  ; 2.71 V             ; -0.0317 V          ; 0.148 V                             ; 0.064 V                             ; 4.51e-10 s                 ; 4.15e-10 s                 ; No                        ; Yes                       ;
; HEX2[3]       ; 2.5 V        ; 0 s                 ; 0 s                 ; 2.62 V                       ; 2.74e-08 V                   ; 2.71 V              ; -0.0317 V           ; 0.148 V                              ; 0.064 V                              ; 4.51e-10 s                  ; 4.15e-10 s                  ; No                         ; Yes                        ; 2.62 V                      ; 2.74e-08 V                  ; 2.71 V             ; -0.0317 V          ; 0.148 V                             ; 0.064 V                             ; 4.51e-10 s                 ; 4.15e-10 s                 ; No                        ; Yes                       ;
; HEX2[4]       ; 2.5 V        ; 0 s                 ; 0 s                 ; 2.62 V                       ; 2.74e-08 V                   ; 2.71 V              ; -0.0317 V           ; 0.148 V                              ; 0.064 V                              ; 4.51e-10 s                  ; 4.15e-10 s                  ; No                         ; Yes                        ; 2.62 V                      ; 2.74e-08 V                  ; 2.71 V             ; -0.0317 V          ; 0.148 V                             ; 0.064 V                             ; 4.51e-10 s                 ; 4.15e-10 s                 ; No                        ; Yes                       ;
; HEX2[5]       ; 2.5 V        ; 0 s                 ; 0 s                 ; 2.62 V                       ; 2.74e-08 V                   ; 2.71 V              ; -0.0317 V           ; 0.148 V                              ; 0.064 V                              ; 4.51e-10 s                  ; 4.15e-10 s                  ; No                         ; Yes                        ; 2.62 V                      ; 2.74e-08 V                  ; 2.71 V             ; -0.0317 V          ; 0.148 V                             ; 0.064 V                             ; 4.51e-10 s                 ; 4.15e-10 s                 ; No                        ; Yes                       ;
; HEX2[6]       ; 2.5 V        ; 0 s                 ; 0 s                 ; 2.62 V                       ; 2.74e-08 V                   ; 2.71 V              ; -0.0317 V           ; 0.148 V                              ; 0.064 V                              ; 4.51e-10 s                  ; 4.15e-10 s                  ; No                         ; Yes                        ; 2.62 V                      ; 2.74e-08 V                  ; 2.71 V             ; -0.0317 V          ; 0.148 V                             ; 0.064 V                             ; 4.51e-10 s                 ; 4.15e-10 s                 ; No                        ; Yes                       ;
; HEX3[0]       ; 2.5 V        ; 0 s                 ; 0 s                 ; 2.62 V                       ; 2.74e-08 V                   ; 2.71 V              ; -0.0317 V           ; 0.148 V                              ; 0.064 V                              ; 4.51e-10 s                  ; 4.15e-10 s                  ; No                         ; Yes                        ; 2.62 V                      ; 2.74e-08 V                  ; 2.71 V             ; -0.0317 V          ; 0.148 V                             ; 0.064 V                             ; 4.51e-10 s                 ; 4.15e-10 s                 ; No                        ; Yes                       ;
; HEX3[1]       ; 2.5 V        ; 0 s                 ; 0 s                 ; 2.62 V                       ; 2.74e-08 V                   ; 2.73 V              ; -0.0384 V           ; 0.169 V                              ; 0.089 V                              ; 2.7e-10 s                   ; 2.62e-10 s                  ; Yes                        ; Yes                        ; 2.62 V                      ; 2.74e-08 V                  ; 2.73 V             ; -0.0384 V          ; 0.169 V                             ; 0.089 V                             ; 2.7e-10 s                  ; 2.62e-10 s                 ; Yes                       ; Yes                       ;
; HEX3[2]       ; 2.5 V        ; 0 s                 ; 0 s                 ; 2.62 V                       ; 4.05e-08 V                   ; 2.64 V              ; -0.0113 V           ; 0.208 V                              ; 0.179 V                              ; 2.38e-09 s                  ; 2.23e-09 s                  ; No                         ; Yes                        ; 2.62 V                      ; 4.05e-08 V                  ; 2.64 V             ; -0.0113 V          ; 0.208 V                             ; 0.179 V                             ; 2.38e-09 s                 ; 2.23e-09 s                 ; No                        ; Yes                       ;
; HEX3[3]       ; 2.5 V        ; 0 s                 ; 0 s                 ; 2.62 V                       ; 4.05e-08 V                   ; 2.72 V              ; -0.0349 V           ; 0.173 V                              ; 0.1 V                                ; 2.72e-10 s                  ; 2.69e-10 s                  ; Yes                        ; Yes                        ; 2.62 V                      ; 4.05e-08 V                  ; 2.72 V             ; -0.0349 V          ; 0.173 V                             ; 0.1 V                               ; 2.72e-10 s                 ; 2.69e-10 s                 ; Yes                       ; Yes                       ;
; HEX3[4]       ; 2.5 V        ; 0 s                 ; 0 s                 ; 2.62 V                       ; 4.05e-08 V                   ; 2.72 V              ; -0.0349 V           ; 0.173 V                              ; 0.1 V                                ; 2.72e-10 s                  ; 2.69e-10 s                  ; Yes                        ; Yes                        ; 2.62 V                      ; 4.05e-08 V                  ; 2.72 V             ; -0.0349 V          ; 0.173 V                             ; 0.1 V                               ; 2.72e-10 s                 ; 2.69e-10 s                 ; Yes                       ; Yes                       ;
; HEX3[5]       ; 2.5 V        ; 0 s                 ; 0 s                 ; 2.62 V                       ; 4.05e-08 V                   ; 2.72 V              ; -0.0349 V           ; 0.173 V                              ; 0.1 V                                ; 2.72e-10 s                  ; 2.69e-10 s                  ; Yes                        ; Yes                        ; 2.62 V                      ; 4.05e-08 V                  ; 2.72 V             ; -0.0349 V          ; 0.173 V                             ; 0.1 V                               ; 2.72e-10 s                 ; 2.69e-10 s                 ; Yes                       ; Yes                       ;
; HEX3[6]       ; 2.5 V        ; 0 s                 ; 0 s                 ; 2.62 V                       ; 4.05e-08 V                   ; 2.72 V              ; -0.0349 V           ; 0.173 V                              ; 0.1 V                                ; 2.72e-10 s                  ; 2.69e-10 s                  ; Yes                        ; Yes                        ; 2.62 V                      ; 4.05e-08 V                  ; 2.72 V             ; -0.0349 V          ; 0.173 V                             ; 0.1 V                               ; 2.72e-10 s                 ; 2.69e-10 s                 ; Yes                       ; Yes                       ;
; HEX4[0]       ; 2.5 V        ; 0 s                 ; 0 s                 ; 2.62 V                       ; 4.05e-08 V                   ; 2.72 V              ; -0.0349 V           ; 0.173 V                              ; 0.1 V                                ; 2.72e-10 s                  ; 2.69e-10 s                  ; Yes                        ; Yes                        ; 2.62 V                      ; 4.05e-08 V                  ; 2.72 V             ; -0.0349 V          ; 0.173 V                             ; 0.1 V                               ; 2.72e-10 s                 ; 2.69e-10 s                 ; Yes                       ; Yes                       ;
; HEX4[1]       ; 2.5 V        ; 0 s                 ; 0 s                 ; 2.62 V                       ; 4.05e-08 V                   ; 2.72 V              ; -0.0349 V           ; 0.173 V                              ; 0.1 V                                ; 2.72e-10 s                  ; 2.69e-10 s                  ; Yes                        ; Yes                        ; 2.62 V                      ; 4.05e-08 V                  ; 2.72 V             ; -0.0349 V          ; 0.173 V                             ; 0.1 V                               ; 2.72e-10 s                 ; 2.69e-10 s                 ; Yes                       ; Yes                       ;
; HEX4[2]       ; 2.5 V        ; 0 s                 ; 0 s                 ; 2.62 V                       ; 4.05e-08 V                   ; 2.72 V              ; -0.0349 V           ; 0.173 V                              ; 0.1 V                                ; 2.72e-10 s                  ; 2.69e-10 s                  ; Yes                        ; Yes                        ; 2.62 V                      ; 4.05e-08 V                  ; 2.72 V             ; -0.0349 V          ; 0.173 V                             ; 0.1 V                               ; 2.72e-10 s                 ; 2.69e-10 s                 ; Yes                       ; Yes                       ;
; HEX4[3]       ; 2.5 V        ; 0 s                 ; 0 s                 ; 2.62 V                       ; 4.05e-08 V                   ; 2.72 V              ; -0.0349 V           ; 0.173 V                              ; 0.1 V                                ; 2.72e-10 s                  ; 2.69e-10 s                  ; Yes                        ; Yes                        ; 2.62 V                      ; 4.05e-08 V                  ; 2.72 V             ; -0.0349 V          ; 0.173 V                             ; 0.1 V                               ; 2.72e-10 s                 ; 2.69e-10 s                 ; Yes                       ; Yes                       ;
; HEX4[4]       ; 2.5 V        ; 0 s                 ; 0 s                 ; 2.62 V                       ; 4.05e-08 V                   ; 2.72 V              ; -0.0349 V           ; 0.173 V                              ; 0.1 V                                ; 2.72e-10 s                  ; 2.69e-10 s                  ; Yes                        ; Yes                        ; 2.62 V                      ; 4.05e-08 V                  ; 2.72 V             ; -0.0349 V          ; 0.173 V                             ; 0.1 V                               ; 2.72e-10 s                 ; 2.69e-10 s                 ; Yes                       ; Yes                       ;
; HEX4[5]       ; 2.5 V        ; 0 s                 ; 0 s                 ; 2.62 V                       ; 4.05e-08 V                   ; 2.72 V              ; -0.0349 V           ; 0.173 V                              ; 0.1 V                                ; 2.72e-10 s                  ; 2.69e-10 s                  ; Yes                        ; Yes                        ; 2.62 V                      ; 4.05e-08 V                  ; 2.72 V             ; -0.0349 V          ; 0.173 V                             ; 0.1 V                               ; 2.72e-10 s                 ; 2.69e-10 s                 ; Yes                       ; Yes                       ;
; HEX4[6]       ; 2.5 V        ; 0 s                 ; 0 s                 ; 2.62 V                       ; 4.05e-08 V                   ; 2.72 V              ; -0.0349 V           ; 0.173 V                              ; 0.1 V                                ; 2.72e-10 s                  ; 2.69e-10 s                  ; Yes                        ; Yes                        ; 2.62 V                      ; 4.05e-08 V                  ; 2.72 V             ; -0.0349 V          ; 0.173 V                             ; 0.1 V                               ; 2.72e-10 s                 ; 2.69e-10 s                 ; Yes                       ; Yes                       ;
; HEX5[0]       ; 2.5 V        ; 0 s                 ; 0 s                 ; 2.62 V                       ; 4.05e-08 V                   ; 2.72 V              ; -0.0349 V           ; 0.173 V                              ; 0.1 V                                ; 2.72e-10 s                  ; 2.69e-10 s                  ; Yes                        ; Yes                        ; 2.62 V                      ; 4.05e-08 V                  ; 2.72 V             ; -0.0349 V          ; 0.173 V                             ; 0.1 V                               ; 2.72e-10 s                 ; 2.69e-10 s                 ; Yes                       ; Yes                       ;
; HEX5[1]       ; 2.5 V        ; 0 s                 ; 0 s                 ; 2.62 V                       ; 4.05e-08 V                   ; 2.64 V              ; -0.0113 V           ; 0.208 V                              ; 0.179 V                              ; 2.38e-09 s                  ; 2.23e-09 s                  ; No                         ; Yes                        ; 2.62 V                      ; 4.05e-08 V                  ; 2.64 V             ; -0.0113 V          ; 0.208 V                             ; 0.179 V                             ; 2.38e-09 s                 ; 2.23e-09 s                 ; No                        ; Yes                       ;
; HEX5[2]       ; 2.5 V        ; 0 s                 ; 0 s                 ; 2.62 V                       ; 4.05e-08 V                   ; 2.72 V              ; -0.0349 V           ; 0.173 V                              ; 0.1 V                                ; 2.72e-10 s                  ; 2.69e-10 s                  ; Yes                        ; Yes                        ; 2.62 V                      ; 4.05e-08 V                  ; 2.72 V             ; -0.0349 V          ; 0.173 V                             ; 0.1 V                               ; 2.72e-10 s                 ; 2.69e-10 s                 ; Yes                       ; Yes                       ;
; HEX5[3]       ; 2.5 V        ; 0 s                 ; 0 s                 ; 2.62 V                       ; 4.05e-08 V                   ; 2.72 V              ; -0.0349 V           ; 0.173 V                              ; 0.1 V                                ; 2.72e-10 s                  ; 2.69e-10 s                  ; Yes                        ; Yes                        ; 2.62 V                      ; 4.05e-08 V                  ; 2.72 V             ; -0.0349 V          ; 0.173 V                             ; 0.1 V                               ; 2.72e-10 s                 ; 2.69e-10 s                 ; Yes                       ; Yes                       ;
; HEX5[4]       ; 2.5 V        ; 0 s                 ; 0 s                 ; 2.62 V                       ; 4.05e-08 V                   ; 2.72 V              ; -0.0349 V           ; 0.173 V                              ; 0.1 V                                ; 2.72e-10 s                  ; 2.69e-10 s                  ; Yes                        ; Yes                        ; 2.62 V                      ; 4.05e-08 V                  ; 2.72 V             ; -0.0349 V          ; 0.173 V                             ; 0.1 V                               ; 2.72e-10 s                 ; 2.69e-10 s                 ; Yes                       ; Yes                       ;
; HEX5[5]       ; 2.5 V        ; 0 s                 ; 0 s                 ; 2.62 V                       ; 4.05e-08 V                   ; 2.72 V              ; -0.0349 V           ; 0.173 V                              ; 0.1 V                                ; 2.72e-10 s                  ; 2.69e-10 s                  ; Yes                        ; Yes                        ; 2.62 V                      ; 4.05e-08 V                  ; 2.72 V             ; -0.0349 V          ; 0.173 V                             ; 0.1 V                               ; 2.72e-10 s                 ; 2.69e-10 s                 ; Yes                       ; Yes                       ;
; HEX5[6]       ; 2.5 V        ; 0 s                 ; 0 s                 ; 2.62 V                       ; 4.05e-08 V                   ; 2.72 V              ; -0.0349 V           ; 0.173 V                              ; 0.1 V                                ; 2.72e-10 s                  ; 2.69e-10 s                  ; Yes                        ; Yes                        ; 2.62 V                      ; 4.05e-08 V                  ; 2.72 V             ; -0.0349 V          ; 0.173 V                             ; 0.1 V                               ; 2.72e-10 s                 ; 2.69e-10 s                 ; Yes                       ; Yes                       ;
; HEX6[0]       ; 2.5 V        ; 0 s                 ; 0 s                 ; 2.62 V                       ; 4.05e-08 V                   ; 2.72 V              ; -0.0349 V           ; 0.173 V                              ; 0.1 V                                ; 2.72e-10 s                  ; 2.69e-10 s                  ; Yes                        ; Yes                        ; 2.62 V                      ; 4.05e-08 V                  ; 2.72 V             ; -0.0349 V          ; 0.173 V                             ; 0.1 V                               ; 2.72e-10 s                 ; 2.69e-10 s                 ; Yes                       ; Yes                       ;
; HEX6[1]       ; 2.5 V        ; 0 s                 ; 0 s                 ; 2.62 V                       ; 4.05e-08 V                   ; 2.72 V              ; -0.0349 V           ; 0.173 V                              ; 0.1 V                                ; 2.72e-10 s                  ; 2.69e-10 s                  ; Yes                        ; Yes                        ; 2.62 V                      ; 4.05e-08 V                  ; 2.72 V             ; -0.0349 V          ; 0.173 V                             ; 0.1 V                               ; 2.72e-10 s                 ; 2.69e-10 s                 ; Yes                       ; Yes                       ;
; HEX6[2]       ; 2.5 V        ; 0 s                 ; 0 s                 ; 2.62 V                       ; 4.05e-08 V                   ; 2.72 V              ; -0.0349 V           ; 0.173 V                              ; 0.1 V                                ; 2.72e-10 s                  ; 2.69e-10 s                  ; Yes                        ; Yes                        ; 2.62 V                      ; 4.05e-08 V                  ; 2.72 V             ; -0.0349 V          ; 0.173 V                             ; 0.1 V                               ; 2.72e-10 s                 ; 2.69e-10 s                 ; Yes                       ; Yes                       ;
; HEX6[3]       ; 2.5 V        ; 0 s                 ; 0 s                 ; 2.62 V                       ; 4.05e-08 V                   ; 2.72 V              ; -0.0349 V           ; 0.173 V                              ; 0.1 V                                ; 2.72e-10 s                  ; 2.69e-10 s                  ; Yes                        ; Yes                        ; 2.62 V                      ; 4.05e-08 V                  ; 2.72 V             ; -0.0349 V          ; 0.173 V                             ; 0.1 V                               ; 2.72e-10 s                 ; 2.69e-10 s                 ; Yes                       ; Yes                       ;
; HEX6[4]       ; 2.5 V        ; 0 s                 ; 0 s                 ; 2.62 V                       ; 4.05e-08 V                   ; 2.72 V              ; -0.0349 V           ; 0.173 V                              ; 0.1 V                                ; 2.72e-10 s                  ; 2.69e-10 s                  ; Yes                        ; Yes                        ; 2.62 V                      ; 4.05e-08 V                  ; 2.72 V             ; -0.0349 V          ; 0.173 V                             ; 0.1 V                               ; 2.72e-10 s                 ; 2.69e-10 s                 ; Yes                       ; Yes                       ;
; HEX6[5]       ; 2.5 V        ; 0 s                 ; 0 s                 ; 2.62 V                       ; 4.05e-08 V                   ; 2.64 V              ; -0.0113 V           ; 0.208 V                              ; 0.179 V                              ; 2.38e-09 s                  ; 2.23e-09 s                  ; No                         ; Yes                        ; 2.62 V                      ; 4.05e-08 V                  ; 2.64 V             ; -0.0113 V          ; 0.208 V                             ; 0.179 V                             ; 2.38e-09 s                 ; 2.23e-09 s                 ; No                        ; Yes                       ;
; HEX6[6]       ; 2.5 V        ; 0 s                 ; 0 s                 ; 2.62 V                       ; 4.05e-08 V                   ; 2.72 V              ; -0.0349 V           ; 0.173 V                              ; 0.1 V                                ; 2.72e-10 s                  ; 2.69e-10 s                  ; Yes                        ; Yes                        ; 2.62 V                      ; 4.05e-08 V                  ; 2.72 V             ; -0.0349 V          ; 0.173 V                             ; 0.1 V                               ; 2.72e-10 s                 ; 2.69e-10 s                 ; Yes                       ; Yes                       ;
; LEDR[0]       ; 2.5 V        ; 0 s                 ; 0 s                 ; 2.62 V                       ; 4.05e-08 V                   ; 2.72 V              ; -0.0349 V           ; 0.173 V                              ; 0.1 V                                ; 2.72e-10 s                  ; 2.69e-10 s                  ; Yes                        ; Yes                        ; 2.62 V                      ; 4.05e-08 V                  ; 2.72 V             ; -0.0349 V          ; 0.173 V                             ; 0.1 V                               ; 2.72e-10 s                 ; 2.69e-10 s                 ; Yes                       ; Yes                       ;
; LEDR[1]       ; 2.5 V        ; 0 s                 ; 0 s                 ; 2.62 V                       ; 4.05e-08 V                   ; 2.72 V              ; -0.0349 V           ; 0.173 V                              ; 0.1 V                                ; 2.72e-10 s                  ; 2.69e-10 s                  ; Yes                        ; Yes                        ; 2.62 V                      ; 4.05e-08 V                  ; 2.72 V             ; -0.0349 V          ; 0.173 V                             ; 0.1 V                               ; 2.72e-10 s                 ; 2.69e-10 s                 ; Yes                       ; Yes                       ;
; LEDR[2]       ; 2.5 V        ; 0 s                 ; 0 s                 ; 2.62 V                       ; 4.05e-08 V                   ; 2.72 V              ; -0.0349 V           ; 0.173 V                              ; 0.1 V                                ; 2.72e-10 s                  ; 2.69e-10 s                  ; Yes                        ; Yes                        ; 2.62 V                      ; 4.05e-08 V                  ; 2.72 V             ; -0.0349 V          ; 0.173 V                             ; 0.1 V                               ; 2.72e-10 s                 ; 2.69e-10 s                 ; Yes                       ; Yes                       ;
; LEDR[3]       ; 2.5 V        ; 0 s                 ; 0 s                 ; 2.62 V                       ; 4.05e-08 V                   ; 2.72 V              ; -0.0349 V           ; 0.173 V                              ; 0.1 V                                ; 2.72e-10 s                  ; 2.69e-10 s                  ; Yes                        ; Yes                        ; 2.62 V                      ; 4.05e-08 V                  ; 2.72 V             ; -0.0349 V          ; 0.173 V                             ; 0.1 V                               ; 2.72e-10 s                 ; 2.69e-10 s                 ; Yes                       ; Yes                       ;
; LEDR[4]       ; 2.5 V        ; 0 s                 ; 0 s                 ; 2.62 V                       ; 4.05e-08 V                   ; 2.72 V              ; -0.0349 V           ; 0.173 V                              ; 0.1 V                                ; 2.72e-10 s                  ; 2.69e-10 s                  ; Yes                        ; Yes                        ; 2.62 V                      ; 4.05e-08 V                  ; 2.72 V             ; -0.0349 V          ; 0.173 V                             ; 0.1 V                               ; 2.72e-10 s                 ; 2.69e-10 s                 ; Yes                       ; Yes                       ;
; LEDR[5]       ; 2.5 V        ; 0 s                 ; 0 s                 ; 2.62 V                       ; 4.05e-08 V                   ; 2.72 V              ; -0.0349 V           ; 0.173 V                              ; 0.1 V                                ; 2.72e-10 s                  ; 2.69e-10 s                  ; Yes                        ; Yes                        ; 2.62 V                      ; 4.05e-08 V                  ; 2.72 V             ; -0.0349 V          ; 0.173 V                             ; 0.1 V                               ; 2.72e-10 s                 ; 2.69e-10 s                 ; Yes                       ; Yes                       ;
; LEDR[6]       ; 2.5 V        ; 0 s                 ; 0 s                 ; 2.62 V                       ; 4.05e-08 V                   ; 2.72 V              ; -0.0349 V           ; 0.173 V                              ; 0.1 V                                ; 2.72e-10 s                  ; 2.69e-10 s                  ; Yes                        ; Yes                        ; 2.62 V                      ; 4.05e-08 V                  ; 2.72 V             ; -0.0349 V          ; 0.173 V                             ; 0.1 V                               ; 2.72e-10 s                 ; 2.69e-10 s                 ; Yes                       ; Yes                       ;
; LEDR[7]       ; 2.5 V        ; 0 s                 ; 0 s                 ; 2.62 V                       ; 4.05e-08 V                   ; 2.72 V              ; -0.0349 V           ; 0.173 V                              ; 0.1 V                                ; 2.72e-10 s                  ; 2.69e-10 s                  ; Yes                        ; Yes                        ; 2.62 V                      ; 4.05e-08 V                  ; 2.72 V             ; -0.0349 V          ; 0.173 V                             ; 0.1 V                               ; 2.72e-10 s                 ; 2.69e-10 s                 ; Yes                       ; Yes                       ;
; LEDG[0]       ; 2.5 V        ; 0 s                 ; 0 s                 ; 2.62 V                       ; 4.05e-08 V                   ; 2.72 V              ; -0.0349 V           ; 0.173 V                              ; 0.1 V                                ; 2.72e-10 s                  ; 2.69e-10 s                  ; Yes                        ; Yes                        ; 2.62 V                      ; 4.05e-08 V                  ; 2.72 V             ; -0.0349 V          ; 0.173 V                             ; 0.1 V                               ; 2.72e-10 s                 ; 2.69e-10 s                 ; Yes                       ; Yes                       ;
; LEDG[1]       ; 2.5 V        ; 0 s                 ; 0 s                 ; 2.62 V                       ; 4.05e-08 V                   ; 2.72 V              ; -0.0349 V           ; 0.173 V                              ; 0.1 V                                ; 2.72e-10 s                  ; 2.69e-10 s                  ; Yes                        ; Yes                        ; 2.62 V                      ; 4.05e-08 V                  ; 2.72 V             ; -0.0349 V          ; 0.173 V                             ; 0.1 V                               ; 2.72e-10 s                 ; 2.69e-10 s                 ; Yes                       ; Yes                       ;
; ~ALTERA_DCLK~ ; 2.5 V        ; 0 s                 ; 0 s                 ; 2.62 V                       ; 2.22e-08 V                   ; 2.74 V              ; -0.06 V             ; 0.158 V                              ; 0.08 V                               ; 2.68e-10 s                  ; 2.19e-10 s                  ; Yes                        ; Yes                        ; 2.62 V                      ; 2.22e-08 V                  ; 2.74 V             ; -0.06 V            ; 0.158 V                             ; 0.08 V                              ; 2.68e-10 s                 ; 2.19e-10 s                 ; Yes                       ; Yes                       ;
; ~ALTERA_nCEO~ ; 2.5 V        ; 0 s                 ; 0 s                 ; 2.62 V                       ; 3.54e-08 V                   ; 2.7 V               ; -0.00943 V          ; 0.276 V                              ; 0.035 V                              ; 3.19e-10 s                  ; 4.99e-10 s                  ; No                         ; Yes                        ; 2.62 V                      ; 3.54e-08 V                  ; 2.7 V              ; -0.00943 V         ; 0.276 V                             ; 0.035 V                             ; 3.19e-10 s                 ; 4.99e-10 s                 ; No                        ; Yes                       ;
+---------------+--------------+---------------------+---------------------+------------------------------+------------------------------+---------------------+---------------------+--------------------------------------+--------------------------------------+-----------------------------+-----------------------------+----------------------------+----------------------------+-----------------------------+-----------------------------+--------------------+--------------------+-------------------------------------+-------------------------------------+----------------------------+----------------------------+---------------------------+---------------------------+


+-------------------------------------------------------------------+
; Setup Transfers                                                   ;
+------------+----------+----------+----------+----------+----------+
; From Clock ; To Clock ; RR Paths ; FR Paths ; RF Paths ; FF Paths ;
+------------+----------+----------+----------+----------+----------+
; KEY[0]     ; KEY[0]   ; 0        ; 0        ; 0        ; 32139    ;
+------------+----------+----------+----------+----------+----------+
Entries labeled "false path" only account for clock-to-clock false paths and not path-based false paths. As a result, actual path counts may be lower than reported.


+-------------------------------------------------------------------+
; Hold Transfers                                                    ;
+------------+----------+----------+----------+----------+----------+
; From Clock ; To Clock ; RR Paths ; FR Paths ; RF Paths ; FF Paths ;
+------------+----------+----------+----------+----------+----------+
; KEY[0]     ; KEY[0]   ; 0        ; 0        ; 0        ; 32139    ;
+------------+----------+----------+----------+----------+----------+
Entries labeled "false path" only account for clock-to-clock false paths and not path-based false paths. As a result, actual path counts may be lower than reported.


---------------
; Report TCCS ;
---------------
No dedicated SERDES Transmitter circuitry present in device or used in design


---------------
; Report RSKM ;
---------------
No non-DPA dedicated SERDES Receiver circuitry present in device or used in design


+------------------------------------------------+
; Unconstrained Paths Summary                    ;
+---------------------------------+-------+------+
; Property                        ; Setup ; Hold ;
+---------------------------------+-------+------+
; Illegal Clocks                  ; 0     ; 0    ;
; Unconstrained Clocks            ; 0     ; 0    ;
; Unconstrained Input Ports       ; 16    ; 16   ;
; Unconstrained Input Port Paths  ; 108   ; 108  ;
; Unconstrained Output Ports      ; 59    ; 59   ;
; Unconstrained Output Port Paths ; 620   ; 620  ;
+---------------------------------+-------+------+


+--------------------------------------+
; Clock Status Summary                 ;
+--------+--------+------+-------------+
; Target ; Clock  ; Type ; Status      ;
+--------+--------+------+-------------+
; KEY[0] ; KEY[0] ; Base ; Constrained ;
+--------+--------+------+-------------+


+---------------------------------------------------------------------------------------------------+
; Unconstrained Input Ports                                                                         ;
+------------+--------------------------------------------------------------------------------------+
; Input Port ; Comment                                                                              ;
+------------+--------------------------------------------------------------------------------------+
; SW[0]      ; No input delay, min/max delays, false-path exceptions, or max skew assignments found ;
; SW[1]      ; No input delay, min/max delays, false-path exceptions, or max skew assignments found ;
; SW[2]      ; No input delay, min/max delays, false-path exceptions, or max skew assignments found ;
; SW[3]      ; No input delay, min/max delays, false-path exceptions, or max skew assignments found ;
; SW[4]      ; No input delay, min/max delays, false-path exceptions, or max skew assignments found ;
; SW[5]      ; No input delay, min/max delays, false-path exceptions, or max skew assignments found ;
; SW[6]      ; No input delay, min/max delays, false-path exceptions, or max skew assignments found ;
; SW[7]      ; No input delay, min/max delays, false-path exceptions, or max skew assignments found ;
; SW[8]      ; No input delay, min/max delays, false-path exceptions, or max skew assignments found ;
; SW[9]      ; No input delay, min/max delays, false-path exceptions, or max skew assignments found ;
; SW[10]     ; No input delay, min/max delays, false-path exceptions, or max skew assignments found ;
; SW[11]     ; No input delay, min/max delays, false-path exceptions, or max skew assignments found ;
; SW[12]     ; No input delay, min/max delays, false-path exceptions, or max skew assignments found ;
; SW[13]     ; No input delay, min/max delays, false-path exceptions, or max skew assignments found ;
; SW[14]     ; No input delay, min/max delays, false-path exceptions, or max skew assignments found ;
; SW[15]     ; No input delay, min/max delays, false-path exceptions, or max skew assignments found ;
+------------+--------------------------------------------------------------------------------------+


+-----------------------------------------------------------------------------------------------------+
; Unconstrained Output Ports                                                                          ;
+-------------+---------------------------------------------------------------------------------------+
; Output Port ; Comment                                                                               ;
+-------------+---------------------------------------------------------------------------------------+
; HEX0[0]     ; No output delay, min/max delays, false-path exceptions, or max skew assignments found ;
; HEX0[1]     ; No output delay, min/max delays, false-path exceptions, or max skew assignments found ;
; HEX0[2]     ; No output delay, min/max delays, false-path exceptions, or max skew assignments found ;
; HEX0[3]     ; No output delay, min/max delays, false-path exceptions, or max skew assignments found ;
; HEX0[4]     ; No output delay, min/max delays, false-path exceptions, or max skew assignments found ;
; HEX0[5]     ; No output delay, min/max delays, false-path exceptions, or max skew assignments found ;
; HEX0[6]     ; No output delay, min/max delays, false-path exceptions, or max skew assignments found ;
; HEX1[0]     ; No output delay, min/max delays, false-path exceptions, or max skew assignments found ;
; HEX1[1]     ; No output delay, min/max delays, false-path exceptions, or max skew assignments found ;
; HEX1[2]     ; No output delay, min/max delays, false-path exceptions, or max skew assignments found ;
; HEX1[3]     ; No output delay, min/max delays, false-path exceptions, or max skew assignments found ;
; HEX1[4]     ; No output delay, min/max delays, false-path exceptions, or max skew assignments found ;
; HEX1[5]     ; No output delay, min/max delays, false-path exceptions, or max skew assignments found ;
; HEX1[6]     ; No output delay, min/max delays, false-path exceptions, or max skew assignments found ;
; HEX2[0]     ; No output delay, min/max delays, false-path exceptions, or max skew assignments found ;
; HEX2[1]     ; No output delay, min/max delays, false-path exceptions, or max skew assignments found ;
; HEX2[2]     ; No output delay, min/max delays, false-path exceptions, or max skew assignments found ;
; HEX2[3]     ; No output delay, min/max delays, false-path exceptions, or max skew assignments found ;
; HEX2[4]     ; No output delay, min/max delays, false-path exceptions, or max skew assignments found ;
; HEX2[5]     ; No output delay, min/max delays, false-path exceptions, or max skew assignments found ;
; HEX2[6]     ; No output delay, min/max delays, false-path exceptions, or max skew assignments found ;
; HEX3[0]     ; No output delay, min/max delays, false-path exceptions, or max skew assignments found ;
; HEX3[1]     ; No output delay, min/max delays, false-path exceptions, or max skew assignments found ;
; HEX3[2]     ; No output delay, min/max delays, false-path exceptions, or max skew assignments found ;
; HEX3[3]     ; No output delay, min/max delays, false-path exceptions, or max skew assignments found ;
; HEX3[4]     ; No output delay, min/max delays, false-path exceptions, or max skew assignments found ;
; HEX3[5]     ; No output delay, min/max delays, false-path exceptions, or max skew assignments found ;
; HEX3[6]     ; No output delay, min/max delays, false-path exceptions, or max skew assignments found ;
; HEX4[0]     ; No output delay, min/max delays, false-path exceptions, or max skew assignments found ;
; HEX4[1]     ; No output delay, min/max delays, false-path exceptions, or max skew assignments found ;
; HEX4[2]     ; No output delay, min/max delays, false-path exceptions, or max skew assignments found ;
; HEX4[3]     ; No output delay, min/max delays, false-path exceptions, or max skew assignments found ;
; HEX4[4]     ; No output delay, min/max delays, false-path exceptions, or max skew assignments found ;
; HEX4[5]     ; No output delay, min/max delays, false-path exceptions, or max skew assignments found ;
; HEX4[6]     ; No output delay, min/max delays, false-path exceptions, or max skew assignments found ;
; HEX5[0]     ; No output delay, min/max delays, false-path exceptions, or max skew assignments found ;
; HEX5[1]     ; No output delay, min/max delays, false-path exceptions, or max skew assignments found ;
; HEX5[2]     ; No output delay, min/max delays, false-path exceptions, or max skew assignments found ;
; HEX5[3]     ; No output delay, min/max delays, false-path exceptions, or max skew assignments found ;
; HEX5[4]     ; No output delay, min/max delays, false-path exceptions, or max skew assignments found ;
; HEX5[5]     ; No output delay, min/max delays, false-path exceptions, or max skew assignments found ;
; HEX5[6]     ; No output delay, min/max delays, false-path exceptions, or max skew assignments found ;
; HEX6[0]     ; No output delay, min/max delays, false-path exceptions, or max skew assignments found ;
; HEX6[1]     ; No output delay, min/max delays, false-path exceptions, or max skew assignments found ;
; HEX6[2]     ; No output delay, min/max delays, false-path exceptions, or max skew assignments found ;
; HEX6[3]     ; No output delay, min/max delays, false-path exceptions, or max skew assignments found ;
; HEX6[4]     ; No output delay, min/max delays, false-path exceptions, or max skew assignments found ;
; HEX6[5]     ; No output delay, min/max delays, false-path exceptions, or max skew assignments found ;
; HEX6[6]     ; No output delay, min/max delays, false-path exceptions, or max skew assignments found ;
; LEDG[0]     ; No output delay, min/max delays, false-path exceptions, or max skew assignments found ;
; LEDG[1]     ; No output delay, min/max delays, false-path exceptions, or max skew assignments found ;
; LEDR[0]     ; No output delay, min/max delays, false-path exceptions, or max skew assignments found ;
; LEDR[1]     ; No output delay, min/max delays, false-path exceptions, or max skew assignments found ;
; LEDR[2]     ; No output delay, min/max delays, false-path exceptions, or max skew assignments found ;
; LEDR[3]     ; No output delay, min/max delays, false-path exceptions, or max skew assignments found ;
; LEDR[4]     ; No output delay, min/max delays, false-path exceptions, or max skew assignments found ;
; LEDR[5]     ; No output delay, min/max delays, false-path exceptions, or max skew assignments found ;
; LEDR[6]     ; No output delay, min/max delays, false-path exceptions, or max skew assignments found ;
; LEDR[7]     ; No output delay, min/max delays, false-path exceptions, or max skew assignments found ;
+-------------+---------------------------------------------------------------------------------------+


+---------------------------------------------------------------------------------------------------+
; Unconstrained Input Ports                                                                         ;
+------------+--------------------------------------------------------------------------------------+
; Input Port ; Comment                                                                              ;
+------------+--------------------------------------------------------------------------------------+
; SW[0]      ; No input delay, min/max delays, false-path exceptions, or max skew assignments found ;
; SW[1]      ; No input delay, min/max delays, false-path exceptions, or max skew assignments found ;
; SW[2]      ; No input delay, min/max delays, false-path exceptions, or max skew assignments found ;
; SW[3]      ; No input delay, min/max delays, false-path exceptions, or max skew assignments found ;
; SW[4]      ; No input delay, min/max delays, false-path exceptions, or max skew assignments found ;
; SW[5]      ; No input delay, min/max delays, false-path exceptions, or max skew assignments found ;
; SW[6]      ; No input delay, min/max delays, false-path exceptions, or max skew assignments found ;
; SW[7]      ; No input delay, min/max delays, false-path exceptions, or max skew assignments found ;
; SW[8]      ; No input delay, min/max delays, false-path exceptions, or max skew assignments found ;
; SW[9]      ; No input delay, min/max delays, false-path exceptions, or max skew assignments found ;
; SW[10]     ; No input delay, min/max delays, false-path exceptions, or max skew assignments found ;
; SW[11]     ; No input delay, min/max delays, false-path exceptions, or max skew assignments found ;
; SW[12]     ; No input delay, min/max delays, false-path exceptions, or max skew assignments found ;
; SW[13]     ; No input delay, min/max delays, false-path exceptions, or max skew assignments found ;
; SW[14]     ; No input delay, min/max delays, false-path exceptions, or max skew assignments found ;
; SW[15]     ; No input delay, min/max delays, false-path exceptions, or max skew assignments found ;
+------------+--------------------------------------------------------------------------------------+


+-----------------------------------------------------------------------------------------------------+
; Unconstrained Output Ports                                                                          ;
+-------------+---------------------------------------------------------------------------------------+
; Output Port ; Comment                                                                               ;
+-------------+---------------------------------------------------------------------------------------+
; HEX0[0]     ; No output delay, min/max delays, false-path exceptions, or max skew assignments found ;
; HEX0[1]     ; No output delay, min/max delays, false-path exceptions, or max skew assignments found ;
; HEX0[2]     ; No output delay, min/max delays, false-path exceptions, or max skew assignments found ;
; HEX0[3]     ; No output delay, min/max delays, false-path exceptions, or max skew assignments found ;
; HEX0[4]     ; No output delay, min/max delays, false-path exceptions, or max skew assignments found ;
; HEX0[5]     ; No output delay, min/max delays, false-path exceptions, or max skew assignments found ;
; HEX0[6]     ; No output delay, min/max delays, false-path exceptions, or max skew assignments found ;
; HEX1[0]     ; No output delay, min/max delays, false-path exceptions, or max skew assignments found ;
; HEX1[1]     ; No output delay, min/max delays, false-path exceptions, or max skew assignments found ;
; HEX1[2]     ; No output delay, min/max delays, false-path exceptions, or max skew assignments found ;
; HEX1[3]     ; No output delay, min/max delays, false-path exceptions, or max skew assignments found ;
; HEX1[4]     ; No output delay, min/max delays, false-path exceptions, or max skew assignments found ;
; HEX1[5]     ; No output delay, min/max delays, false-path exceptions, or max skew assignments found ;
; HEX1[6]     ; No output delay, min/max delays, false-path exceptions, or max skew assignments found ;
; HEX2[0]     ; No output delay, min/max delays, false-path exceptions, or max skew assignments found ;
; HEX2[1]     ; No output delay, min/max delays, false-path exceptions, or max skew assignments found ;
; HEX2[2]     ; No output delay, min/max delays, false-path exceptions, or max skew assignments found ;
; HEX2[3]     ; No output delay, min/max delays, false-path exceptions, or max skew assignments found ;
; HEX2[4]     ; No output delay, min/max delays, false-path exceptions, or max skew assignments found ;
; HEX2[5]     ; No output delay, min/max delays, false-path exceptions, or max skew assignments found ;
; HEX2[6]     ; No output delay, min/max delays, false-path exceptions, or max skew assignments found ;
; HEX3[0]     ; No output delay, min/max delays, false-path exceptions, or max skew assignments found ;
; HEX3[1]     ; No output delay, min/max delays, false-path exceptions, or max skew assignments found ;
; HEX3[2]     ; No output delay, min/max delays, false-path exceptions, or max skew assignments found ;
; HEX3[3]     ; No output delay, min/max delays, false-path exceptions, or max skew assignments found ;
; HEX3[4]     ; No output delay, min/max delays, false-path exceptions, or max skew assignments found ;
; HEX3[5]     ; No output delay, min/max delays, false-path exceptions, or max skew assignments found ;
; HEX3[6]     ; No output delay, min/max delays, false-path exceptions, or max skew assignments found ;
; HEX4[0]     ; No output delay, min/max delays, false-path exceptions, or max skew assignments found ;
; HEX4[1]     ; No output delay, min/max delays, false-path exceptions, or max skew assignments found ;
; HEX4[2]     ; No output delay, min/max delays, false-path exceptions, or max skew assignments found ;
; HEX4[3]     ; No output delay, min/max delays, false-path exceptions, or max skew assignments found ;
; HEX4[4]     ; No output delay, min/max delays, false-path exceptions, or max skew assignments found ;
; HEX4[5]     ; No output delay, min/max delays, false-path exceptions, or max skew assignments found ;
; HEX4[6]     ; No output delay, min/max delays, false-path exceptions, or max skew assignments found ;
; HEX5[0]     ; No output delay, min/max delays, false-path exceptions, or max skew assignments found ;
; HEX5[1]     ; No output delay, min/max delays, false-path exceptions, or max skew assignments found ;
; HEX5[2]     ; No output delay, min/max delays, false-path exceptions, or max skew assignments found ;
; HEX5[3]     ; No output delay, min/max delays, false-path exceptions, or max skew assignments found ;
; HEX5[4]     ; No output delay, min/max delays, false-path exceptions, or max skew assignments found ;
; HEX5[5]     ; No output delay, min/max delays, false-path exceptions, or max skew assignments found ;
; HEX5[6]     ; No output delay, min/max delays, false-path exceptions, or max skew assignments found ;
; HEX6[0]     ; No output delay, min/max delays, false-path exceptions, or max skew assignments found ;
; HEX6[1]     ; No output delay, min/max delays, false-path exceptions, or max skew assignments found ;
; HEX6[2]     ; No output delay, min/max delays, false-path exceptions, or max skew assignments found ;
; HEX6[3]     ; No output delay, min/max delays, false-path exceptions, or max skew assignments found ;
; HEX6[4]     ; No output delay, min/max delays, false-path exceptions, or max skew assignments found ;
; HEX6[5]     ; No output delay, min/max delays, false-path exceptions, or max skew assignments found ;
; HEX6[6]     ; No output delay, min/max delays, false-path exceptions, or max skew assignments found ;
; LEDG[0]     ; No output delay, min/max delays, false-path exceptions, or max skew assignments found ;
; LEDG[1]     ; No output delay, min/max delays, false-path exceptions, or max skew assignments found ;
; LEDR[0]     ; No output delay, min/max delays, false-path exceptions, or max skew assignments found ;
; LEDR[1]     ; No output delay, min/max delays, false-path exceptions, or max skew assignments found ;
; LEDR[2]     ; No output delay, min/max delays, false-path exceptions, or max skew assignments found ;
; LEDR[3]     ; No output delay, min/max delays, false-path exceptions, or max skew assignments found ;
; LEDR[4]     ; No output delay, min/max delays, false-path exceptions, or max skew assignments found ;
; LEDR[5]     ; No output delay, min/max delays, false-path exceptions, or max skew assignments found ;
; LEDR[6]     ; No output delay, min/max delays, false-path exceptions, or max skew assignments found ;
; LEDR[7]     ; No output delay, min/max delays, false-path exceptions, or max skew assignments found ;
+-------------+---------------------------------------------------------------------------------------+


+--------------------------+
; Timing Analyzer Messages ;
+--------------------------+
Info: *******************************************************************
Info: Running Quartus Prime Timing Analyzer
    Info: Version 25.1std.0 Build 1129 10/21/2025 SC Lite Edition
    Info: Processing started: Wed Jun 17 09:43:41 2026
Info: Command: quartus_sta Pipeline_CPU -c Pipeline_CPU
Info: qsta_default_script.tcl version: #1
Warning (18236): Number of processors has not been specified which may cause overloading on shared machines.  Set the global assignment NUM_PARALLEL_PROCESSORS in your QSF to an appropriate value for best performance.
Info (20030): Parallel compilation is enabled and will use 10 of the 10 processors detected
Info (21077): Low junction temperature is 0 degrees C
Info (21077): High junction temperature is 85 degrees C
Critical Warning (332012): Synopsys Design Constraints File file not found: 'Pipeline_CPU.sdc'. A Synopsys Design Constraints File is required by the Timing Analyzer to get proper timing constraints. Without it, the Compiler will not properly optimize the design.
Info (332142): No user constrained base clocks found in the design. Calling "derive_clocks -period 1.0"
Info (332105): Deriving Clocks
    Info (332105): create_clock -period 1.000 -name KEY[0] KEY[0]
Info (332143): No user constrained clock uncertainty found in the design. Calling "derive_clock_uncertainty"
Info (332154): The derive_clock_uncertainty command did not apply clock uncertainty to any clock-to-clock transfers.
Info: Found TIMING_ANALYZER_REPORT_SCRIPT_INCLUDE_DEFAULT_ANALYSIS = ON
Info: Analyzing Slow 1200mV 85C Model
Critical Warning (332148): Timing requirements not met
    Info (11105): For recommendations on closing timing, run Report Timing Closure Recommendations in the Timing Analyzer.
Info (332146): Worst-case setup slack is -6.286
    Info (332119):     Slack       End Point TNS Clock 
    Info (332119): ========= =================== =====================
    Info (332119):    -6.286            -459.117 KEY[0] 
Info (332146): Worst-case hold slack is 0.440
    Info (332119):     Slack       End Point TNS Clock 
    Info (332119): ========= =================== =====================
    Info (332119):     0.440               0.000 KEY[0] 
Info (332140): No Recovery paths to report
Info (332140): No Removal paths to report
Info (332146): Worst-case minimum pulse width slack is -3.000
    Info (332119):     Slack       End Point TNS Clock 
    Info (332119): ========= =================== =====================
    Info (332119):    -3.000            -170.050 KEY[0] 
Info (332114): Report Metastability: Found 8 synchronizer chains.
    Info (332114): Design MTBF is not calculated because the design doesn't meet its timing requirements.
Info: Analyzing Slow 1200mV 0C Model
Info (334003): Started post-fitting delay annotation
Info (334004): Delay annotation completed successfully
Info (332154): The derive_clock_uncertainty command did not apply clock uncertainty to any clock-to-clock transfers.
Critical Warning (332148): Timing requirements not met
    Info (11105): For recommendations on closing timing, run Report Timing Closure Recommendations in the Timing Analyzer.
Info (332146): Worst-case setup slack is -5.691
    Info (332119):     Slack       End Point TNS Clock 
    Info (332119): ========= =================== =====================
    Info (332119):    -5.691            -409.869 KEY[0] 
Info (332146): Worst-case hold slack is 0.387
    Info (332119):     Slack       End Point TNS Clock 
    Info (332119): ========= =================== =====================
    Info (332119):     0.387               0.000 KEY[0] 
Info (332140): No Recovery paths to report
Info (332140): No Removal paths to report
Info (332146): Worst-case minimum pulse width slack is -3.000
    Info (332119):     Slack       End Point TNS Clock 
    Info (332119): ========= =================== =====================
    Info (332119):    -3.000            -170.050 KEY[0] 
Info (332114): Report Metastability: Found 8 synchronizer chains.
    Info (332114): Design MTBF is not calculated because the design doesn't meet its timing requirements.
Info: Analyzing Fast 1200mV 0C Model
Info (332154): The derive_clock_uncertainty command did not apply clock uncertainty to any clock-to-clock transfers.
Critical Warning (332148): Timing requirements not met
    Info (11105): For recommendations on closing timing, run Report Timing Closure Recommendations in the Timing Analyzer.
Info (332146): Worst-case setup slack is -2.518
    Info (332119):     Slack       End Point TNS Clock 
    Info (332119): ========= =================== =====================
    Info (332119):    -2.518            -159.133 KEY[0] 
Info (332146): Worst-case hold slack is 0.199
    Info (332119):     Slack       End Point TNS Clock 
    Info (332119): ========= =================== =====================
    Info (332119):     0.199               0.000 KEY[0] 
Info (332140): No Recovery paths to report
Info (332140): No Removal paths to report
Info (332146): Worst-case minimum pulse width slack is -3.000
    Info (332119):     Slack       End Point TNS Clock 
    Info (332119): ========= =================== =====================
    Info (332119):    -3.000            -159.232 KEY[0] 
Info (332114): Report Metastability: Found 8 synchronizer chains.
    Info (332114): Design MTBF is not calculated because the design doesn't meet its timing requirements.
Info (332102): Design is not fully constrained for setup requirements
Info (332102): Design is not fully constrained for hold requirements
Info: Quartus Prime Timing Analyzer was successful. 0 errors, 5 warnings
    Info: Peak virtual memory: 4962 megabytes
    Info: Processing ended: Wed Jun 17 09:43:44 2026
    Info: Elapsed time: 00:00:03
    Info: Total CPU time (on all processors): 00:00:02


