Timing Analyzer report for CPU
Wed Jun 10 09:34:32 2026
Quartus Prime Version 25.1std.0 Build 1129 10/21/2025 SC Lite Edition


---------------------
; Table of Contents ;
---------------------
  1. Legal Notice
  2. Timing Analyzer Summary
  3. Parallel Compilation
  4. Clocks
  5. Slow 1200mV 85C Model Fmax Summary
  6. Timing Closure Recommendations
  7. Slow 1200mV 85C Model Setup Summary
  8. Slow 1200mV 85C Model Hold Summary
  9. Slow 1200mV 85C Model Recovery Summary
 10. Slow 1200mV 85C Model Removal Summary
 11. Slow 1200mV 85C Model Minimum Pulse Width Summary
 12. Slow 1200mV 85C Model Setup: 'KEY[0]'
 13. Slow 1200mV 85C Model Hold: 'KEY[0]'
 14. Slow 1200mV 85C Model Metastability Summary
 15. Slow 1200mV 0C Model Fmax Summary
 16. Slow 1200mV 0C Model Setup Summary
 17. Slow 1200mV 0C Model Hold Summary
 18. Slow 1200mV 0C Model Recovery Summary
 19. Slow 1200mV 0C Model Removal Summary
 20. Slow 1200mV 0C Model Minimum Pulse Width Summary
 21. Slow 1200mV 0C Model Setup: 'KEY[0]'
 22. Slow 1200mV 0C Model Hold: 'KEY[0]'
 23. Slow 1200mV 0C Model Metastability Summary
 24. Fast 1200mV 0C Model Setup Summary
 25. Fast 1200mV 0C Model Hold Summary
 26. Fast 1200mV 0C Model Recovery Summary
 27. Fast 1200mV 0C Model Removal Summary
 28. Fast 1200mV 0C Model Minimum Pulse Width Summary
 29. Fast 1200mV 0C Model Setup: 'KEY[0]'
 30. Fast 1200mV 0C Model Hold: 'KEY[0]'
 31. Fast 1200mV 0C Model Metastability Summary
 32. Multicorner Timing Analysis Summary
 33. Board Trace Model Assignments
 34. Input Transition Times
 35. Signal Integrity Metrics (Slow 1200mv 0c Model)
 36. Signal Integrity Metrics (Slow 1200mv 85c Model)
 37. Signal Integrity Metrics (Fast 1200mv 0c Model)
 38. Setup Transfers
 39. Hold Transfers
 40. Report TCCS
 41. Report RSKM
 42. Unconstrained Paths Summary
 43. Clock Status Summary
 44. Unconstrained Input Ports
 45. Unconstrained Output Ports
 46. Unconstrained Input Ports
 47. Unconstrained Output Ports
 48. Timing Analyzer Messages



----------------
; Legal Notice ;
----------------
Copyright (C) 2025  Altera Corporation. All rights reserved.
Your use of Altera Corporation's design tools, logic functions 
and other software and tools, and any partner logic 
functions, and any output files from any of the foregoing 
(including device programming or simulation files), and any 
associated documentation or information are expressly subject 
to the terms and conditions of the Altera Program License 
Subscription Agreement, the Altera Quartus Prime License Agreement,
the Altera IP License Agreement, or other applicable license
agreement, including, without limitation, that your use is for
the sole purpose of programming logic devices manufactured by
Altera and sold by Altera or its authorized distributors.  Please
refer to the Altera Software License Subscription Agreements 
on the Quartus Prime software download page.



+---------------------------------------------------------------------------------+
; Timing Analyzer Summary                                                         ;
+-----------------------+---------------------------------------------------------+
; Quartus Prime Version ; Version 25.1std.0 Build 1129 10/21/2025 SC Lite Edition ;
; Timing Analyzer       ; Legacy Timing Analyzer                                  ;
; Revision Name         ; CPU                                                     ;
; Device Family         ; Cyclone IV E                                            ;
; Device Name           ; EP4CE115F29C7                                           ;
; Timing Models         ; Final                                                   ;
; Delay Model           ; Combined                                                ;
; Rise/Fall Delays      ; Enabled                                                 ;
+-----------------------+---------------------------------------------------------+


+------------------------------------------+
; Parallel Compilation                     ;
+----------------------------+-------------+
; Processors                 ; Number      ;
+----------------------------+-------------+
; Number detected on machine ; 16          ;
; Maximum allowed            ; 10          ;
;                            ;             ;
; Average used               ; 2.10        ;
; Maximum used               ; 10          ;
;                            ;             ;
; Usage by Processor         ; % Time Used ;
;     Processor 1            ; 100.0%      ;
;     Processor 2            ;  37.4%      ;
;     Processor 3            ;  36.0%      ;
;     Processor 4            ;  34.7%      ;
;     Processors 5-10        ;   0.3%      ;
+----------------------------+-------------+


+------------------------------------------------------------------------------------------------------------------------------------------------------------------------------------+
; Clocks                                                                                                                                                                             ;
+------------+------+--------+------------+-------+-------+------------+-----------+-------------+-------+--------+-----------+------------+----------+--------+--------+------------+
; Clock Name ; Type ; Period ; Frequency  ; Rise  ; Fall  ; Duty Cycle ; Divide by ; Multiply by ; Phase ; Offset ; Edge List ; Edge Shift ; Inverted ; Master ; Source ; Targets    ;
+------------+------+--------+------------+-------+-------+------------+-----------+-------------+-------+--------+-----------+------------+----------+--------+--------+------------+
; KEY[0]     ; Base ; 1.000  ; 1000.0 MHz ; 0.000 ; 0.500 ;            ;           ;             ;       ;        ;           ;            ;          ;        ;        ; { KEY[0] } ;
+------------+------+--------+------------+-------+-------+------------+-----------+-------------+-------+--------+-----------+------------+----------+--------+--------+------------+


+-------------------------------------------------+
; Slow 1200mV 85C Model Fmax Summary              ;
+-----------+-----------------+------------+------+
; Fmax      ; Restricted Fmax ; Clock Name ; Note ;
+-----------+-----------------+------------+------+
; 44.96 MHz ; 44.96 MHz       ; KEY[0]     ;      ;
+-----------+-----------------+------------+------+
This panel reports FMAX for every clock in the design, regardless of the user-specified clock periods.  FMAX is only computed for paths where the source and destination registers or ports are driven by the same clock.  Paths of different clocks, including generated clocks, are ignored.  For paths between a clock and its inversion, FMAX is computed as if the rising and falling edges are scaled along with FMAX, such that the duty cycle (in terms of a percentage) is maintained. Altera recommends that you always use clock constraints and other slack reports for sign-off analysis.


----------------------------------
; Timing Closure Recommendations ;
----------------------------------
HTML report is unavailable in plain text report export.


+-------------------------------------+
; Slow 1200mV 85C Model Setup Summary ;
+--------+---------+------------------+
; Clock  ; Slack   ; End Point TNS    ;
+--------+---------+------------------+
; KEY[0] ; -21.244 ; -453.254         ;
+--------+---------+------------------+


+------------------------------------+
; Slow 1200mV 85C Model Hold Summary ;
+--------+-------+-------------------+
; Clock  ; Slack ; End Point TNS     ;
+--------+-------+-------------------+
; KEY[0] ; 3.076 ; 0.000             ;
+--------+-------+-------------------+


------------------------------------------
; Slow 1200mV 85C Model Recovery Summary ;
------------------------------------------
No paths to report.


-----------------------------------------
; Slow 1200mV 85C Model Removal Summary ;
-----------------------------------------
No paths to report.


+---------------------------------------------------+
; Slow 1200mV 85C Model Minimum Pulse Width Summary ;
+--------+--------+---------------------------------+
; Clock  ; Slack  ; End Point TNS                   ;
+--------+--------+---------------------------------+
; KEY[0] ; -3.000 ; -44.120                         ;
+--------+--------+---------------------------------+


+-----------------------------------------------------------------------------------------------------+
; Slow 1200mV 85C Model Setup: 'KEY[0]'                                                               ;
+---------+-----------+---------+--------------+-------------+--------------+------------+------------+
; Slack   ; From Node ; To Node ; Launch Clock ; Latch Clock ; Relationship ; Clock Skew ; Data Delay ;
+---------+-----------+---------+--------------+-------------+--------------+------------+------------+
; -21.244 ; R2[7]     ; R0[0]   ; KEY[0]       ; KEY[0]      ; 1.000        ; 0.180      ; 22.442     ;
; -21.227 ; R2[7]     ; R3[0]   ; KEY[0]       ; KEY[0]      ; 1.000        ; 0.206      ; 22.451     ;
; -21.192 ; R2[7]     ; R2[0]   ; KEY[0]       ; KEY[0]      ; 1.000        ; 0.231      ; 22.441     ;
; -21.176 ; R2[7]     ; R1[0]   ; KEY[0]       ; KEY[0]      ; 1.000        ; 0.257      ; 22.451     ;
; -21.080 ; R1[1]     ; R0[0]   ; KEY[0]       ; KEY[0]      ; 1.000        ; 0.133      ; 22.231     ;
; -21.063 ; R1[1]     ; R3[0]   ; KEY[0]       ; KEY[0]      ; 1.000        ; 0.159      ; 22.240     ;
; -21.061 ; R2[0]     ; R0[0]   ; KEY[0]       ; KEY[0]      ; 1.000        ; -0.110     ; 21.969     ;
; -21.060 ; R0[7]     ; R0[0]   ; KEY[0]       ; KEY[0]      ; 1.000        ; 0.225      ; 22.303     ;
; -21.056 ; R2[0]     ; R3[0]   ; KEY[0]       ; KEY[0]      ; 1.000        ; -0.096     ; 21.978     ;
; -21.043 ; R0[7]     ; R3[0]   ; KEY[0]       ; KEY[0]      ; 1.000        ; 0.251      ; 22.312     ;
; -21.028 ; R1[1]     ; R2[0]   ; KEY[0]       ; KEY[0]      ; 1.000        ; 0.184      ; 22.230     ;
; -21.012 ; R1[1]     ; R1[0]   ; KEY[0]       ; KEY[0]      ; 1.000        ; 0.210      ; 22.240     ;
; -21.008 ; R0[7]     ; R2[0]   ; KEY[0]       ; KEY[0]      ; 1.000        ; 0.276      ; 22.302     ;
; -21.005 ; R2[0]     ; R1[0]   ; KEY[0]       ; KEY[0]      ; 1.000        ; -0.045     ; 21.978     ;
; -21.002 ; R2[0]     ; R2[0]   ; KEY[0]       ; KEY[0]      ; 1.000        ; -0.052     ; 21.968     ;
; -20.992 ; R0[7]     ; R1[0]   ; KEY[0]       ; KEY[0]      ; 1.000        ; 0.302      ; 22.312     ;
; -20.964 ; R0[1]     ; R3[0]   ; KEY[0]       ; KEY[0]      ; 1.000        ; -0.042     ; 21.940     ;
; -20.962 ; R0[1]     ; R0[0]   ; KEY[0]       ; KEY[0]      ; 1.000        ; -0.049     ; 21.931     ;
; -20.917 ; R0[1]     ; R2[0]   ; KEY[0]       ; KEY[0]      ; 1.000        ; -0.005     ; 21.930     ;
; -20.913 ; R0[1]     ; R1[0]   ; KEY[0]       ; KEY[0]      ; 1.000        ; 0.009      ; 21.940     ;
; -20.840 ; R0[0]     ; R3[0]   ; KEY[0]       ; KEY[0]      ; 1.000        ; -0.042     ; 21.816     ;
; -20.838 ; R0[0]     ; R0[0]   ; KEY[0]       ; KEY[0]      ; 1.000        ; -0.049     ; 21.807     ;
; -20.804 ; R1[0]     ; R0[0]   ; KEY[0]       ; KEY[0]      ; 1.000        ; -0.149     ; 21.673     ;
; -20.793 ; R0[0]     ; R2[0]   ; KEY[0]       ; KEY[0]      ; 1.000        ; -0.005     ; 21.806     ;
; -20.789 ; R0[0]     ; R1[0]   ; KEY[0]       ; KEY[0]      ; 1.000        ; 0.009      ; 21.816     ;
; -20.776 ; R1[0]     ; R3[0]   ; KEY[0]       ; KEY[0]      ; 1.000        ; -0.112     ; 21.682     ;
; -20.752 ; R1[0]     ; R2[0]   ; KEY[0]       ; KEY[0]      ; 1.000        ; -0.098     ; 21.672     ;
; -20.736 ; R1[7]     ; R0[0]   ; KEY[0]       ; KEY[0]      ; 1.000        ; -0.149     ; 21.605     ;
; -20.734 ; R3[1]     ; R0[0]   ; KEY[0]       ; KEY[0]      ; 1.000        ; 0.179      ; 21.931     ;
; -20.717 ; R3[1]     ; R3[0]   ; KEY[0]       ; KEY[0]      ; 1.000        ; 0.205      ; 21.940     ;
; -20.716 ; R1[0]     ; R1[0]   ; KEY[0]       ; KEY[0]      ; 1.000        ; -0.052     ; 21.682     ;
; -20.711 ; R2[1]     ; R0[0]   ; KEY[0]       ; KEY[0]      ; 1.000        ; -0.110     ; 21.619     ;
; -20.708 ; R1[7]     ; R3[0]   ; KEY[0]       ; KEY[0]      ; 1.000        ; -0.112     ; 21.614     ;
; -20.706 ; R2[1]     ; R3[0]   ; KEY[0]       ; KEY[0]      ; 1.000        ; -0.096     ; 21.628     ;
; -20.684 ; R1[7]     ; R2[0]   ; KEY[0]       ; KEY[0]      ; 1.000        ; -0.098     ; 21.604     ;
; -20.682 ; R3[1]     ; R2[0]   ; KEY[0]       ; KEY[0]      ; 1.000        ; 0.230      ; 21.930     ;
; -20.666 ; R3[1]     ; R1[0]   ; KEY[0]       ; KEY[0]      ; 1.000        ; 0.256      ; 21.940     ;
; -20.655 ; R2[1]     ; R1[0]   ; KEY[0]       ; KEY[0]      ; 1.000        ; -0.045     ; 21.628     ;
; -20.652 ; R2[1]     ; R2[0]   ; KEY[0]       ; KEY[0]      ; 1.000        ; -0.052     ; 21.618     ;
; -20.648 ; R1[7]     ; R1[0]   ; KEY[0]       ; KEY[0]      ; 1.000        ; -0.052     ; 21.614     ;
; -20.446 ; R2[6]     ; R0[0]   ; KEY[0]       ; KEY[0]      ; 1.000        ; 0.138      ; 21.602     ;
; -20.429 ; R2[6]     ; R3[0]   ; KEY[0]       ; KEY[0]      ; 1.000        ; 0.164      ; 21.611     ;
; -20.394 ; R2[6]     ; R2[0]   ; KEY[0]       ; KEY[0]      ; 1.000        ; 0.189      ; 21.601     ;
; -20.378 ; R2[6]     ; R1[0]   ; KEY[0]       ; KEY[0]      ; 1.000        ; 0.215      ; 21.611     ;
; -20.364 ; R2[2]     ; R0[0]   ; KEY[0]       ; KEY[0]      ; 1.000        ; 0.168      ; 21.550     ;
; -20.359 ; R1[3]     ; R0[0]   ; KEY[0]       ; KEY[0]      ; 1.000        ; 0.218      ; 21.595     ;
; -20.347 ; R2[2]     ; R3[0]   ; KEY[0]       ; KEY[0]      ; 1.000        ; 0.194      ; 21.559     ;
; -20.342 ; R1[3]     ; R3[0]   ; KEY[0]       ; KEY[0]      ; 1.000        ; 0.244      ; 21.604     ;
; -20.328 ; R3[0]     ; R0[0]   ; KEY[0]       ; KEY[0]      ; 1.000        ; -0.095     ; 21.251     ;
; -20.312 ; R2[2]     ; R2[0]   ; KEY[0]       ; KEY[0]      ; 1.000        ; 0.219      ; 21.549     ;
; -20.307 ; R1[3]     ; R2[0]   ; KEY[0]       ; KEY[0]      ; 1.000        ; 0.269      ; 21.594     ;
; -20.296 ; R2[2]     ; R1[0]   ; KEY[0]       ; KEY[0]      ; 1.000        ; 0.245      ; 21.559     ;
; -20.291 ; R1[3]     ; R1[0]   ; KEY[0]       ; KEY[0]      ; 1.000        ; 0.295      ; 21.604     ;
; -20.291 ; R3[0]     ; R3[0]   ; KEY[0]       ; KEY[0]      ; 1.000        ; -0.049     ; 21.260     ;
; -20.291 ; R3[7]     ; R0[0]   ; KEY[0]       ; KEY[0]      ; 1.000        ; -0.095     ; 21.214     ;
; -20.276 ; R3[0]     ; R2[0]   ; KEY[0]       ; KEY[0]      ; 1.000        ; -0.044     ; 21.250     ;
; -20.254 ; R3[7]     ; R3[0]   ; KEY[0]       ; KEY[0]      ; 1.000        ; -0.049     ; 21.223     ;
; -20.249 ; R3[2]     ; R0[0]   ; KEY[0]       ; KEY[0]      ; 1.000        ; 0.221      ; 21.488     ;
; -20.249 ; R3[0]     ; R1[0]   ; KEY[0]       ; KEY[0]      ; 1.000        ; -0.007     ; 21.260     ;
; -20.239 ; R3[7]     ; R2[0]   ; KEY[0]       ; KEY[0]      ; 1.000        ; -0.044     ; 21.213     ;
; -20.232 ; R3[2]     ; R3[0]   ; KEY[0]       ; KEY[0]      ; 1.000        ; 0.247      ; 21.497     ;
; -20.212 ; R3[7]     ; R1[0]   ; KEY[0]       ; KEY[0]      ; 1.000        ; -0.007     ; 21.223     ;
; -20.197 ; R3[2]     ; R2[0]   ; KEY[0]       ; KEY[0]      ; 1.000        ; 0.272      ; 21.487     ;
; -20.181 ; R3[2]     ; R1[0]   ; KEY[0]       ; KEY[0]      ; 1.000        ; 0.298      ; 21.497     ;
; -20.111 ; R0[2]     ; R0[0]   ; KEY[0]       ; KEY[0]      ; 1.000        ; 0.220      ; 21.349     ;
; -20.094 ; R0[2]     ; R3[0]   ; KEY[0]       ; KEY[0]      ; 1.000        ; 0.246      ; 21.358     ;
; -20.059 ; R0[2]     ; R2[0]   ; KEY[0]       ; KEY[0]      ; 1.000        ; 0.271      ; 21.348     ;
; -20.055 ; R3[3]     ; R0[0]   ; KEY[0]       ; KEY[0]      ; 1.000        ; 0.258      ; 21.331     ;
; -20.043 ; R0[2]     ; R1[0]   ; KEY[0]       ; KEY[0]      ; 1.000        ; 0.297      ; 21.358     ;
; -20.038 ; R3[3]     ; R3[0]   ; KEY[0]       ; KEY[0]      ; 1.000        ; 0.284      ; 21.340     ;
; -20.003 ; R3[3]     ; R2[0]   ; KEY[0]       ; KEY[0]      ; 1.000        ; 0.309      ; 21.330     ;
; -20.003 ; R3[6]     ; R0[0]   ; KEY[0]       ; KEY[0]      ; 1.000        ; 0.098      ; 21.119     ;
; -19.987 ; R3[3]     ; R1[0]   ; KEY[0]       ; KEY[0]      ; 1.000        ; 0.335      ; 21.340     ;
; -19.986 ; R3[6]     ; R3[0]   ; KEY[0]       ; KEY[0]      ; 1.000        ; 0.124      ; 21.128     ;
; -19.951 ; R3[6]     ; R2[0]   ; KEY[0]       ; KEY[0]      ; 1.000        ; 0.149      ; 21.118     ;
; -19.950 ; R2[3]     ; R0[0]   ; KEY[0]       ; KEY[0]      ; 1.000        ; 0.180      ; 21.148     ;
; -19.935 ; R3[6]     ; R1[0]   ; KEY[0]       ; KEY[0]      ; 1.000        ; 0.175      ; 21.128     ;
; -19.933 ; R2[3]     ; R3[0]   ; KEY[0]       ; KEY[0]      ; 1.000        ; 0.206      ; 21.157     ;
; -19.898 ; R2[3]     ; R2[0]   ; KEY[0]       ; KEY[0]      ; 1.000        ; 0.231      ; 21.147     ;
; -19.895 ; R0[6]     ; R0[0]   ; KEY[0]       ; KEY[0]      ; 1.000        ; 0.220      ; 21.133     ;
; -19.892 ; R1[5]     ; R0[0]   ; KEY[0]       ; KEY[0]      ; 1.000        ; 0.133      ; 21.043     ;
; -19.882 ; R2[3]     ; R1[0]   ; KEY[0]       ; KEY[0]      ; 1.000        ; 0.257      ; 21.157     ;
; -19.880 ; R2[4]     ; R0[0]   ; KEY[0]       ; KEY[0]      ; 1.000        ; 0.168      ; 21.066     ;
; -19.878 ; R0[6]     ; R3[0]   ; KEY[0]       ; KEY[0]      ; 1.000        ; 0.246      ; 21.142     ;
; -19.875 ; R1[5]     ; R3[0]   ; KEY[0]       ; KEY[0]      ; 1.000        ; 0.159      ; 21.052     ;
; -19.866 ; R0[3]     ; R0[0]   ; KEY[0]       ; KEY[0]      ; 1.000        ; 0.225      ; 21.109     ;
; -19.863 ; R2[4]     ; R3[0]   ; KEY[0]       ; KEY[0]      ; 1.000        ; 0.194      ; 21.075     ;
; -19.849 ; R0[3]     ; R3[0]   ; KEY[0]       ; KEY[0]      ; 1.000        ; 0.251      ; 21.118     ;
; -19.843 ; R0[6]     ; R2[0]   ; KEY[0]       ; KEY[0]      ; 1.000        ; 0.271      ; 21.132     ;
; -19.840 ; R1[5]     ; R2[0]   ; KEY[0]       ; KEY[0]      ; 1.000        ; 0.184      ; 21.042     ;
; -19.828 ; R2[4]     ; R2[0]   ; KEY[0]       ; KEY[0]      ; 1.000        ; 0.219      ; 21.065     ;
; -19.827 ; R0[6]     ; R1[0]   ; KEY[0]       ; KEY[0]      ; 1.000        ; 0.297      ; 21.142     ;
; -19.824 ; R1[5]     ; R1[0]   ; KEY[0]       ; KEY[0]      ; 1.000        ; 0.210      ; 21.052     ;
; -19.814 ; R0[3]     ; R2[0]   ; KEY[0]       ; KEY[0]      ; 1.000        ; 0.276      ; 21.108     ;
; -19.812 ; R2[4]     ; R1[0]   ; KEY[0]       ; KEY[0]      ; 1.000        ; 0.245      ; 21.075     ;
; -19.798 ; R0[3]     ; R1[0]   ; KEY[0]       ; KEY[0]      ; 1.000        ; 0.302      ; 21.118     ;
; -19.791 ; R1[2]     ; R0[0]   ; KEY[0]       ; KEY[0]      ; 1.000        ; 0.174      ; 20.983     ;
; -19.774 ; R1[2]     ; R3[0]   ; KEY[0]       ; KEY[0]      ; 1.000        ; 0.200      ; 20.992     ;
; -19.744 ; R3[4]     ; R0[0]   ; KEY[0]       ; KEY[0]      ; 1.000        ; 0.221      ; 20.983     ;
; -19.739 ; R1[2]     ; R2[0]   ; KEY[0]       ; KEY[0]      ; 1.000        ; 0.225      ; 20.982     ;
+---------+-----------+---------+--------------+-------------+--------------+------------+------------+


+---------------------------------------------------------------------------------------------------+
; Slow 1200mV 85C Model Hold: 'KEY[0]'                                                              ;
+-------+-----------+---------+--------------+-------------+--------------+------------+------------+
; Slack ; From Node ; To Node ; Launch Clock ; Latch Clock ; Relationship ; Clock Skew ; Data Delay ;
+-------+-----------+---------+--------------+-------------+--------------+------------+------------+
; 3.076 ; R2[7]     ; R1[0]   ; KEY[0]       ; KEY[0]      ; 0.000        ; 0.489      ; 3.751      ;
; 3.093 ; R2[7]     ; R2[0]   ; KEY[0]       ; KEY[0]      ; 0.000        ; 0.462      ; 3.741      ;
; 3.130 ; R2[7]     ; R3[0]   ; KEY[0]       ; KEY[0]      ; 0.000        ; 0.435      ; 3.751      ;
; 3.148 ; R2[7]     ; R0[0]   ; KEY[0]       ; KEY[0]      ; 0.000        ; 0.408      ; 3.742      ;
; 3.193 ; R3[0]     ; R1[0]   ; KEY[0]       ; KEY[0]      ; 0.000        ; 0.112      ; 3.491      ;
; 3.194 ; R3[0]     ; R2[0]   ; KEY[0]       ; KEY[0]      ; 0.000        ; 0.096      ; 3.476      ;
; 3.248 ; R3[0]     ; R0[0]   ; KEY[0]       ; KEY[0]      ; 0.000        ; 0.042      ; 3.476      ;
; 3.257 ; R3[0]     ; R3[0]   ; KEY[0]       ; KEY[0]      ; 0.000        ; 0.049      ; 3.492      ;
; 3.304 ; R2[7]     ; R1[1]   ; KEY[0]       ; KEY[0]      ; 0.000        ; 0.193      ; 3.683      ;
; 3.350 ; R2[7]     ; R3[1]   ; KEY[0]       ; KEY[0]      ; 0.000        ; 0.147      ; 3.683      ;
; 3.410 ; R2[7]     ; R1[3]   ; KEY[0]       ; KEY[0]      ; 0.000        ; 0.092      ; 3.688      ;
; 3.419 ; R2[5]     ; R1[0]   ; KEY[0]       ; KEY[0]      ; 0.000        ; 0.489      ; 4.094      ;
; 3.431 ; R2[5]     ; R2[0]   ; KEY[0]       ; KEY[0]      ; 0.000        ; 0.462      ; 4.079      ;
; 3.447 ; R1[4]     ; R1[0]   ; KEY[0]       ; KEY[0]      ; 0.000        ; 0.484      ; 4.117      ;
; 3.451 ; R2[7]     ; R3[3]   ; KEY[0]       ; KEY[0]      ; 0.000        ; 0.052      ; 3.689      ;
; 3.464 ; R1[4]     ; R2[0]   ; KEY[0]       ; KEY[0]      ; 0.000        ; 0.457      ; 4.107      ;
; 3.474 ; R2[5]     ; R3[0]   ; KEY[0]       ; KEY[0]      ; 0.000        ; 0.435      ; 4.095      ;
; 3.485 ; R2[5]     ; R0[0]   ; KEY[0]       ; KEY[0]      ; 0.000        ; 0.408      ; 4.079      ;
; 3.501 ; R1[4]     ; R3[0]   ; KEY[0]       ; KEY[0]      ; 0.000        ; 0.430      ; 4.117      ;
; 3.519 ; R1[4]     ; R0[0]   ; KEY[0]       ; KEY[0]      ; 0.000        ; 0.403      ; 4.108      ;
; 3.530 ; R2[7]     ; R2[1]   ; KEY[0]       ; KEY[0]      ; 0.000        ; 0.462      ; 4.178      ;
; 3.533 ; R1[0]     ; R2[0]   ; KEY[0]       ; KEY[0]      ; 0.000        ; 0.045      ; 3.764      ;
; 3.538 ; R2[7]     ; R2[4]   ; KEY[0]       ; KEY[0]      ; 0.000        ; 0.142      ; 3.866      ;
; 3.541 ; R1[0]     ; R1[0]   ; KEY[0]       ; KEY[0]      ; 0.000        ; 0.052      ; 3.779      ;
; 3.583 ; R2[7]     ; R0[1]   ; KEY[0]       ; KEY[0]      ; 0.000        ; 0.408      ; 4.177      ;
; 3.587 ; R1[0]     ; R0[0]   ; KEY[0]       ; KEY[0]      ; 0.000        ; -0.009     ; 3.764      ;
; 3.587 ; R1[0]     ; R3[0]   ; KEY[0]       ; KEY[0]      ; 0.000        ; 0.007      ; 3.780      ;
; 3.587 ; R1[6]     ; R1[0]   ; KEY[0]       ; KEY[0]      ; 0.000        ; 0.484      ; 4.257      ;
; 3.591 ; R2[7]     ; R3[4]   ; KEY[0]       ; KEY[0]      ; 0.000        ; 0.089      ; 3.866      ;
; 3.599 ; R1[6]     ; R2[0]   ; KEY[0]       ; KEY[0]      ; 0.000        ; 0.457      ; 4.242      ;
; 3.642 ; R1[6]     ; R3[0]   ; KEY[0]       ; KEY[0]      ; 0.000        ; 0.430      ; 4.258      ;
; 3.653 ; R1[6]     ; R0[0]   ; KEY[0]       ; KEY[0]      ; 0.000        ; 0.403      ; 4.242      ;
; 3.656 ; R2[7]     ; R2[2]   ; KEY[0]       ; KEY[0]      ; 0.000        ; 0.142      ; 3.984      ;
; 3.658 ; R2[7]     ; R3[2]   ; KEY[0]       ; KEY[0]      ; 0.000        ; 0.089      ; 3.933      ;
; 3.681 ; R0[0]     ; R1[0]   ; KEY[0]       ; KEY[0]      ; 0.000        ; 0.149      ; 4.016      ;
; 3.696 ; R2[2]     ; R3[2]   ; KEY[0]       ; KEY[0]      ; 0.000        ; 0.005      ; 3.887      ;
; 3.701 ; R1[6]     ; R1[1]   ; KEY[0]       ; KEY[0]      ; 0.000        ; 0.188      ; 4.075      ;
; 3.702 ; R2[2]     ; R2[2]   ; KEY[0]       ; KEY[0]      ; 0.000        ; 0.050      ; 3.938      ;
; 3.703 ; R0[3]     ; R1[0]   ; KEY[0]       ; KEY[0]      ; 0.000        ; 0.533      ; 4.422      ;
; 3.705 ; R0[0]     ; R2[0]   ; KEY[0]       ; KEY[0]      ; 0.000        ; 0.110      ; 4.001      ;
; 3.706 ; R3[5]     ; R1[0]   ; KEY[0]       ; KEY[0]      ; 0.000        ; 0.395      ; 4.287      ;
; 3.710 ; R2[5]     ; R1[7]   ; KEY[0]       ; KEY[0]      ; 0.000        ; 0.489      ; 4.385      ;
; 3.718 ; R3[5]     ; R2[0]   ; KEY[0]       ; KEY[0]      ; 0.000        ; 0.368      ; 4.272      ;
; 3.720 ; R0[3]     ; R2[0]   ; KEY[0]       ; KEY[0]      ; 0.000        ; 0.506      ; 4.412      ;
; 3.728 ; R2[3]     ; R1[0]   ; KEY[0]       ; KEY[0]      ; 0.000        ; 0.489      ; 4.403      ;
; 3.735 ; R3[2]     ; R2[2]   ; KEY[0]       ; KEY[0]      ; 0.000        ; 0.110      ; 4.031      ;
; 3.736 ; R0[0]     ; R3[0]   ; KEY[0]       ; KEY[0]      ; 0.000        ; 0.095      ; 4.017      ;
; 3.740 ; R2[3]     ; R2[0]   ; KEY[0]       ; KEY[0]      ; 0.000        ; 0.462      ; 4.388      ;
; 3.745 ; R3[2]     ; R3[2]   ; KEY[0]       ; KEY[0]      ; 0.000        ; 0.049      ; 3.980      ;
; 3.745 ; R0[4]     ; R1[0]   ; KEY[0]       ; KEY[0]      ; 0.000        ; 0.528      ; 4.459      ;
; 3.747 ; R1[6]     ; R3[1]   ; KEY[0]       ; KEY[0]      ; 0.000        ; 0.142      ; 4.075      ;
; 3.749 ; R1[4]     ; R1[7]   ; KEY[0]       ; KEY[0]      ; 0.000        ; 0.484      ; 4.419      ;
; 3.750 ; R1[2]     ; R1[7]   ; KEY[0]       ; KEY[0]      ; 0.000        ; 0.484      ; 4.420      ;
; 3.752 ; R2[7]     ; R1[7]   ; KEY[0]       ; KEY[0]      ; 0.000        ; 0.489      ; 4.427      ;
; 3.757 ; R0[3]     ; R3[0]   ; KEY[0]       ; KEY[0]      ; 0.000        ; 0.479      ; 4.422      ;
; 3.761 ; R3[5]     ; R3[0]   ; KEY[0]       ; KEY[0]      ; 0.000        ; 0.341      ; 4.288      ;
; 3.762 ; R0[4]     ; R2[0]   ; KEY[0]       ; KEY[0]      ; 0.000        ; 0.501      ; 4.449      ;
; 3.763 ; R2[5]     ; R3[7]   ; KEY[0]       ; KEY[0]      ; 0.000        ; 0.435      ; 4.384      ;
; 3.766 ; R0[0]     ; R0[0]   ; KEY[0]       ; KEY[0]      ; 0.000        ; 0.049      ; 4.001      ;
; 3.771 ; R0[3]     ; R1[1]   ; KEY[0]       ; KEY[0]      ; 0.000        ; 0.237      ; 4.194      ;
; 3.772 ; R3[5]     ; R0[0]   ; KEY[0]       ; KEY[0]      ; 0.000        ; 0.314      ; 4.272      ;
; 3.775 ; R1[3]     ; R1[3]   ; KEY[0]       ; KEY[0]      ; 0.000        ; 0.059      ; 4.020      ;
; 3.775 ; R0[3]     ; R0[0]   ; KEY[0]       ; KEY[0]      ; 0.000        ; 0.452      ; 4.413      ;
; 3.776 ; R3[4]     ; R2[4]   ; KEY[0]       ; KEY[0]      ; 0.000        ; 0.110      ; 4.072      ;
; 3.783 ; R2[3]     ; R3[0]   ; KEY[0]       ; KEY[0]      ; 0.000        ; 0.435      ; 4.404      ;
; 3.794 ; R2[3]     ; R0[0]   ; KEY[0]       ; KEY[0]      ; 0.000        ; 0.408      ; 4.388      ;
; 3.799 ; R0[4]     ; R3[0]   ; KEY[0]       ; KEY[0]      ; 0.000        ; 0.474      ; 4.459      ;
; 3.802 ; R1[4]     ; R3[7]   ; KEY[0]       ; KEY[0]      ; 0.000        ; 0.430      ; 4.418      ;
; 3.803 ; R2[5]     ; R0[7]   ; KEY[0]       ; KEY[0]      ; 0.000        ; 0.014      ; 4.003      ;
; 3.803 ; R1[2]     ; R3[7]   ; KEY[0]       ; KEY[0]      ; 0.000        ; 0.430      ; 4.419      ;
; 3.805 ; R2[7]     ; R3[7]   ; KEY[0]       ; KEY[0]      ; 0.000        ; 0.435      ; 4.426      ;
; 3.808 ; R2[5]     ; R2[7]   ; KEY[0]       ; KEY[0]      ; 0.000        ; 0.050      ; 4.044      ;
; 3.812 ; R1[1]     ; R1[1]   ; KEY[0]       ; KEY[0]      ; 0.000        ; 0.060      ; 4.058      ;
; 3.815 ; R2[3]     ; R1[1]   ; KEY[0]       ; KEY[0]      ; 0.000        ; 0.193      ; 4.194      ;
; 3.816 ; R1[3]     ; R3[3]   ; KEY[0]       ; KEY[0]      ; 0.000        ; 0.019      ; 4.021      ;
; 3.817 ; R0[3]     ; R3[1]   ; KEY[0]       ; KEY[0]      ; 0.000        ; 0.191      ; 4.194      ;
; 3.817 ; R0[4]     ; R0[0]   ; KEY[0]       ; KEY[0]      ; 0.000        ; 0.447      ; 4.450      ;
; 3.825 ; R0[3]     ; R1[3]   ; KEY[0]       ; KEY[0]      ; 0.000        ; 0.136      ; 4.147      ;
; 3.827 ; R1[4]     ; R2[7]   ; KEY[0]       ; KEY[0]      ; 0.000        ; 0.065      ; 4.078      ;
; 3.828 ; R1[2]     ; R2[7]   ; KEY[0]       ; KEY[0]      ; 0.000        ; 0.065      ; 4.079      ;
; 3.831 ; R1[4]     ; R0[7]   ; KEY[0]       ; KEY[0]      ; 0.000        ; 0.020      ; 4.037      ;
; 3.832 ; R1[2]     ; R0[7]   ; KEY[0]       ; KEY[0]      ; 0.000        ; 0.020      ; 4.038      ;
; 3.837 ; R3[4]     ; R3[4]   ; KEY[0]       ; KEY[0]      ; 0.000        ; 0.049      ; 4.072      ;
; 3.845 ; R2[7]     ; R0[7]   ; KEY[0]       ; KEY[0]      ; 0.000        ; 0.014      ; 4.045      ;
; 3.850 ; R2[7]     ; R2[7]   ; KEY[0]       ; KEY[0]      ; 0.000        ; 0.050      ; 4.086      ;
; 3.855 ; R2[0]     ; R1[0]   ; KEY[0]       ; KEY[0]      ; 0.000        ; 0.098      ; 4.139      ;
; 3.856 ; R1[6]     ; R2[4]   ; KEY[0]       ; KEY[0]      ; 0.000        ; 0.137      ; 4.179      ;
; 3.858 ; R1[1]     ; R3[1]   ; KEY[0]       ; KEY[0]      ; 0.000        ; 0.014      ; 4.058      ;
; 3.860 ; R2[3]     ; R1[3]   ; KEY[0]       ; KEY[0]      ; 0.000        ; 0.092      ; 4.138      ;
; 3.861 ; R2[2]     ; R1[3]   ; KEY[0]       ; KEY[0]      ; 0.000        ; 0.037      ; 4.084      ;
; 3.861 ; R2[3]     ; R3[1]   ; KEY[0]       ; KEY[0]      ; 0.000        ; 0.147      ; 4.194      ;
; 3.866 ; R0[3]     ; R3[3]   ; KEY[0]       ; KEY[0]      ; 0.000        ; 0.096      ; 4.148      ;
; 3.873 ; R2[2]     ; R1[2]   ; KEY[0]       ; KEY[0]      ; 0.000        ; 0.081      ; 4.140      ;
; 3.886 ; R2[0]     ; R2[0]   ; KEY[0]       ; KEY[0]      ; 0.000        ; 0.052      ; 4.124      ;
; 3.889 ; R2[5]     ; R1[1]   ; KEY[0]       ; KEY[0]      ; 0.000        ; 0.193      ; 4.268      ;
; 3.894 ; R1[2]     ; R1[0]   ; KEY[0]       ; KEY[0]      ; 0.000        ; 0.484      ; 4.564      ;
; 3.894 ; R3[1]     ; R1[1]   ; KEY[0]       ; KEY[0]      ; 0.000        ; 0.104      ; 4.184      ;
; 3.901 ; R2[3]     ; R3[3]   ; KEY[0]       ; KEY[0]      ; 0.000        ; 0.052      ; 4.139      ;
; 3.902 ; R3[2]     ; R1[3]   ; KEY[0]       ; KEY[0]      ; 0.000        ; 0.089      ; 4.177      ;
; 3.902 ; R2[2]     ; R3[3]   ; KEY[0]       ; KEY[0]      ; 0.000        ; -0.003     ; 4.085      ;
+-------+-----------+---------+--------------+-------------+--------------+------------+------------+


-----------------------------------------------
; Slow 1200mV 85C Model Metastability Summary ;
-----------------------------------------------
No synchronizer chains to report.


+------------------------------------------------+
; Slow 1200mV 0C Model Fmax Summary              ;
+----------+-----------------+------------+------+
; Fmax     ; Restricted Fmax ; Clock Name ; Note ;
+----------+-----------------+------------+------+
; 49.5 MHz ; 49.5 MHz        ; KEY[0]     ;      ;
+----------+-----------------+------------+------+
This panel reports FMAX for every clock in the design, regardless of the user-specified clock periods.  FMAX is only computed for paths where the source and destination registers or ports are driven by the same clock.  Paths of different clocks, including generated clocks, are ignored.  For paths between a clock and its inversion, FMAX is computed as if the rising and falling edges are scaled along with FMAX, such that the duty cycle (in terms of a percentage) is maintained. Altera recommends that you always use clock constraints and other slack reports for sign-off analysis.


+------------------------------------+
; Slow 1200mV 0C Model Setup Summary ;
+--------+---------+-----------------+
; Clock  ; Slack   ; End Point TNS   ;
+--------+---------+-----------------+
; KEY[0] ; -19.203 ; -409.318        ;
+--------+---------+-----------------+


+-----------------------------------+
; Slow 1200mV 0C Model Hold Summary ;
+--------+-------+------------------+
; Clock  ; Slack ; End Point TNS    ;
+--------+-------+------------------+
; KEY[0] ; 2.791 ; 0.000            ;
+--------+-------+------------------+


-----------------------------------------
; Slow 1200mV 0C Model Recovery Summary ;
-----------------------------------------
No paths to report.


----------------------------------------
; Slow 1200mV 0C Model Removal Summary ;
----------------------------------------
No paths to report.


+--------------------------------------------------+
; Slow 1200mV 0C Model Minimum Pulse Width Summary ;
+--------+--------+--------------------------------+
; Clock  ; Slack  ; End Point TNS                  ;
+--------+--------+--------------------------------+
; KEY[0] ; -3.000 ; -44.120                        ;
+--------+--------+--------------------------------+


+-----------------------------------------------------------------------------------------------------+
; Slow 1200mV 0C Model Setup: 'KEY[0]'                                                                ;
+---------+-----------+---------+--------------+-------------+--------------+------------+------------+
; Slack   ; From Node ; To Node ; Launch Clock ; Latch Clock ; Relationship ; Clock Skew ; Data Delay ;
+---------+-----------+---------+--------------+-------------+--------------+------------+------------+
; -19.203 ; R2[7]     ; R0[0]   ; KEY[0]       ; KEY[0]      ; 1.000        ; 0.165      ; 20.387     ;
; -19.188 ; R2[7]     ; R3[0]   ; KEY[0]       ; KEY[0]      ; 1.000        ; 0.188      ; 20.395     ;
; -19.158 ; R2[7]     ; R2[0]   ; KEY[0]       ; KEY[0]      ; 1.000        ; 0.210      ; 20.387     ;
; -19.143 ; R2[7]     ; R1[0]   ; KEY[0]       ; KEY[0]      ; 1.000        ; 0.233      ; 20.395     ;
; -19.068 ; R0[7]     ; R0[0]   ; KEY[0]       ; KEY[0]      ; 1.000        ; 0.203      ; 20.290     ;
; -19.053 ; R0[7]     ; R3[0]   ; KEY[0]       ; KEY[0]      ; 1.000        ; 0.226      ; 20.298     ;
; -19.048 ; R1[1]     ; R0[0]   ; KEY[0]       ; KEY[0]      ; 1.000        ; 0.119      ; 20.186     ;
; -19.033 ; R1[1]     ; R3[0]   ; KEY[0]       ; KEY[0]      ; 1.000        ; 0.142      ; 20.194     ;
; -19.023 ; R0[7]     ; R2[0]   ; KEY[0]       ; KEY[0]      ; 1.000        ; 0.248      ; 20.290     ;
; -19.021 ; R2[0]     ; R0[0]   ; KEY[0]       ; KEY[0]      ; 1.000        ; -0.098     ; 19.942     ;
; -19.017 ; R2[0]     ; R3[0]   ; KEY[0]       ; KEY[0]      ; 1.000        ; -0.086     ; 19.950     ;
; -19.008 ; R0[7]     ; R1[0]   ; KEY[0]       ; KEY[0]      ; 1.000        ; 0.271      ; 20.298     ;
; -19.003 ; R1[1]     ; R2[0]   ; KEY[0]       ; KEY[0]      ; 1.000        ; 0.164      ; 20.186     ;
; -18.988 ; R1[1]     ; R1[0]   ; KEY[0]       ; KEY[0]      ; 1.000        ; 0.187      ; 20.194     ;
; -18.972 ; R2[0]     ; R1[0]   ; KEY[0]       ; KEY[0]      ; 1.000        ; -0.041     ; 19.950     ;
; -18.969 ; R2[0]     ; R2[0]   ; KEY[0]       ; KEY[0]      ; 1.000        ; -0.046     ; 19.942     ;
; -18.950 ; R0[1]     ; R3[0]   ; KEY[0]       ; KEY[0]      ; 1.000        ; -0.039     ; 19.930     ;
; -18.947 ; R0[1]     ; R0[0]   ; KEY[0]       ; KEY[0]      ; 1.000        ; -0.044     ; 19.922     ;
; -18.909 ; R0[1]     ; R2[0]   ; KEY[0]       ; KEY[0]      ; 1.000        ; -0.006     ; 19.922     ;
; -18.905 ; R0[1]     ; R1[0]   ; KEY[0]       ; KEY[0]      ; 1.000        ; 0.006      ; 19.930     ;
; -18.824 ; R0[0]     ; R3[0]   ; KEY[0]       ; KEY[0]      ; 1.000        ; -0.039     ; 19.804     ;
; -18.821 ; R0[0]     ; R0[0]   ; KEY[0]       ; KEY[0]      ; 1.000        ; -0.044     ; 19.796     ;
; -18.783 ; R0[0]     ; R2[0]   ; KEY[0]       ; KEY[0]      ; 1.000        ; -0.006     ; 19.796     ;
; -18.779 ; R0[0]     ; R1[0]   ; KEY[0]       ; KEY[0]      ; 1.000        ; 0.006      ; 19.804     ;
; -18.770 ; R3[1]     ; R0[0]   ; KEY[0]       ; KEY[0]      ; 1.000        ; 0.159      ; 19.948     ;
; -18.755 ; R3[1]     ; R3[0]   ; KEY[0]       ; KEY[0]      ; 1.000        ; 0.182      ; 19.956     ;
; -18.748 ; R1[0]     ; R0[0]   ; KEY[0]       ; KEY[0]      ; 1.000        ; -0.133     ; 19.634     ;
; -18.729 ; R2[1]     ; R0[0]   ; KEY[0]       ; KEY[0]      ; 1.000        ; -0.098     ; 19.650     ;
; -18.725 ; R2[1]     ; R3[0]   ; KEY[0]       ; KEY[0]      ; 1.000        ; -0.086     ; 19.658     ;
; -18.725 ; R3[1]     ; R2[0]   ; KEY[0]       ; KEY[0]      ; 1.000        ; 0.204      ; 19.948     ;
; -18.723 ; R1[0]     ; R3[0]   ; KEY[0]       ; KEY[0]      ; 1.000        ; -0.100     ; 19.642     ;
; -18.710 ; R3[1]     ; R1[0]   ; KEY[0]       ; KEY[0]      ; 1.000        ; 0.227      ; 19.956     ;
; -18.703 ; R1[0]     ; R2[0]   ; KEY[0]       ; KEY[0]      ; 1.000        ; -0.088     ; 19.634     ;
; -18.689 ; R1[7]     ; R0[0]   ; KEY[0]       ; KEY[0]      ; 1.000        ; -0.133     ; 19.575     ;
; -18.680 ; R2[1]     ; R1[0]   ; KEY[0]       ; KEY[0]      ; 1.000        ; -0.041     ; 19.658     ;
; -18.677 ; R2[1]     ; R2[0]   ; KEY[0]       ; KEY[0]      ; 1.000        ; -0.046     ; 19.650     ;
; -18.670 ; R1[0]     ; R1[0]   ; KEY[0]       ; KEY[0]      ; 1.000        ; -0.047     ; 19.642     ;
; -18.664 ; R1[7]     ; R3[0]   ; KEY[0]       ; KEY[0]      ; 1.000        ; -0.100     ; 19.583     ;
; -18.644 ; R1[7]     ; R2[0]   ; KEY[0]       ; KEY[0]      ; 1.000        ; -0.088     ; 19.575     ;
; -18.611 ; R1[7]     ; R1[0]   ; KEY[0]       ; KEY[0]      ; 1.000        ; -0.047     ; 19.583     ;
; -18.468 ; R2[6]     ; R0[0]   ; KEY[0]       ; KEY[0]      ; 1.000        ; 0.123      ; 19.610     ;
; -18.453 ; R2[6]     ; R3[0]   ; KEY[0]       ; KEY[0]      ; 1.000        ; 0.146      ; 19.618     ;
; -18.423 ; R2[6]     ; R2[0]   ; KEY[0]       ; KEY[0]      ; 1.000        ; 0.168      ; 19.610     ;
; -18.408 ; R2[6]     ; R1[0]   ; KEY[0]       ; KEY[0]      ; 1.000        ; 0.191      ; 19.618     ;
; -18.403 ; R1[3]     ; R0[0]   ; KEY[0]       ; KEY[0]      ; 1.000        ; 0.197      ; 19.619     ;
; -18.402 ; R2[2]     ; R0[0]   ; KEY[0]       ; KEY[0]      ; 1.000        ; 0.152      ; 19.573     ;
; -18.388 ; R1[3]     ; R3[0]   ; KEY[0]       ; KEY[0]      ; 1.000        ; 0.220      ; 19.627     ;
; -18.387 ; R2[2]     ; R3[0]   ; KEY[0]       ; KEY[0]      ; 1.000        ; 0.175      ; 19.581     ;
; -18.358 ; R1[3]     ; R2[0]   ; KEY[0]       ; KEY[0]      ; 1.000        ; 0.242      ; 19.619     ;
; -18.357 ; R2[2]     ; R2[0]   ; KEY[0]       ; KEY[0]      ; 1.000        ; 0.197      ; 19.573     ;
; -18.352 ; R3[0]     ; R0[0]   ; KEY[0]       ; KEY[0]      ; 1.000        ; -0.085     ; 19.286     ;
; -18.343 ; R1[3]     ; R1[0]   ; KEY[0]       ; KEY[0]      ; 1.000        ; 0.265      ; 19.627     ;
; -18.342 ; R2[2]     ; R1[0]   ; KEY[0]       ; KEY[0]      ; 1.000        ; 0.220      ; 19.581     ;
; -18.323 ; R3[7]     ; R0[0]   ; KEY[0]       ; KEY[0]      ; 1.000        ; -0.085     ; 19.257     ;
; -18.319 ; R3[0]     ; R3[0]   ; KEY[0]       ; KEY[0]      ; 1.000        ; -0.044     ; 19.294     ;
; -18.307 ; R3[0]     ; R2[0]   ; KEY[0]       ; KEY[0]      ; 1.000        ; -0.040     ; 19.286     ;
; -18.290 ; R3[7]     ; R3[0]   ; KEY[0]       ; KEY[0]      ; 1.000        ; -0.044     ; 19.265     ;
; -18.282 ; R3[0]     ; R1[0]   ; KEY[0]       ; KEY[0]      ; 1.000        ; -0.007     ; 19.294     ;
; -18.278 ; R3[7]     ; R2[0]   ; KEY[0]       ; KEY[0]      ; 1.000        ; -0.040     ; 19.257     ;
; -18.253 ; R3[7]     ; R1[0]   ; KEY[0]       ; KEY[0]      ; 1.000        ; -0.007     ; 19.265     ;
; -18.246 ; R3[2]     ; R0[0]   ; KEY[0]       ; KEY[0]      ; 1.000        ; 0.199      ; 19.464     ;
; -18.231 ; R3[2]     ; R3[0]   ; KEY[0]       ; KEY[0]      ; 1.000        ; 0.222      ; 19.472     ;
; -18.201 ; R3[2]     ; R2[0]   ; KEY[0]       ; KEY[0]      ; 1.000        ; 0.244      ; 19.464     ;
; -18.186 ; R3[2]     ; R1[0]   ; KEY[0]       ; KEY[0]      ; 1.000        ; 0.267      ; 19.472     ;
; -18.179 ; R0[2]     ; R0[0]   ; KEY[0]       ; KEY[0]      ; 1.000        ; 0.198      ; 19.396     ;
; -18.164 ; R0[2]     ; R3[0]   ; KEY[0]       ; KEY[0]      ; 1.000        ; 0.221      ; 19.404     ;
; -18.134 ; R0[2]     ; R2[0]   ; KEY[0]       ; KEY[0]      ; 1.000        ; 0.243      ; 19.396     ;
; -18.119 ; R0[2]     ; R1[0]   ; KEY[0]       ; KEY[0]      ; 1.000        ; 0.266      ; 19.404     ;
; -18.088 ; R3[3]     ; R0[0]   ; KEY[0]       ; KEY[0]      ; 1.000        ; 0.231      ; 19.338     ;
; -18.073 ; R3[3]     ; R3[0]   ; KEY[0]       ; KEY[0]      ; 1.000        ; 0.254      ; 19.346     ;
; -18.043 ; R3[3]     ; R2[0]   ; KEY[0]       ; KEY[0]      ; 1.000        ; 0.276      ; 19.338     ;
; -18.033 ; R3[6]     ; R0[0]   ; KEY[0]       ; KEY[0]      ; 1.000        ; 0.088      ; 19.140     ;
; -18.028 ; R3[3]     ; R1[0]   ; KEY[0]       ; KEY[0]      ; 1.000        ; 0.299      ; 19.346     ;
; -18.018 ; R3[6]     ; R3[0]   ; KEY[0]       ; KEY[0]      ; 1.000        ; 0.111      ; 19.148     ;
; -17.992 ; R2[3]     ; R0[0]   ; KEY[0]       ; KEY[0]      ; 1.000        ; 0.165      ; 19.176     ;
; -17.988 ; R3[6]     ; R2[0]   ; KEY[0]       ; KEY[0]      ; 1.000        ; 0.133      ; 19.140     ;
; -17.977 ; R2[3]     ; R3[0]   ; KEY[0]       ; KEY[0]      ; 1.000        ; 0.188      ; 19.184     ;
; -17.973 ; R3[6]     ; R1[0]   ; KEY[0]       ; KEY[0]      ; 1.000        ; 0.156      ; 19.148     ;
; -17.955 ; R1[5]     ; R0[0]   ; KEY[0]       ; KEY[0]      ; 1.000        ; 0.118      ; 19.092     ;
; -17.947 ; R2[3]     ; R2[0]   ; KEY[0]       ; KEY[0]      ; 1.000        ; 0.210      ; 19.176     ;
; -17.940 ; R1[5]     ; R3[0]   ; KEY[0]       ; KEY[0]      ; 1.000        ; 0.141      ; 19.100     ;
; -17.939 ; R0[6]     ; R0[0]   ; KEY[0]       ; KEY[0]      ; 1.000        ; 0.198      ; 19.156     ;
; -17.932 ; R2[3]     ; R1[0]   ; KEY[0]       ; KEY[0]      ; 1.000        ; 0.233      ; 19.184     ;
; -17.927 ; R2[4]     ; R0[0]   ; KEY[0]       ; KEY[0]      ; 1.000        ; 0.152      ; 19.098     ;
; -17.924 ; R0[6]     ; R3[0]   ; KEY[0]       ; KEY[0]      ; 1.000        ; 0.221      ; 19.164     ;
; -17.920 ; R0[3]     ; R0[0]   ; KEY[0]       ; KEY[0]      ; 1.000        ; 0.203      ; 19.142     ;
; -17.912 ; R2[4]     ; R3[0]   ; KEY[0]       ; KEY[0]      ; 1.000        ; 0.175      ; 19.106     ;
; -17.910 ; R1[5]     ; R2[0]   ; KEY[0]       ; KEY[0]      ; 1.000        ; 0.163      ; 19.092     ;
; -17.905 ; R0[3]     ; R3[0]   ; KEY[0]       ; KEY[0]      ; 1.000        ; 0.226      ; 19.150     ;
; -17.895 ; R1[5]     ; R1[0]   ; KEY[0]       ; KEY[0]      ; 1.000        ; 0.186      ; 19.100     ;
; -17.894 ; R0[6]     ; R2[0]   ; KEY[0]       ; KEY[0]      ; 1.000        ; 0.243      ; 19.156     ;
; -17.885 ; R1[2]     ; R0[0]   ; KEY[0]       ; KEY[0]      ; 1.000        ; 0.160      ; 19.064     ;
; -17.882 ; R2[4]     ; R2[0]   ; KEY[0]       ; KEY[0]      ; 1.000        ; 0.197      ; 19.098     ;
; -17.879 ; R0[6]     ; R1[0]   ; KEY[0]       ; KEY[0]      ; 1.000        ; 0.266      ; 19.164     ;
; -17.875 ; R0[3]     ; R2[0]   ; KEY[0]       ; KEY[0]      ; 1.000        ; 0.248      ; 19.142     ;
; -17.870 ; R1[2]     ; R3[0]   ; KEY[0]       ; KEY[0]      ; 1.000        ; 0.183      ; 19.072     ;
; -17.867 ; R2[4]     ; R1[0]   ; KEY[0]       ; KEY[0]      ; 1.000        ; 0.220      ; 19.106     ;
; -17.860 ; R0[3]     ; R1[0]   ; KEY[0]       ; KEY[0]      ; 1.000        ; 0.271      ; 19.150     ;
; -17.840 ; R1[2]     ; R2[0]   ; KEY[0]       ; KEY[0]      ; 1.000        ; 0.205      ; 19.064     ;
; -17.825 ; R1[2]     ; R1[0]   ; KEY[0]       ; KEY[0]      ; 1.000        ; 0.228      ; 19.072     ;
+---------+-----------+---------+--------------+-------------+--------------+------------+------------+


+---------------------------------------------------------------------------------------------------+
; Slow 1200mV 0C Model Hold: 'KEY[0]'                                                               ;
+-------+-----------+---------+--------------+-------------+--------------+------------+------------+
; Slack ; From Node ; To Node ; Launch Clock ; Latch Clock ; Relationship ; Clock Skew ; Data Delay ;
+-------+-----------+---------+--------------+-------------+--------------+------------+------------+
; 2.791 ; R2[7]     ; R1[0]   ; KEY[0]       ; KEY[0]      ; 0.000        ; 0.440      ; 3.402      ;
; 2.807 ; R2[7]     ; R2[0]   ; KEY[0]       ; KEY[0]      ; 0.000        ; 0.416      ; 3.394      ;
; 2.839 ; R2[7]     ; R3[0]   ; KEY[0]       ; KEY[0]      ; 0.000        ; 0.392      ; 3.402      ;
; 2.855 ; R2[7]     ; R0[0]   ; KEY[0]       ; KEY[0]      ; 0.000        ; 0.369      ; 3.395      ;
; 2.881 ; R3[0]     ; R1[0]   ; KEY[0]       ; KEY[0]      ; 0.000        ; 0.100      ; 3.152      ;
; 2.882 ; R3[0]     ; R2[0]   ; KEY[0]       ; KEY[0]      ; 0.000        ; 0.086      ; 3.139      ;
; 2.929 ; R3[0]     ; R0[0]   ; KEY[0]       ; KEY[0]      ; 0.000        ; 0.039      ; 3.139      ;
; 2.938 ; R3[0]     ; R3[0]   ; KEY[0]       ; KEY[0]      ; 0.000        ; 0.044      ; 3.153      ;
; 2.966 ; R2[7]     ; R1[1]   ; KEY[0]       ; KEY[0]      ; 0.000        ; 0.176      ; 3.313      ;
; 3.007 ; R2[7]     ; R3[1]   ; KEY[0]       ; KEY[0]      ; 0.000        ; 0.136      ; 3.314      ;
; 3.074 ; R2[7]     ; R1[3]   ; KEY[0]       ; KEY[0]      ; 0.000        ; 0.084      ; 3.329      ;
; 3.090 ; R2[5]     ; R1[0]   ; KEY[0]       ; KEY[0]      ; 0.000        ; 0.440      ; 3.701      ;
; 3.101 ; R2[5]     ; R2[0]   ; KEY[0]       ; KEY[0]      ; 0.000        ; 0.416      ; 3.688      ;
; 3.107 ; R1[4]     ; R1[0]   ; KEY[0]       ; KEY[0]      ; 0.000        ; 0.436      ; 3.714      ;
; 3.109 ; R2[7]     ; R3[3]   ; KEY[0]       ; KEY[0]      ; 0.000        ; 0.050      ; 3.330      ;
; 3.123 ; R1[4]     ; R2[0]   ; KEY[0]       ; KEY[0]      ; 0.000        ; 0.412      ; 3.706      ;
; 3.139 ; R2[5]     ; R3[0]   ; KEY[0]       ; KEY[0]      ; 0.000        ; 0.392      ; 3.702      ;
; 3.148 ; R2[5]     ; R0[0]   ; KEY[0]       ; KEY[0]      ; 0.000        ; 0.369      ; 3.688      ;
; 3.155 ; R1[4]     ; R3[0]   ; KEY[0]       ; KEY[0]      ; 0.000        ; 0.388      ; 3.714      ;
; 3.171 ; R1[4]     ; R0[0]   ; KEY[0]       ; KEY[0]      ; 0.000        ; 0.365      ; 3.707      ;
; 3.195 ; R1[0]     ; R2[0]   ; KEY[0]       ; KEY[0]      ; 0.000        ; 0.041      ; 3.407      ;
; 3.196 ; R2[7]     ; R2[1]   ; KEY[0]       ; KEY[0]      ; 0.000        ; 0.416      ; 3.783      ;
; 3.202 ; R1[0]     ; R1[0]   ; KEY[0]       ; KEY[0]      ; 0.000        ; 0.047      ; 3.420      ;
; 3.207 ; R2[7]     ; R2[4]   ; KEY[0]       ; KEY[0]      ; 0.000        ; 0.129      ; 3.507      ;
; 3.242 ; R1[0]     ; R0[0]   ; KEY[0]       ; KEY[0]      ; 0.000        ; -0.006     ; 3.407      ;
; 3.243 ; R2[7]     ; R0[1]   ; KEY[0]       ; KEY[0]      ; 0.000        ; 0.369      ; 3.783      ;
; 3.243 ; R1[0]     ; R3[0]   ; KEY[0]       ; KEY[0]      ; 0.000        ; 0.007      ; 3.421      ;
; 3.254 ; R2[7]     ; R3[4]   ; KEY[0]       ; KEY[0]      ; 0.000        ; 0.082      ; 3.507      ;
; 3.265 ; R1[6]     ; R1[0]   ; KEY[0]       ; KEY[0]      ; 0.000        ; 0.436      ; 3.872      ;
; 3.276 ; R1[6]     ; R2[0]   ; KEY[0]       ; KEY[0]      ; 0.000        ; 0.412      ; 3.859      ;
; 3.291 ; R2[7]     ; R2[2]   ; KEY[0]       ; KEY[0]      ; 0.000        ; 0.129      ; 3.591      ;
; 3.294 ; R2[7]     ; R3[2]   ; KEY[0]       ; KEY[0]      ; 0.000        ; 0.082      ; 3.547      ;
; 3.314 ; R1[6]     ; R3[0]   ; KEY[0]       ; KEY[0]      ; 0.000        ; 0.388      ; 3.873      ;
; 3.323 ; R1[6]     ; R1[1]   ; KEY[0]       ; KEY[0]      ; 0.000        ; 0.172      ; 3.666      ;
; 3.323 ; R1[6]     ; R0[0]   ; KEY[0]       ; KEY[0]      ; 0.000        ; 0.365      ; 3.859      ;
; 3.339 ; R2[2]     ; R3[2]   ; KEY[0]       ; KEY[0]      ; 0.000        ; 0.005      ; 3.515      ;
; 3.344 ; R0[3]     ; R1[0]   ; KEY[0]       ; KEY[0]      ; 0.000        ; 0.477      ; 3.992      ;
; 3.345 ; R2[5]     ; R1[7]   ; KEY[0]       ; KEY[0]      ; 0.000        ; 0.440      ; 3.956      ;
; 3.349 ; R2[2]     ; R2[2]   ; KEY[0]       ; KEY[0]      ; 0.000        ; 0.045      ; 3.565      ;
; 3.351 ; R0[0]     ; R1[0]   ; KEY[0]       ; KEY[0]      ; 0.000        ; 0.133      ; 3.655      ;
; 3.360 ; R0[3]     ; R2[0]   ; KEY[0]       ; KEY[0]      ; 0.000        ; 0.453      ; 3.984      ;
; 3.364 ; R1[6]     ; R3[1]   ; KEY[0]       ; KEY[0]      ; 0.000        ; 0.132      ; 3.667      ;
; 3.373 ; R0[0]     ; R2[0]   ; KEY[0]       ; KEY[0]      ; 0.000        ; 0.098      ; 3.642      ;
; 3.374 ; R3[5]     ; R1[0]   ; KEY[0]       ; KEY[0]      ; 0.000        ; 0.353      ; 3.898      ;
; 3.378 ; R0[4]     ; R1[0]   ; KEY[0]       ; KEY[0]      ; 0.000        ; 0.472      ; 4.021      ;
; 3.385 ; R3[2]     ; R2[2]   ; KEY[0]       ; KEY[0]      ; 0.000        ; 0.097      ; 3.653      ;
; 3.385 ; R3[5]     ; R2[0]   ; KEY[0]       ; KEY[0]      ; 0.000        ; 0.329      ; 3.885      ;
; 3.386 ; R0[3]     ; R1[1]   ; KEY[0]       ; KEY[0]      ; 0.000        ; 0.213      ; 3.770      ;
; 3.389 ; R3[2]     ; R3[2]   ; KEY[0]       ; KEY[0]      ; 0.000        ; 0.043      ; 3.603      ;
; 3.392 ; R0[3]     ; R3[0]   ; KEY[0]       ; KEY[0]      ; 0.000        ; 0.429      ; 3.992      ;
; 3.392 ; R2[5]     ; R3[7]   ; KEY[0]       ; KEY[0]      ; 0.000        ; 0.392      ; 3.955      ;
; 3.394 ; R0[4]     ; R2[0]   ; KEY[0]       ; KEY[0]      ; 0.000        ; 0.448      ; 4.013      ;
; 3.396 ; R2[7]     ; R1[7]   ; KEY[0]       ; KEY[0]      ; 0.000        ; 0.440      ; 4.007      ;
; 3.396 ; R1[2]     ; R1[7]   ; KEY[0]       ; KEY[0]      ; 0.000        ; 0.436      ; 4.003      ;
; 3.397 ; R1[4]     ; R1[7]   ; KEY[0]       ; KEY[0]      ; 0.000        ; 0.436      ; 4.004      ;
; 3.400 ; R0[0]     ; R3[0]   ; KEY[0]       ; KEY[0]      ; 0.000        ; 0.085      ; 3.656      ;
; 3.404 ; R1[3]     ; R1[3]   ; KEY[0]       ; KEY[0]      ; 0.000        ; 0.052      ; 3.627      ;
; 3.408 ; R0[3]     ; R0[0]   ; KEY[0]       ; KEY[0]      ; 0.000        ; 0.406      ; 3.985      ;
; 3.413 ; R2[3]     ; R1[0]   ; KEY[0]       ; KEY[0]      ; 0.000        ; 0.440      ; 4.024      ;
; 3.416 ; R2[5]     ; R0[7]   ; KEY[0]       ; KEY[0]      ; 0.000        ; 0.014      ; 3.601      ;
; 3.421 ; R0[3]     ; R1[3]   ; KEY[0]       ; KEY[0]      ; 0.000        ; 0.121      ; 3.713      ;
; 3.423 ; R3[5]     ; R3[0]   ; KEY[0]       ; KEY[0]      ; 0.000        ; 0.305      ; 3.899      ;
; 3.424 ; R2[3]     ; R2[0]   ; KEY[0]       ; KEY[0]      ; 0.000        ; 0.416      ; 4.011      ;
; 3.426 ; R0[4]     ; R3[0]   ; KEY[0]       ; KEY[0]      ; 0.000        ; 0.424      ; 4.021      ;
; 3.427 ; R0[0]     ; R0[0]   ; KEY[0]       ; KEY[0]      ; 0.000        ; 0.044      ; 3.642      ;
; 3.427 ; R0[3]     ; R3[1]   ; KEY[0]       ; KEY[0]      ; 0.000        ; 0.173      ; 3.771      ;
; 3.432 ; R2[5]     ; R2[7]   ; KEY[0]       ; KEY[0]      ; 0.000        ; 0.044      ; 3.647      ;
; 3.432 ; R3[5]     ; R0[0]   ; KEY[0]       ; KEY[0]      ; 0.000        ; 0.282      ; 3.885      ;
; 3.439 ; R1[3]     ; R3[3]   ; KEY[0]       ; KEY[0]      ; 0.000        ; 0.018      ; 3.628      ;
; 3.442 ; R3[4]     ; R2[4]   ; KEY[0]       ; KEY[0]      ; 0.000        ; 0.097      ; 3.710      ;
; 3.442 ; R0[4]     ; R0[0]   ; KEY[0]       ; KEY[0]      ; 0.000        ; 0.401      ; 4.014      ;
; 3.443 ; R2[7]     ; R3[7]   ; KEY[0]       ; KEY[0]      ; 0.000        ; 0.392      ; 4.006      ;
; 3.443 ; R1[2]     ; R3[7]   ; KEY[0]       ; KEY[0]      ; 0.000        ; 0.388      ; 4.002      ;
; 3.444 ; R1[4]     ; R3[7]   ; KEY[0]       ; KEY[0]      ; 0.000        ; 0.388      ; 4.003      ;
; 3.456 ; R0[3]     ; R3[3]   ; KEY[0]       ; KEY[0]      ; 0.000        ; 0.087      ; 3.714      ;
; 3.457 ; R1[2]     ; R0[7]   ; KEY[0]       ; KEY[0]      ; 0.000        ; 0.020      ; 3.648      ;
; 3.458 ; R1[4]     ; R0[7]   ; KEY[0]       ; KEY[0]      ; 0.000        ; 0.020      ; 3.649      ;
; 3.459 ; R2[2]     ; R1[3]   ; KEY[0]       ; KEY[0]      ; 0.000        ; 0.033      ; 3.663      ;
; 3.462 ; R2[3]     ; R3[0]   ; KEY[0]       ; KEY[0]      ; 0.000        ; 0.392      ; 4.025      ;
; 3.465 ; R2[3]     ; R1[1]   ; KEY[0]       ; KEY[0]      ; 0.000        ; 0.176      ; 3.812      ;
; 3.465 ; R1[2]     ; R2[7]   ; KEY[0]       ; KEY[0]      ; 0.000        ; 0.058      ; 3.694      ;
; 3.466 ; R1[4]     ; R2[7]   ; KEY[0]       ; KEY[0]      ; 0.000        ; 0.058      ; 3.695      ;
; 3.467 ; R2[7]     ; R0[7]   ; KEY[0]       ; KEY[0]      ; 0.000        ; 0.014      ; 3.652      ;
; 3.471 ; R2[3]     ; R0[0]   ; KEY[0]       ; KEY[0]      ; 0.000        ; 0.369      ; 4.011      ;
; 3.483 ; R2[7]     ; R2[7]   ; KEY[0]       ; KEY[0]      ; 0.000        ; 0.044      ; 3.698      ;
; 3.485 ; R2[2]     ; R1[2]   ; KEY[0]       ; KEY[0]      ; 0.000        ; 0.070      ; 3.726      ;
; 3.485 ; R2[5]     ; R1[1]   ; KEY[0]       ; KEY[0]      ; 0.000        ; 0.176      ; 3.832      ;
; 3.494 ; R2[2]     ; R3[3]   ; KEY[0]       ; KEY[0]      ; 0.000        ; -0.001     ; 3.664      ;
; 3.496 ; R3[4]     ; R3[4]   ; KEY[0]       ; KEY[0]      ; 0.000        ; 0.043      ; 3.710      ;
; 3.496 ; R2[3]     ; R1[3]   ; KEY[0]       ; KEY[0]      ; 0.000        ; 0.084      ; 3.751      ;
; 3.502 ; R3[2]     ; R1[3]   ; KEY[0]       ; KEY[0]      ; 0.000        ; 0.078      ; 3.751      ;
; 3.504 ; R1[2]     ; R1[0]   ; KEY[0]       ; KEY[0]      ; 0.000        ; 0.436      ; 4.111      ;
; 3.506 ; R2[3]     ; R3[1]   ; KEY[0]       ; KEY[0]      ; 0.000        ; 0.136      ; 3.813      ;
; 3.509 ; R2[0]     ; R1[0]   ; KEY[0]       ; KEY[0]      ; 0.000        ; 0.088      ; 3.768      ;
; 3.511 ; R1[1]     ; R1[1]   ; KEY[0]       ; KEY[0]      ; 0.000        ; 0.054      ; 3.736      ;
; 3.512 ; R1[6]     ; R2[4]   ; KEY[0]       ; KEY[0]      ; 0.000        ; 0.125      ; 3.808      ;
; 3.515 ; R1[2]     ; R2[0]   ; KEY[0]       ; KEY[0]      ; 0.000        ; 0.412      ; 4.098      ;
; 3.523 ; R2[2]     ; R0[2]   ; KEY[0]       ; KEY[0]      ; 0.000        ; 0.032      ; 3.726      ;
; 3.526 ; R2[5]     ; R3[1]   ; KEY[0]       ; KEY[0]      ; 0.000        ; 0.136      ; 3.833      ;
; 3.528 ; R3[2]     ; R1[2]   ; KEY[0]       ; KEY[0]      ; 0.000        ; 0.115      ; 3.814      ;
+-------+-----------+---------+--------------+-------------+--------------+------------+------------+


----------------------------------------------
; Slow 1200mV 0C Model Metastability Summary ;
----------------------------------------------
No synchronizer chains to report.


+------------------------------------+
; Fast 1200mV 0C Model Setup Summary ;
+--------+--------+------------------+
; Clock  ; Slack  ; End Point TNS    ;
+--------+--------+------------------+
; KEY[0] ; -9.814 ; -205.544         ;
+--------+--------+------------------+


+-----------------------------------+
; Fast 1200mV 0C Model Hold Summary ;
+--------+-------+------------------+
; Clock  ; Slack ; End Point TNS    ;
+--------+-------+------------------+
; KEY[0] ; 1.409 ; 0.000            ;
+--------+-------+------------------+


-----------------------------------------
; Fast 1200mV 0C Model Recovery Summary ;
-----------------------------------------
No paths to report.


----------------------------------------
; Fast 1200mV 0C Model Removal Summary ;
----------------------------------------
No paths to report.


+--------------------------------------------------+
; Fast 1200mV 0C Model Minimum Pulse Width Summary ;
+--------+--------+--------------------------------+
; Clock  ; Slack  ; End Point TNS                  ;
+--------+--------+--------------------------------+
; KEY[0] ; -3.000 ; -42.519                        ;
+--------+--------+--------------------------------+


+----------------------------------------------------------------------------------------------------+
; Fast 1200mV 0C Model Setup: 'KEY[0]'                                                               ;
+--------+-----------+---------+--------------+-------------+--------------+------------+------------+
; Slack  ; From Node ; To Node ; Launch Clock ; Latch Clock ; Relationship ; Clock Skew ; Data Delay ;
+--------+-----------+---------+--------------+-------------+--------------+------------+------------+
; -9.814 ; R2[7]     ; R0[0]   ; KEY[0]       ; KEY[0]      ; 1.000        ; 0.103      ; 10.924     ;
; -9.808 ; R2[7]     ; R3[0]   ; KEY[0]       ; KEY[0]      ; 1.000        ; 0.118      ; 10.933     ;
; -9.787 ; R2[7]     ; R2[0]   ; KEY[0]       ; KEY[0]      ; 1.000        ; 0.130      ; 10.924     ;
; -9.779 ; R2[7]     ; R1[0]   ; KEY[0]       ; KEY[0]      ; 1.000        ; 0.146      ; 10.932     ;
; -9.767 ; R2[0]     ; R0[0]   ; KEY[0]       ; KEY[0]      ; 1.000        ; -0.061     ; 10.713     ;
; -9.767 ; R2[0]     ; R3[0]   ; KEY[0]       ; KEY[0]      ; 1.000        ; -0.052     ; 10.722     ;
; -9.738 ; R2[0]     ; R1[0]   ; KEY[0]       ; KEY[0]      ; 1.000        ; -0.024     ; 10.721     ;
; -9.735 ; R2[0]     ; R2[0]   ; KEY[0]       ; KEY[0]      ; 1.000        ; -0.029     ; 10.713     ;
; -9.729 ; R0[7]     ; R0[0]   ; KEY[0]       ; KEY[0]      ; 1.000        ; 0.128      ; 10.864     ;
; -9.723 ; R0[7]     ; R3[0]   ; KEY[0]       ; KEY[0]      ; 1.000        ; 0.143      ; 10.873     ;
; -9.702 ; R0[7]     ; R2[0]   ; KEY[0]       ; KEY[0]      ; 1.000        ; 0.155      ; 10.864     ;
; -9.694 ; R0[7]     ; R1[0]   ; KEY[0]       ; KEY[0]      ; 1.000        ; 0.171      ; 10.872     ;
; -9.665 ; R0[0]     ; R3[0]   ; KEY[0]       ; KEY[0]      ; 1.000        ; -0.024     ; 10.648     ;
; -9.660 ; R0[0]     ; R0[0]   ; KEY[0]       ; KEY[0]      ; 1.000        ; -0.028     ; 10.639     ;
; -9.650 ; R1[1]     ; R0[0]   ; KEY[0]       ; KEY[0]      ; 1.000        ; 0.069      ; 10.726     ;
; -9.644 ; R1[1]     ; R3[0]   ; KEY[0]       ; KEY[0]      ; 1.000        ; 0.084      ; 10.735     ;
; -9.640 ; R1[0]     ; R0[0]   ; KEY[0]       ; KEY[0]      ; 1.000        ; -0.083     ; 10.564     ;
; -9.638 ; R0[0]     ; R2[0]   ; KEY[0]       ; KEY[0]      ; 1.000        ; -0.006     ; 10.639     ;
; -9.636 ; R0[0]     ; R1[0]   ; KEY[0]       ; KEY[0]      ; 1.000        ; 0.004      ; 10.647     ;
; -9.628 ; R1[0]     ; R3[0]   ; KEY[0]       ; KEY[0]      ; 1.000        ; -0.062     ; 10.573     ;
; -9.623 ; R1[1]     ; R2[0]   ; KEY[0]       ; KEY[0]      ; 1.000        ; 0.096      ; 10.726     ;
; -9.615 ; R1[1]     ; R1[0]   ; KEY[0]       ; KEY[0]      ; 1.000        ; 0.112      ; 10.734     ;
; -9.613 ; R1[0]     ; R2[0]   ; KEY[0]       ; KEY[0]      ; 1.000        ; -0.056     ; 10.564     ;
; -9.605 ; R0[1]     ; R3[0]   ; KEY[0]       ; KEY[0]      ; 1.000        ; -0.024     ; 10.588     ;
; -9.600 ; R0[1]     ; R0[0]   ; KEY[0]       ; KEY[0]      ; 1.000        ; -0.028     ; 10.579     ;
; -9.594 ; R1[0]     ; R1[0]   ; KEY[0]       ; KEY[0]      ; 1.000        ; -0.029     ; 10.572     ;
; -9.578 ; R0[1]     ; R2[0]   ; KEY[0]       ; KEY[0]      ; 1.000        ; -0.006     ; 10.579     ;
; -9.576 ; R0[1]     ; R1[0]   ; KEY[0]       ; KEY[0]      ; 1.000        ; 0.004      ; 10.587     ;
; -9.563 ; R1[7]     ; R0[0]   ; KEY[0]       ; KEY[0]      ; 1.000        ; -0.083     ; 10.487     ;
; -9.551 ; R1[7]     ; R3[0]   ; KEY[0]       ; KEY[0]      ; 1.000        ; -0.062     ; 10.496     ;
; -9.536 ; R1[7]     ; R2[0]   ; KEY[0]       ; KEY[0]      ; 1.000        ; -0.056     ; 10.487     ;
; -9.517 ; R1[7]     ; R1[0]   ; KEY[0]       ; KEY[0]      ; 1.000        ; -0.029     ; 10.495     ;
; -9.507 ; R3[1]     ; R0[0]   ; KEY[0]       ; KEY[0]      ; 1.000        ; 0.095      ; 10.609     ;
; -9.501 ; R3[1]     ; R3[0]   ; KEY[0]       ; KEY[0]      ; 1.000        ; 0.110      ; 10.618     ;
; -9.495 ; R2[1]     ; R0[0]   ; KEY[0]       ; KEY[0]      ; 1.000        ; -0.061     ; 10.441     ;
; -9.495 ; R2[1]     ; R3[0]   ; KEY[0]       ; KEY[0]      ; 1.000        ; -0.052     ; 10.450     ;
; -9.480 ; R3[1]     ; R2[0]   ; KEY[0]       ; KEY[0]      ; 1.000        ; 0.122      ; 10.609     ;
; -9.472 ; R3[1]     ; R1[0]   ; KEY[0]       ; KEY[0]      ; 1.000        ; 0.138      ; 10.617     ;
; -9.466 ; R2[1]     ; R1[0]   ; KEY[0]       ; KEY[0]      ; 1.000        ; -0.024     ; 10.449     ;
; -9.463 ; R2[1]     ; R2[0]   ; KEY[0]       ; KEY[0]      ; 1.000        ; -0.029     ; 10.441     ;
; -9.412 ; R3[0]     ; R0[0]   ; KEY[0]       ; KEY[0]      ; 1.000        ; -0.055     ; 10.364     ;
; -9.395 ; R3[0]     ; R3[0]   ; KEY[0]       ; KEY[0]      ; 1.000        ; -0.029     ; 10.373     ;
; -9.385 ; R3[0]     ; R2[0]   ; KEY[0]       ; KEY[0]      ; 1.000        ; -0.028     ; 10.364     ;
; -9.379 ; R2[6]     ; R0[0]   ; KEY[0]       ; KEY[0]      ; 1.000        ; 0.078      ; 10.464     ;
; -9.377 ; R2[2]     ; R0[0]   ; KEY[0]       ; KEY[0]      ; 1.000        ; 0.097      ; 10.481     ;
; -9.373 ; R2[6]     ; R3[0]   ; KEY[0]       ; KEY[0]      ; 1.000        ; 0.093      ; 10.473     ;
; -9.371 ; R2[2]     ; R3[0]   ; KEY[0]       ; KEY[0]      ; 1.000        ; 0.112      ; 10.490     ;
; -9.371 ; R3[0]     ; R1[0]   ; KEY[0]       ; KEY[0]      ; 1.000        ; -0.006     ; 10.372     ;
; -9.354 ; R1[3]     ; R0[0]   ; KEY[0]       ; KEY[0]      ; 1.000        ; 0.124      ; 10.485     ;
; -9.352 ; R2[6]     ; R2[0]   ; KEY[0]       ; KEY[0]      ; 1.000        ; 0.105      ; 10.464     ;
; -9.350 ; R2[2]     ; R2[0]   ; KEY[0]       ; KEY[0]      ; 1.000        ; 0.124      ; 10.481     ;
; -9.348 ; R1[3]     ; R3[0]   ; KEY[0]       ; KEY[0]      ; 1.000        ; 0.139      ; 10.494     ;
; -9.348 ; R3[7]     ; R0[0]   ; KEY[0]       ; KEY[0]      ; 1.000        ; -0.055     ; 10.300     ;
; -9.344 ; R2[6]     ; R1[0]   ; KEY[0]       ; KEY[0]      ; 1.000        ; 0.121      ; 10.472     ;
; -9.342 ; R2[2]     ; R1[0]   ; KEY[0]       ; KEY[0]      ; 1.000        ; 0.140      ; 10.489     ;
; -9.333 ; R3[2]     ; R0[0]   ; KEY[0]       ; KEY[0]      ; 1.000        ; 0.126      ; 10.466     ;
; -9.331 ; R3[7]     ; R3[0]   ; KEY[0]       ; KEY[0]      ; 1.000        ; -0.029     ; 10.309     ;
; -9.327 ; R3[2]     ; R3[0]   ; KEY[0]       ; KEY[0]      ; 1.000        ; 0.141      ; 10.475     ;
; -9.327 ; R1[3]     ; R2[0]   ; KEY[0]       ; KEY[0]      ; 1.000        ; 0.151      ; 10.485     ;
; -9.321 ; R3[7]     ; R2[0]   ; KEY[0]       ; KEY[0]      ; 1.000        ; -0.028     ; 10.300     ;
; -9.319 ; R1[3]     ; R1[0]   ; KEY[0]       ; KEY[0]      ; 1.000        ; 0.167      ; 10.493     ;
; -9.307 ; R3[7]     ; R1[0]   ; KEY[0]       ; KEY[0]      ; 1.000        ; -0.006     ; 10.308     ;
; -9.306 ; R3[2]     ; R2[0]   ; KEY[0]       ; KEY[0]      ; 1.000        ; 0.153      ; 10.466     ;
; -9.298 ; R3[2]     ; R1[0]   ; KEY[0]       ; KEY[0]      ; 1.000        ; 0.169      ; 10.474     ;
; -9.250 ; R0[2]     ; R0[0]   ; KEY[0]       ; KEY[0]      ; 1.000        ; 0.123      ; 10.380     ;
; -9.244 ; R0[2]     ; R3[0]   ; KEY[0]       ; KEY[0]      ; 1.000        ; 0.138      ; 10.389     ;
; -9.223 ; R0[2]     ; R2[0]   ; KEY[0]       ; KEY[0]      ; 1.000        ; 0.150      ; 10.380     ;
; -9.215 ; R0[2]     ; R1[0]   ; KEY[0]       ; KEY[0]      ; 1.000        ; 0.166      ; 10.388     ;
; -9.186 ; R3[3]     ; R0[0]   ; KEY[0]       ; KEY[0]      ; 1.000        ; 0.146      ; 10.339     ;
; -9.180 ; R3[3]     ; R3[0]   ; KEY[0]       ; KEY[0]      ; 1.000        ; 0.161      ; 10.348     ;
; -9.163 ; R3[6]     ; R0[0]   ; KEY[0]       ; KEY[0]      ; 1.000        ; 0.056      ; 10.226     ;
; -9.159 ; R3[3]     ; R2[0]   ; KEY[0]       ; KEY[0]      ; 1.000        ; 0.173      ; 10.339     ;
; -9.157 ; R3[6]     ; R3[0]   ; KEY[0]       ; KEY[0]      ; 1.000        ; 0.071      ; 10.235     ;
; -9.151 ; R3[3]     ; R1[0]   ; KEY[0]       ; KEY[0]      ; 1.000        ; 0.189      ; 10.347     ;
; -9.136 ; R3[6]     ; R2[0]   ; KEY[0]       ; KEY[0]      ; 1.000        ; 0.083      ; 10.226     ;
; -9.128 ; R3[6]     ; R1[0]   ; KEY[0]       ; KEY[0]      ; 1.000        ; 0.099      ; 10.234     ;
; -9.125 ; R2[3]     ; R0[0]   ; KEY[0]       ; KEY[0]      ; 1.000        ; 0.103      ; 10.235     ;
; -9.120 ; R1[5]     ; R0[0]   ; KEY[0]       ; KEY[0]      ; 1.000        ; 0.067      ; 10.194     ;
; -9.119 ; R2[3]     ; R3[0]   ; KEY[0]       ; KEY[0]      ; 1.000        ; 0.118      ; 10.244     ;
; -9.114 ; R1[5]     ; R3[0]   ; KEY[0]       ; KEY[0]      ; 1.000        ; 0.082      ; 10.203     ;
; -9.105 ; R1[2]     ; R0[0]   ; KEY[0]       ; KEY[0]      ; 1.000        ; 0.098      ; 10.210     ;
; -9.104 ; R2[4]     ; R0[0]   ; KEY[0]       ; KEY[0]      ; 1.000        ; 0.097      ; 10.208     ;
; -9.099 ; R1[2]     ; R3[0]   ; KEY[0]       ; KEY[0]      ; 1.000        ; 0.113      ; 10.219     ;
; -9.098 ; R2[4]     ; R3[0]   ; KEY[0]       ; KEY[0]      ; 1.000        ; 0.112      ; 10.217     ;
; -9.098 ; R2[3]     ; R2[0]   ; KEY[0]       ; KEY[0]      ; 1.000        ; 0.130      ; 10.235     ;
; -9.095 ; R0[3]     ; R0[0]   ; KEY[0]       ; KEY[0]      ; 1.000        ; 0.128      ; 10.230     ;
; -9.093 ; R1[5]     ; R2[0]   ; KEY[0]       ; KEY[0]      ; 1.000        ; 0.094      ; 10.194     ;
; -9.090 ; R2[3]     ; R1[0]   ; KEY[0]       ; KEY[0]      ; 1.000        ; 0.146      ; 10.243     ;
; -9.089 ; R0[3]     ; R3[0]   ; KEY[0]       ; KEY[0]      ; 1.000        ; 0.143      ; 10.239     ;
; -9.089 ; R0[6]     ; R0[0]   ; KEY[0]       ; KEY[0]      ; 1.000        ; 0.123      ; 10.219     ;
; -9.085 ; R1[5]     ; R1[0]   ; KEY[0]       ; KEY[0]      ; 1.000        ; 0.110      ; 10.202     ;
; -9.083 ; R0[6]     ; R3[0]   ; KEY[0]       ; KEY[0]      ; 1.000        ; 0.138      ; 10.228     ;
; -9.078 ; R1[2]     ; R2[0]   ; KEY[0]       ; KEY[0]      ; 1.000        ; 0.125      ; 10.210     ;
; -9.077 ; R2[4]     ; R2[0]   ; KEY[0]       ; KEY[0]      ; 1.000        ; 0.124      ; 10.208     ;
; -9.070 ; R1[2]     ; R1[0]   ; KEY[0]       ; KEY[0]      ; 1.000        ; 0.141      ; 10.218     ;
; -9.069 ; R2[4]     ; R1[0]   ; KEY[0]       ; KEY[0]      ; 1.000        ; 0.140      ; 10.216     ;
; -9.068 ; R0[3]     ; R2[0]   ; KEY[0]       ; KEY[0]      ; 1.000        ; 0.155      ; 10.230     ;
; -9.062 ; R0[6]     ; R2[0]   ; KEY[0]       ; KEY[0]      ; 1.000        ; 0.150      ; 10.219     ;
; -9.060 ; R0[3]     ; R1[0]   ; KEY[0]       ; KEY[0]      ; 1.000        ; 0.171      ; 10.238     ;
; -9.054 ; R0[6]     ; R1[0]   ; KEY[0]       ; KEY[0]      ; 1.000        ; 0.166      ; 10.227     ;
+--------+-----------+---------+--------------+-------------+--------------+------------+------------+


+---------------------------------------------------------------------------------------------------+
; Fast 1200mV 0C Model Hold: 'KEY[0]'                                                               ;
+-------+-----------+---------+--------------+-------------+--------------+------------+------------+
; Slack ; From Node ; To Node ; Launch Clock ; Latch Clock ; Relationship ; Clock Skew ; Data Delay ;
+-------+-----------+---------+--------------+-------------+--------------+------------+------------+
; 1.409 ; R2[7]     ; R1[0]   ; KEY[0]       ; KEY[0]      ; 0.000        ; 0.274      ; 1.767      ;
; 1.416 ; R2[7]     ; R2[0]   ; KEY[0]       ; KEY[0]      ; 0.000        ; 0.258      ; 1.758      ;
; 1.437 ; R2[7]     ; R3[0]   ; KEY[0]       ; KEY[0]      ; 0.000        ; 0.246      ; 1.767      ;
; 1.445 ; R2[7]     ; R0[0]   ; KEY[0]       ; KEY[0]      ; 0.000        ; 0.230      ; 1.759      ;
; 1.501 ; R3[0]     ; R1[0]   ; KEY[0]       ; KEY[0]      ; 0.000        ; 0.062      ; 1.647      ;
; 1.502 ; R3[0]     ; R2[0]   ; KEY[0]       ; KEY[0]      ; 0.000        ; 0.052      ; 1.638      ;
; 1.531 ; R3[0]     ; R0[0]   ; KEY[0]       ; KEY[0]      ; 0.000        ; 0.024      ; 1.639      ;
; 1.534 ; R3[0]     ; R3[0]   ; KEY[0]       ; KEY[0]      ; 0.000        ; 0.029      ; 1.647      ;
; 1.552 ; R2[7]     ; R1[1]   ; KEY[0]       ; KEY[0]      ; 0.000        ; 0.115      ; 1.751      ;
; 1.567 ; R2[5]     ; R1[0]   ; KEY[0]       ; KEY[0]      ; 0.000        ; 0.274      ; 1.925      ;
; 1.578 ; R2[5]     ; R2[0]   ; KEY[0]       ; KEY[0]      ; 0.000        ; 0.258      ; 1.920      ;
; 1.579 ; R2[7]     ; R3[1]   ; KEY[0]       ; KEY[0]      ; 0.000        ; 0.089      ; 1.752      ;
; 1.593 ; R1[4]     ; R1[0]   ; KEY[0]       ; KEY[0]      ; 0.000        ; 0.269      ; 1.946      ;
; 1.596 ; R2[5]     ; R3[0]   ; KEY[0]       ; KEY[0]      ; 0.000        ; 0.246      ; 1.926      ;
; 1.600 ; R1[4]     ; R2[0]   ; KEY[0]       ; KEY[0]      ; 0.000        ; 0.253      ; 1.937      ;
; 1.607 ; R2[5]     ; R0[0]   ; KEY[0]       ; KEY[0]      ; 0.000        ; 0.230      ; 1.921      ;
; 1.610 ; R2[7]     ; R1[3]   ; KEY[0]       ; KEY[0]      ; 0.000        ; 0.052      ; 1.746      ;
; 1.621 ; R1[4]     ; R3[0]   ; KEY[0]       ; KEY[0]      ; 0.000        ; 0.241      ; 1.946      ;
; 1.629 ; R1[4]     ; R0[0]   ; KEY[0]       ; KEY[0]      ; 0.000        ; 0.225      ; 1.938      ;
; 1.632 ; R2[7]     ; R2[1]   ; KEY[0]       ; KEY[0]      ; 0.000        ; 0.258      ; 1.974      ;
; 1.634 ; R2[7]     ; R3[3]   ; KEY[0]       ; KEY[0]      ; 0.000        ; 0.030      ; 1.748      ;
; 1.660 ; R2[7]     ; R0[1]   ; KEY[0]       ; KEY[0]      ; 0.000        ; 0.230      ; 1.974      ;
; 1.668 ; R1[0]     ; R2[0]   ; KEY[0]       ; KEY[0]      ; 0.000        ; 0.024      ; 1.776      ;
; 1.671 ; R1[6]     ; R1[0]   ; KEY[0]       ; KEY[0]      ; 0.000        ; 0.269      ; 2.024      ;
; 1.672 ; R1[0]     ; R1[0]   ; KEY[0]       ; KEY[0]      ; 0.000        ; 0.029      ; 1.785      ;
; 1.682 ; R1[6]     ; R2[0]   ; KEY[0]       ; KEY[0]      ; 0.000        ; 0.253      ; 2.019      ;
; 1.685 ; R3[2]     ; R2[2]   ; KEY[0]       ; KEY[0]      ; 0.000        ; 0.060      ; 1.829      ;
; 1.693 ; R2[7]     ; R2[4]   ; KEY[0]       ; KEY[0]      ; 0.000        ; 0.079      ; 1.856      ;
; 1.694 ; R0[3]     ; R1[0]   ; KEY[0]       ; KEY[0]      ; 0.000        ; 0.298      ; 2.076      ;
; 1.694 ; R2[3]     ; R1[0]   ; KEY[0]       ; KEY[0]      ; 0.000        ; 0.274      ; 2.052      ;
; 1.695 ; R1[0]     ; R3[0]   ; KEY[0]       ; KEY[0]      ; 0.000        ; 0.006      ; 1.785      ;
; 1.697 ; R1[0]     ; R0[0]   ; KEY[0]       ; KEY[0]      ; 0.000        ; -0.004     ; 1.777      ;
; 1.699 ; R2[2]     ; R2[2]   ; KEY[0]       ; KEY[0]      ; 0.000        ; 0.028      ; 1.811      ;
; 1.700 ; R1[6]     ; R3[0]   ; KEY[0]       ; KEY[0]      ; 0.000        ; 0.241      ; 2.025      ;
; 1.701 ; R0[3]     ; R2[0]   ; KEY[0]       ; KEY[0]      ; 0.000        ; 0.282      ; 2.067      ;
; 1.701 ; R2[5]     ; R1[7]   ; KEY[0]       ; KEY[0]      ; 0.000        ; 0.274      ; 2.059      ;
; 1.701 ; R2[3]     ; R2[0]   ; KEY[0]       ; KEY[0]      ; 0.000        ; 0.258      ; 2.043      ;
; 1.702 ; R3[2]     ; R3[2]   ; KEY[0]       ; KEY[0]      ; 0.000        ; 0.027      ; 1.813      ;
; 1.703 ; R0[0]     ; R1[0]   ; KEY[0]       ; KEY[0]      ; 0.000        ; 0.083      ; 1.870      ;
; 1.704 ; R2[7]     ; R2[2]   ; KEY[0]       ; KEY[0]      ; 0.000        ; 0.079      ; 1.867      ;
; 1.708 ; R2[2]     ; R3[2]   ; KEY[0]       ; KEY[0]      ; 0.000        ; 0.003      ; 1.795      ;
; 1.711 ; R1[6]     ; R0[0]   ; KEY[0]       ; KEY[0]      ; 0.000        ; 0.225      ; 2.020      ;
; 1.718 ; R3[4]     ; R2[4]   ; KEY[0]       ; KEY[0]      ; 0.000        ; 0.060      ; 1.862      ;
; 1.718 ; R1[6]     ; R1[1]   ; KEY[0]       ; KEY[0]      ; 0.000        ; 0.110      ; 1.912      ;
; 1.720 ; R0[0]     ; R2[0]   ; KEY[0]       ; KEY[0]      ; 0.000        ; 0.061      ; 1.865      ;
; 1.722 ; R0[3]     ; R3[0]   ; KEY[0]       ; KEY[0]      ; 0.000        ; 0.270      ; 2.076      ;
; 1.722 ; R2[3]     ; R3[0]   ; KEY[0]       ; KEY[0]      ; 0.000        ; 0.246      ; 2.052      ;
; 1.722 ; R0[4]     ; R1[0]   ; KEY[0]       ; KEY[0]      ; 0.000        ; 0.294      ; 2.100      ;
; 1.723 ; R2[7]     ; R3[4]   ; KEY[0]       ; KEY[0]      ; 0.000        ; 0.050      ; 1.857      ;
; 1.726 ; R1[3]     ; R1[3]   ; KEY[0]       ; KEY[0]      ; 0.000        ; 0.032      ; 1.842      ;
; 1.726 ; R2[7]     ; R3[2]   ; KEY[0]       ; KEY[0]      ; 0.000        ; 0.050      ; 1.860      ;
; 1.728 ; R2[5]     ; R3[7]   ; KEY[0]       ; KEY[0]      ; 0.000        ; 0.246      ; 2.058      ;
; 1.729 ; R0[4]     ; R2[0]   ; KEY[0]       ; KEY[0]      ; 0.000        ; 0.278      ; 2.091      ;
; 1.730 ; R0[3]     ; R0[0]   ; KEY[0]       ; KEY[0]      ; 0.000        ; 0.254      ; 2.068      ;
; 1.730 ; R2[3]     ; R0[0]   ; KEY[0]       ; KEY[0]      ; 0.000        ; 0.230      ; 2.044      ;
; 1.731 ; R2[7]     ; R1[7]   ; KEY[0]       ; KEY[0]      ; 0.000        ; 0.274      ; 2.089      ;
; 1.732 ; R0[0]     ; R3[0]   ; KEY[0]       ; KEY[0]      ; 0.000        ; 0.055      ; 1.871      ;
; 1.735 ; R1[2]     ; R1[7]   ; KEY[0]       ; KEY[0]      ; 0.000        ; 0.269      ; 2.088      ;
; 1.737 ; R1[1]     ; R1[1]   ; KEY[0]       ; KEY[0]      ; 0.000        ; 0.034      ; 1.855      ;
; 1.742 ; R1[4]     ; R1[7]   ; KEY[0]       ; KEY[0]      ; 0.000        ; 0.269      ; 2.095      ;
; 1.743 ; R3[5]     ; R1[0]   ; KEY[0]       ; KEY[0]      ; 0.000        ; 0.221      ; 2.048      ;
; 1.745 ; R1[6]     ; R3[1]   ; KEY[0]       ; KEY[0]      ; 0.000        ; 0.084      ; 1.913      ;
; 1.748 ; R0[3]     ; R1[3]   ; KEY[0]       ; KEY[0]      ; 0.000        ; 0.076      ; 1.908      ;
; 1.748 ; R2[3]     ; R1[3]   ; KEY[0]       ; KEY[0]      ; 0.000        ; 0.052      ; 1.884      ;
; 1.749 ; R1[3]     ; R3[3]   ; KEY[0]       ; KEY[0]      ; 0.000        ; 0.010      ; 1.843      ;
; 1.750 ; R0[4]     ; R3[0]   ; KEY[0]       ; KEY[0]      ; 0.000        ; 0.266      ; 2.100      ;
; 1.752 ; R3[4]     ; R3[4]   ; KEY[0]       ; KEY[0]      ; 0.000        ; 0.027      ; 1.863      ;
; 1.754 ; R0[0]     ; R0[0]   ; KEY[0]       ; KEY[0]      ; 0.000        ; 0.028      ; 1.866      ;
; 1.754 ; R3[5]     ; R2[0]   ; KEY[0]       ; KEY[0]      ; 0.000        ; 0.205      ; 2.043      ;
; 1.756 ; R3[2]     ; R1[2]   ; KEY[0]       ; KEY[0]      ; 0.000        ; 0.075      ; 1.915      ;
; 1.758 ; R2[7]     ; R3[7]   ; KEY[0]       ; KEY[0]      ; 0.000        ; 0.246      ; 2.088      ;
; 1.758 ; R0[4]     ; R0[0]   ; KEY[0]       ; KEY[0]      ; 0.000        ; 0.250      ; 2.092      ;
; 1.762 ; R1[2]     ; R3[7]   ; KEY[0]       ; KEY[0]      ; 0.000        ; 0.241      ; 2.087      ;
; 1.764 ; R1[1]     ; R3[1]   ; KEY[0]       ; KEY[0]      ; 0.000        ; 0.008      ; 1.856      ;
; 1.766 ; R2[2]     ; R1[2]   ; KEY[0]       ; KEY[0]      ; 0.000        ; 0.047      ; 1.897      ;
; 1.769 ; R0[3]     ; R1[1]   ; KEY[0]       ; KEY[0]      ; 0.000        ; 0.139      ; 1.992      ;
; 1.769 ; R2[3]     ; R1[1]   ; KEY[0]       ; KEY[0]      ; 0.000        ; 0.115      ; 1.968      ;
; 1.769 ; R1[4]     ; R3[7]   ; KEY[0]       ; KEY[0]      ; 0.000        ; 0.241      ; 2.094      ;
; 1.769 ; R3[1]     ; R1[1]   ; KEY[0]       ; KEY[0]      ; 0.000        ; 0.059      ; 1.912      ;
; 1.771 ; R0[3]     ; R3[3]   ; KEY[0]       ; KEY[0]      ; 0.000        ; 0.054      ; 1.909      ;
; 1.771 ; R2[3]     ; R3[3]   ; KEY[0]       ; KEY[0]      ; 0.000        ; 0.030      ; 1.885      ;
; 1.772 ; R3[5]     ; R3[0]   ; KEY[0]       ; KEY[0]      ; 0.000        ; 0.193      ; 2.049      ;
; 1.773 ; R3[2]     ; R1[3]   ; KEY[0]       ; KEY[0]      ; 0.000        ; 0.049      ; 1.906      ;
; 1.781 ; R3[2]     ; R0[2]   ; KEY[0]       ; KEY[0]      ; 0.000        ; 0.050      ; 1.915      ;
; 1.782 ; R1[2]     ; R1[0]   ; KEY[0]       ; KEY[0]      ; 0.000        ; 0.269      ; 2.135      ;
; 1.783 ; R2[2]     ; R1[3]   ; KEY[0]       ; KEY[0]      ; 0.000        ; 0.021      ; 1.888      ;
; 1.783 ; R2[5]     ; R2[7]   ; KEY[0]       ; KEY[0]      ; 0.000        ; 0.030      ; 1.897      ;
; 1.783 ; R3[5]     ; R0[0]   ; KEY[0]       ; KEY[0]      ; 0.000        ; 0.177      ; 2.044      ;
; 1.789 ; R2[0]     ; R1[0]   ; KEY[0]       ; KEY[0]      ; 0.000        ; 0.056      ; 1.929      ;
; 1.791 ; R3[4]     ; R1[0]   ; KEY[0]       ; KEY[0]      ; 0.000        ; 0.271      ; 2.146      ;
; 1.791 ; R2[2]     ; R0[2]   ; KEY[0]       ; KEY[0]      ; 0.000        ; 0.022      ; 1.897      ;
; 1.791 ; R2[5]     ; R0[7]   ; KEY[0]       ; KEY[0]      ; 0.000        ; 0.009      ; 1.884      ;
; 1.793 ; R3[3]     ; R1[0]   ; KEY[0]       ; KEY[0]      ; 0.000        ; 0.289      ; 2.166      ;
; 1.793 ; R1[2]     ; R2[0]   ; KEY[0]       ; KEY[0]      ; 0.000        ; 0.253      ; 2.130      ;
; 1.794 ; R1[1]     ; R2[1]   ; KEY[0]       ; KEY[0]      ; 0.000        ; 0.184      ; 2.062      ;
; 1.796 ; R3[2]     ; R3[3]   ; KEY[0]       ; KEY[0]      ; 0.000        ; 0.027      ; 1.907      ;
; 1.796 ; R0[3]     ; R3[1]   ; KEY[0]       ; KEY[0]      ; 0.000        ; 0.113      ; 1.993      ;
; 1.796 ; R2[3]     ; R3[1]   ; KEY[0]       ; KEY[0]      ; 0.000        ; 0.089      ; 1.969      ;
; 1.796 ; R3[1]     ; R3[1]   ; KEY[0]       ; KEY[0]      ; 0.000        ; 0.033      ; 1.913      ;
; 1.798 ; R3[4]     ; R2[0]   ; KEY[0]       ; KEY[0]      ; 0.000        ; 0.255      ; 2.137      ;
+-------+-----------+---------+--------------+-------------+--------------+------------+------------+


----------------------------------------------
; Fast 1200mV 0C Model Metastability Summary ;
----------------------------------------------
No synchronizer chains to report.


+--------------------------------------------------------------------------------+
; Multicorner Timing Analysis Summary                                            ;
+------------------+----------+-------+----------+---------+---------------------+
; Clock            ; Setup    ; Hold  ; Recovery ; Removal ; Minimum Pulse Width ;
+------------------+----------+-------+----------+---------+---------------------+
; Worst-case Slack ; -21.244  ; 1.409 ; N/A      ; N/A     ; -3.000              ;
;  KEY[0]          ; -21.244  ; 1.409 ; N/A      ; N/A     ; -3.000              ;
; Design-wide TNS  ; -453.254 ; 0.0   ; 0.0      ; 0.0     ; -44.12              ;
;  KEY[0]          ; -453.254 ; 0.000 ; N/A      ; N/A     ; -44.120             ;
+------------------+----------+-------+----------+---------+---------------------+


+------------------------------------------------------------------------------------------------------------------------------------------------------------------------------------------------------------------------------------------------------------------------------------------------------------------------------------------------------------------------------------------------------------------+
; Board Trace Model Assignments                                                                                                                                                                                                                                                                                                                                                                                    ;
+---------------+--------------+-------------------+-------------------------+-------------------------+---------------+---------------------+----------------+------------------+--------+------------------+------------------------+------------------------+--------------+---------------+-----------------+-------+---------------------+--------------------+---------------+-----------------+-------------+
; Pin           ; I/O Standard ; Near Tline Length ; Near Tline L per Length ; Near Tline C per Length ; Near Series R ; Near Differential R ; Near Pull-up R ; Near Pull-down R ; Near C ; Far Tline Length ; Far Tline L per Length ; Far Tline C per Length ; Far Series R ; Far Pull-up R ; Far Pull-down R ; Far C ; Termination Voltage ; Far Differential R ; EBD File Name ; EBD Signal Name ; EBD Far-end ;
+---------------+--------------+-------------------+-------------------------+-------------------------+---------------+---------------------+----------------+------------------+--------+------------------+------------------------+------------------------+--------------+---------------+-----------------+-------+---------------------+--------------------+---------------+-----------------+-------------+
; HEX0[0]       ; 2.5 V        ; 0 in              ; 0 H/in                  ; 0 F/in                  ; short         ; -                   ; open           ; open             ; open   ; 0 in             ; 0 H/in                 ; 0 F/in                 ; short        ; open          ; open            ; open  ; 0 V                 ; -                  ; n/a           ; n/a             ; n/a         ;
; HEX0[1]       ; 2.5 V        ; 0 in              ; 0 H/in                  ; 0 F/in                  ; short         ; -                   ; open           ; open             ; open   ; 0 in             ; 0 H/in                 ; 0 F/in                 ; short        ; open          ; open            ; open  ; 0 V                 ; -                  ; n/a           ; n/a             ; n/a         ;
; HEX0[2]       ; 2.5 V        ; 0 in              ; 0 H/in                  ; 0 F/in                  ; short         ; -                   ; open           ; open             ; open   ; 0 in             ; 0 H/in                 ; 0 F/in                 ; short        ; open          ; open            ; open  ; 0 V                 ; -                  ; n/a           ; n/a             ; n/a         ;
; HEX0[3]       ; 2.5 V        ; 0 in              ; 0 H/in                  ; 0 F/in                  ; short         ; -                   ; open           ; open             ; open   ; 0 in             ; 0 H/in                 ; 0 F/in                 ; short        ; open          ; open            ; open  ; 0 V                 ; -                  ; n/a           ; n/a             ; n/a         ;
; HEX0[4]       ; 2.5 V        ; 0 in              ; 0 H/in                  ; 0 F/in                  ; short         ; -                   ; open           ; open             ; open   ; 0 in             ; 0 H/in                 ; 0 F/in                 ; short        ; open          ; open            ; open  ; 0 V                 ; -                  ; n/a           ; n/a             ; n/a         ;
; HEX0[5]       ; 2.5 V        ; 0 in              ; 0 H/in                  ; 0 F/in                  ; short         ; -                   ; open           ; open             ; open   ; 0 in             ; 0 H/in                 ; 0 F/in                 ; short        ; open          ; open            ; open  ; 0 V                 ; -                  ; n/a           ; n/a             ; n/a         ;
; HEX0[6]       ; 2.5 V        ; 0 in              ; 0 H/in                  ; 0 F/in                  ; short         ; -                   ; open           ; open             ; open   ; 0 in             ; 0 H/in                 ; 0 F/in                 ; short        ; open          ; open            ; open  ; 0 V                 ; -                  ; n/a           ; n/a             ; n/a         ;
; HEX1[0]       ; 2.5 V        ; 0 in              ; 0 H/in                  ; 0 F/in                  ; short         ; -                   ; open           ; open             ; open   ; 0 in             ; 0 H/in                 ; 0 F/in                 ; short        ; open          ; open            ; open  ; 0 V                 ; -                  ; n/a           ; n/a             ; n/a         ;
; HEX1[1]       ; 2.5 V        ; 0 in              ; 0 H/in                  ; 0 F/in                  ; short         ; -                   ; open           ; open             ; open   ; 0 in             ; 0 H/in                 ; 0 F/in                 ; short        ; open          ; open            ; open  ; 0 V                 ; -                  ; n/a           ; n/a             ; n/a         ;
; HEX1[2]       ; 2.5 V        ; 0 in              ; 0 H/in                  ; 0 F/in                  ; short         ; -                   ; open           ; open             ; open   ; 0 in             ; 0 H/in                 ; 0 F/in                 ; short        ; open          ; open            ; open  ; 0 V                 ; -                  ; n/a           ; n/a             ; n/a         ;
; HEX1[3]       ; 2.5 V        ; 0 in              ; 0 H/in                  ; 0 F/in                  ; short         ; -                   ; open           ; open             ; open   ; 0 in             ; 0 H/in                 ; 0 F/in                 ; short        ; open          ; open            ; open  ; 0 V                 ; -                  ; n/a           ; n/a             ; n/a         ;
; HEX1[4]       ; 2.5 V        ; 0 in              ; 0 H/in                  ; 0 F/in                  ; short         ; -                   ; open           ; open             ; open   ; 0 in             ; 0 H/in                 ; 0 F/in                 ; short        ; open          ; open            ; open  ; 0 V                 ; -                  ; n/a           ; n/a             ; n/a         ;
; HEX1[5]       ; 2.5 V        ; 0 in              ; 0 H/in                  ; 0 F/in                  ; short         ; -                   ; open           ; open             ; open   ; 0 in             ; 0 H/in                 ; 0 F/in                 ; short        ; open          ; open            ; open  ; 0 V                 ; -                  ; n/a           ; n/a             ; n/a         ;
; HEX1[6]       ; 2.5 V        ; 0 in              ; 0 H/in                  ; 0 F/in                  ; short         ; -                   ; open           ; open             ; open   ; 0 in             ; 0 H/in                 ; 0 F/in                 ; short        ; open          ; open            ; open  ; 0 V                 ; -                  ; n/a           ; n/a             ; n/a         ;
; HEX2[0]       ; 2.5 V        ; 0 in              ; 0 H/in                  ; 0 F/in                  ; short         ; -                   ; open           ; open             ; open   ; 0 in             ; 0 H/in                 ; 0 F/in                 ; short        ; open          ; open            ; open  ; 0 V                 ; -                  ; n/a           ; n/a             ; n/a         ;
; HEX2[1]       ; 2.5 V        ; 0 in              ; 0 H/in                  ; 0 F/in                  ; short         ; -                   ; open           ; open             ; open   ; 0 in             ; 0 H/in                 ; 0 F/in                 ; short        ; open          ; open            ; open  ; 0 V                 ; -                  ; n/a           ; n/a             ; n/a         ;
; HEX2[2]       ; 2.5 V        ; 0 in              ; 0 H/in                  ; 0 F/in                  ; short         ; -                   ; open           ; open             ; open   ; 0 in             ; 0 H/in                 ; 0 F/in                 ; short        ; open          ; open            ; open  ; 0 V                 ; -                  ; n/a           ; n/a             ; n/a         ;
; HEX2[3]       ; 2.5 V        ; 0 in              ; 0 H/in                  ; 0 F/in                  ; short         ; -                   ; open           ; open             ; open   ; 0 in             ; 0 H/in                 ; 0 F/in                 ; short        ; open          ; open            ; open  ; 0 V                 ; -                  ; n/a           ; n/a             ; n/a         ;
; HEX2[4]       ; 2.5 V        ; 0 in              ; 0 H/in                  ; 0 F/in                  ; short         ; -                   ; open           ; open             ; open   ; 0 in             ; 0 H/in                 ; 0 F/in                 ; short        ; open          ; open            ; open  ; 0 V                 ; -                  ; n/a           ; n/a             ; n/a         ;
; HEX2[5]       ; 2.5 V        ; 0 in              ; 0 H/in                  ; 0 F/in                  ; short         ; -                   ; open           ; open             ; open   ; 0 in             ; 0 H/in                 ; 0 F/in                 ; short        ; open          ; open            ; open  ; 0 V                 ; -                  ; n/a           ; n/a             ; n/a         ;
; HEX2[6]       ; 2.5 V        ; 0 in              ; 0 H/in                  ; 0 F/in                  ; short         ; -                   ; open           ; open             ; open   ; 0 in             ; 0 H/in                 ; 0 F/in                 ; short        ; open          ; open            ; open  ; 0 V                 ; -                  ; n/a           ; n/a             ; n/a         ;
; HEX3[0]       ; 2.5 V        ; 0 in              ; 0 H/in                  ; 0 F/in                  ; short         ; -                   ; open           ; open             ; open   ; 0 in             ; 0 H/in                 ; 0 F/in                 ; short        ; open          ; open            ; open  ; 0 V                 ; -                  ; n/a           ; n/a             ; n/a         ;
; HEX3[1]       ; 2.5 V        ; 0 in              ; 0 H/in                  ; 0 F/in                  ; short         ; -                   ; open           ; open             ; open   ; 0 in             ; 0 H/in                 ; 0 F/in                 ; short        ; open          ; open            ; open  ; 0 V                 ; -                  ; n/a           ; n/a             ; n/a         ;
; HEX3[2]       ; 2.5 V        ; 0 in              ; 0 H/in                  ; 0 F/in                  ; short         ; -                   ; open           ; open             ; open   ; 0 in             ; 0 H/in                 ; 0 F/in                 ; short        ; open          ; open            ; open  ; 0 V                 ; -                  ; n/a           ; n/a             ; n/a         ;
; HEX3[3]       ; 2.5 V        ; 0 in              ; 0 H/in                  ; 0 F/in                  ; short         ; -                   ; open           ; open             ; open   ; 0 in             ; 0 H/in                 ; 0 F/in                 ; short        ; open          ; open            ; open  ; 0 V                 ; -                  ; n/a           ; n/a             ; n/a         ;
; HEX3[4]       ; 2.5 V        ; 0 in              ; 0 H/in                  ; 0 F/in                  ; short         ; -                   ; open           ; open             ; open   ; 0 in             ; 0 H/in                 ; 0 F/in                 ; short        ; open          ; open            ; open  ; 0 V                 ; -                  ; n/a           ; n/a             ; n/a         ;
; HEX3[5]       ; 2.5 V        ; 0 in              ; 0 H/in                  ; 0 F/in                  ; short         ; -                   ; open           ; open             ; open   ; 0 in             ; 0 H/in                 ; 0 F/in                 ; short        ; open          ; open            ; open  ; 0 V                 ; -                  ; n/a           ; n/a             ; n/a         ;
; HEX3[6]       ; 2.5 V        ; 0 in              ; 0 H/in                  ; 0 F/in                  ; short         ; -                   ; open           ; open             ; open   ; 0 in             ; 0 H/in                 ; 0 F/in                 ; short        ; open          ; open            ; open  ; 0 V                 ; -                  ; n/a           ; n/a             ; n/a         ;
; HEX4[0]       ; 2.5 V        ; 0 in              ; 0 H/in                  ; 0 F/in                  ; short         ; -                   ; open           ; open             ; open   ; 0 in             ; 0 H/in                 ; 0 F/in                 ; short        ; open          ; open            ; open  ; 0 V                 ; -                  ; n/a           ; n/a             ; n/a         ;
; HEX4[1]       ; 2.5 V        ; 0 in              ; 0 H/in                  ; 0 F/in                  ; short         ; -                   ; open           ; open             ; open   ; 0 in             ; 0 H/in                 ; 0 F/in                 ; short        ; open          ; open            ; open  ; 0 V                 ; -                  ; n/a           ; n/a             ; n/a         ;
; HEX4[2]       ; 2.5 V        ; 0 in              ; 0 H/in                  ; 0 F/in                  ; short         ; -                   ; open           ; open             ; open   ; 0 in             ; 0 H/in                 ; 0 F/in                 ; short        ; open          ; open            ; open  ; 0 V                 ; -                  ; n/a           ; n/a             ; n/a         ;
; HEX4[3]       ; 2.5 V        ; 0 in              ; 0 H/in                  ; 0 F/in                  ; short         ; -                   ; open           ; open             ; open   ; 0 in             ; 0 H/in                 ; 0 F/in                 ; short        ; open          ; open            ; open  ; 0 V                 ; -                  ; n/a           ; n/a             ; n/a         ;
; HEX4[4]       ; 2.5 V        ; 0 in              ; 0 H/in                  ; 0 F/in                  ; short         ; -                   ; open           ; open             ; open   ; 0 in             ; 0 H/in                 ; 0 F/in                 ; short        ; open          ; open            ; open  ; 0 V                 ; -                  ; n/a           ; n/a             ; n/a         ;
; HEX4[5]       ; 2.5 V        ; 0 in              ; 0 H/in                  ; 0 F/in                  ; short         ; -                   ; open           ; open             ; open   ; 0 in             ; 0 H/in                 ; 0 F/in                 ; short        ; open          ; open            ; open  ; 0 V                 ; -                  ; n/a           ; n/a             ; n/a         ;
; HEX4[6]       ; 2.5 V        ; 0 in              ; 0 H/in                  ; 0 F/in                  ; short         ; -                   ; open           ; open             ; open   ; 0 in             ; 0 H/in                 ; 0 F/in                 ; short        ; open          ; open            ; open  ; 0 V                 ; -                  ; n/a           ; n/a             ; n/a         ;
; HEX5[0]       ; 2.5 V        ; 0 in              ; 0 H/in                  ; 0 F/in                  ; short         ; -                   ; open           ; open             ; open   ; 0 in             ; 0 H/in                 ; 0 F/in                 ; short        ; open          ; open            ; open  ; 0 V                 ; -                  ; n/a           ; n/a             ; n/a         ;
; HEX5[1]       ; 2.5 V        ; 0 in              ; 0 H/in                  ; 0 F/in                  ; short         ; -                   ; open           ; open             ; open   ; 0 in             ; 0 H/in                 ; 0 F/in                 ; short        ; open          ; open            ; open  ; 0 V                 ; -                  ; n/a           ; n/a             ; n/a         ;
; HEX5[2]       ; 2.5 V        ; 0 in              ; 0 H/in                  ; 0 F/in                  ; short         ; -                   ; open           ; open             ; open   ; 0 in             ; 0 H/in                 ; 0 F/in                 ; short        ; open          ; open            ; open  ; 0 V                 ; -                  ; n/a           ; n/a             ; n/a         ;
; HEX5[3]       ; 2.5 V        ; 0 in              ; 0 H/in                  ; 0 F/in                  ; short         ; -                   ; open           ; open             ; open   ; 0 in             ; 0 H/in                 ; 0 F/in                 ; short        ; open          ; open            ; open  ; 0 V                 ; -                  ; n/a           ; n/a             ; n/a         ;
; HEX5[4]       ; 2.5 V        ; 0 in              ; 0 H/in                  ; 0 F/in                  ; short         ; -                   ; open           ; open             ; open   ; 0 in             ; 0 H/in                 ; 0 F/in                 ; short        ; open          ; open            ; open  ; 0 V                 ; -                  ; n/a           ; n/a             ; n/a         ;
; HEX5[5]       ; 2.5 V        ; 0 in              ; 0 H/in                  ; 0 F/in                  ; short         ; -                   ; open           ; open             ; open   ; 0 in             ; 0 H/in                 ; 0 F/in                 ; short        ; open          ; open            ; open  ; 0 V                 ; -                  ; n/a           ; n/a             ; n/a         ;
; HEX5[6]       ; 2.5 V        ; 0 in              ; 0 H/in                  ; 0 F/in                  ; short         ; -                   ; open           ; open             ; open   ; 0 in             ; 0 H/in                 ; 0 F/in                 ; short        ; open          ; open            ; open  ; 0 V                 ; -                  ; n/a           ; n/a             ; n/a         ;
; ~ALTERA_DCLK~ ; 2.5 V        ; 0 in              ; 0 H/in                  ; 0 F/in                  ; short         ; -                   ; open           ; open             ; open   ; 0 in             ; 0 H/in                 ; 0 F/in                 ; short        ; open          ; open            ; open  ; 0 V                 ; -                  ; n/a           ; n/a             ; n/a         ;
; ~ALTERA_nCEO~ ; 2.5 V        ; 0 in              ; 0 H/in                  ; 0 F/in                  ; short         ; -                   ; open           ; open             ; open   ; 0 in             ; 0 H/in                 ; 0 F/in                 ; short        ; open          ; open            ; open  ; 0 V                 ; -                  ; n/a           ; n/a             ; n/a         ;
+---------------+--------------+-------------------+-------------------------+-------------------------+---------------+---------------------+----------------+------------------+--------+------------------+------------------------+------------------------+--------------+---------------+-----------------+-------+---------------------+--------------------+---------------+-----------------+-------------+


+----------------------------------------------------------------------------+
; Input Transition Times                                                     ;
+-------------------------+--------------+-----------------+-----------------+
; Pin                     ; I/O Standard ; 10-90 Rise Time ; 90-10 Fall Time ;
+-------------------------+--------------+-----------------+-----------------+
; SW[12]                  ; 2.5 V        ; 2000 ps         ; 2000 ps         ;
; SW[13]                  ; 2.5 V        ; 2000 ps         ; 2000 ps         ;
; SW[14]                  ; 2.5 V        ; 2000 ps         ; 2000 ps         ;
; SW[15]                  ; 2.5 V        ; 2000 ps         ; 2000 ps         ;
; SW[8]                   ; 2.5 V        ; 2000 ps         ; 2000 ps         ;
; SW[11]                  ; 2.5 V        ; 2000 ps         ; 2000 ps         ;
; SW[10]                  ; 2.5 V        ; 2000 ps         ; 2000 ps         ;
; SW[9]                   ; 2.5 V        ; 2000 ps         ; 2000 ps         ;
; SW[0]                   ; 2.5 V        ; 2000 ps         ; 2000 ps         ;
; SW[1]                   ; 2.5 V        ; 2000 ps         ; 2000 ps         ;
; SW[2]                   ; 2.5 V        ; 2000 ps         ; 2000 ps         ;
; SW[3]                   ; 2.5 V        ; 2000 ps         ; 2000 ps         ;
; SW[4]                   ; 2.5 V        ; 2000 ps         ; 2000 ps         ;
; SW[5]                   ; 2.5 V        ; 2000 ps         ; 2000 ps         ;
; SW[6]                   ; 2.5 V        ; 2000 ps         ; 2000 ps         ;
; SW[7]                   ; 2.5 V        ; 2000 ps         ; 2000 ps         ;
; KEY[0]                  ; 2.5 V        ; 2000 ps         ; 2000 ps         ;
; ~ALTERA_ASDO_DATA1~     ; 2.5 V        ; 2000 ps         ; 2000 ps         ;
; ~ALTERA_FLASH_nCE_nCSO~ ; 2.5 V        ; 2000 ps         ; 2000 ps         ;
; ~ALTERA_DATA0~          ; 2.5 V        ; 2000 ps         ; 2000 ps         ;
+-------------------------+--------------+-----------------+-----------------+


+--------------------------------------------------------------------------------------------------------------------------------------------------------------------------------------------------------------------------------------------------------------------------------------------------------------------------------------------------------------------------------------------------------------------------------------------------------------------------------------------------------------------------------------------------------------------------------------------------------------------------------------------------------------------------------------------+
; Signal Integrity Metrics (Slow 1200mv 0c Model)                                                                                                                                                                                                                                                                                                                                                                                                                                                                                                                                                                                                                                            ;
+---------------+--------------+---------------------+---------------------+------------------------------+------------------------------+---------------------+---------------------+--------------------------------------+--------------------------------------+-----------------------------+-----------------------------+----------------------------+----------------------------+-----------------------------+-----------------------------+--------------------+--------------------+-------------------------------------+-------------------------------------+----------------------------+----------------------------+---------------------------+---------------------------+
; Pin           ; I/O Standard ; Board Delay on Rise ; Board Delay on Fall ; Steady State Voh at FPGA Pin ; Steady State Vol at FPGA Pin ; Voh Max at FPGA Pin ; Vol Min at FPGA Pin ; Ringback Voltage on Rise at FPGA Pin ; Ringback Voltage on Fall at FPGA Pin ; 10-90 Rise Time at FPGA Pin ; 90-10 Fall Time at FPGA Pin ; Monotonic Rise at FPGA Pin ; Monotonic Fall at FPGA Pin ; Steady State Voh at Far-end ; Steady State Vol at Far-end ; Voh Max at Far-end ; Vol Min at Far-end ; Ringback Voltage on Rise at Far-end ; Ringback Voltage on Fall at Far-end ; 10-90 Rise Time at Far-end ; 90-10 Fall Time at Far-end ; Monotonic Rise at Far-end ; Monotonic Fall at Far-end ;
+---------------+--------------+---------------------+---------------------+------------------------------+------------------------------+---------------------+---------------------+--------------------------------------+--------------------------------------+-----------------------------+-----------------------------+----------------------------+----------------------------+-----------------------------+-----------------------------+--------------------+--------------------+-------------------------------------+-------------------------------------+----------------------------+----------------------------+---------------------------+---------------------------+
; HEX0[0]       ; 2.5 V        ; 0 s                 ; 0 s                 ; 2.32 V                       ; 4.49e-09 V                   ; 2.38 V              ; -0.00552 V          ; 0.096 V                              ; 0.019 V                              ; 4.18e-10 s                  ; 3.59e-10 s                  ; No                         ; Yes                        ; 2.32 V                      ; 4.49e-09 V                  ; 2.38 V             ; -0.00552 V         ; 0.096 V                             ; 0.019 V                             ; 4.18e-10 s                 ; 3.59e-10 s                 ; No                        ; Yes                       ;
; HEX0[1]       ; 2.5 V        ; 0 s                 ; 0 s                 ; 2.32 V                       ; 4.49e-09 V                   ; 2.33 V              ; -0.00467 V          ; 0.226 V                              ; 0.087 V                              ; 2.91e-09 s                  ; 2.74e-09 s                  ; Yes                        ; Yes                        ; 2.32 V                      ; 4.49e-09 V                  ; 2.33 V             ; -0.00467 V         ; 0.226 V                             ; 0.087 V                             ; 2.91e-09 s                 ; 2.74e-09 s                 ; Yes                       ; Yes                       ;
; HEX0[2]       ; 2.5 V        ; 0 s                 ; 0 s                 ; 2.32 V                       ; 4.49e-09 V                   ; 2.38 V              ; -0.00552 V          ; 0.096 V                              ; 0.019 V                              ; 4.18e-10 s                  ; 3.59e-10 s                  ; No                         ; Yes                        ; 2.32 V                      ; 4.49e-09 V                  ; 2.38 V             ; -0.00552 V         ; 0.096 V                             ; 0.019 V                             ; 4.18e-10 s                 ; 3.59e-10 s                 ; No                        ; Yes                       ;
; HEX0[3]       ; 2.5 V        ; 0 s                 ; 0 s                 ; 2.32 V                       ; 3.07e-09 V                   ; 2.38 V              ; -0.0144 V           ; 0.227 V                              ; 0.024 V                              ; 3.14e-10 s                  ; 3.39e-10 s                  ; Yes                        ; Yes                        ; 2.32 V                      ; 3.07e-09 V                  ; 2.38 V             ; -0.0144 V          ; 0.227 V                             ; 0.024 V                             ; 3.14e-10 s                 ; 3.39e-10 s                 ; Yes                       ; Yes                       ;
; HEX0[4]       ; 2.5 V        ; 0 s                 ; 0 s                 ; 2.32 V                       ; 3.07e-09 V                   ; 2.38 V              ; -0.0144 V           ; 0.227 V                              ; 0.024 V                              ; 3.14e-10 s                  ; 3.39e-10 s                  ; Yes                        ; Yes                        ; 2.32 V                      ; 3.07e-09 V                  ; 2.38 V             ; -0.0144 V          ; 0.227 V                             ; 0.024 V                             ; 3.14e-10 s                 ; 3.39e-10 s                 ; Yes                       ; Yes                       ;
; HEX0[5]       ; 2.5 V        ; 0 s                 ; 0 s                 ; 2.32 V                       ; 3.07e-09 V                   ; 2.33 V              ; -0.00496 V          ; 0.223 V                              ; 0.086 V                              ; 2.9e-09 s                   ; 2.73e-09 s                  ; Yes                        ; Yes                        ; 2.32 V                      ; 3.07e-09 V                  ; 2.33 V             ; -0.00496 V         ; 0.223 V                             ; 0.086 V                             ; 2.9e-09 s                  ; 2.73e-09 s                 ; Yes                       ; Yes                       ;
; HEX0[6]       ; 2.5 V        ; 0 s                 ; 0 s                 ; 2.32 V                       ; 3.07e-09 V                   ; 2.38 V              ; -0.0144 V           ; 0.227 V                              ; 0.024 V                              ; 3.14e-10 s                  ; 3.39e-10 s                  ; Yes                        ; Yes                        ; 2.32 V                      ; 3.07e-09 V                  ; 2.38 V             ; -0.0144 V          ; 0.227 V                             ; 0.024 V                             ; 3.14e-10 s                 ; 3.39e-10 s                 ; Yes                       ; Yes                       ;
; HEX1[0]       ; 2.5 V        ; 0 s                 ; 0 s                 ; 2.32 V                       ; 3.07e-09 V                   ; 2.38 V              ; -0.0144 V           ; 0.227 V                              ; 0.024 V                              ; 3.14e-10 s                  ; 3.39e-10 s                  ; Yes                        ; Yes                        ; 2.32 V                      ; 3.07e-09 V                  ; 2.38 V             ; -0.0144 V          ; 0.227 V                             ; 0.024 V                             ; 3.14e-10 s                 ; 3.39e-10 s                 ; Yes                       ; Yes                       ;
; HEX1[1]       ; 2.5 V        ; 0 s                 ; 0 s                 ; 2.32 V                       ; 3.07e-09 V                   ; 2.37 V              ; -0.00994 V          ; 0.186 V                              ; 0.028 V                              ; 4.98e-10 s                  ; 4.96e-10 s                  ; Yes                        ; Yes                        ; 2.32 V                      ; 3.07e-09 V                  ; 2.37 V             ; -0.00994 V         ; 0.186 V                             ; 0.028 V                             ; 4.98e-10 s                 ; 4.96e-10 s                 ; Yes                       ; Yes                       ;
; HEX1[2]       ; 2.5 V        ; 0 s                 ; 0 s                 ; 2.32 V                       ; 3.07e-09 V                   ; 2.37 V              ; -0.00994 V          ; 0.186 V                              ; 0.028 V                              ; 4.98e-10 s                  ; 4.96e-10 s                  ; Yes                        ; Yes                        ; 2.32 V                      ; 3.07e-09 V                  ; 2.37 V             ; -0.00994 V         ; 0.186 V                             ; 0.028 V                             ; 4.98e-10 s                 ; 4.96e-10 s                 ; Yes                       ; Yes                       ;
; HEX1[3]       ; 2.5 V        ; 0 s                 ; 0 s                 ; 2.32 V                       ; 3.07e-09 V                   ; 2.37 V              ; -0.00994 V          ; 0.186 V                              ; 0.028 V                              ; 4.98e-10 s                  ; 4.96e-10 s                  ; Yes                        ; Yes                        ; 2.32 V                      ; 3.07e-09 V                  ; 2.37 V             ; -0.00994 V         ; 0.186 V                             ; 0.028 V                             ; 4.98e-10 s                 ; 4.96e-10 s                 ; Yes                       ; Yes                       ;
; HEX1[4]       ; 2.5 V        ; 0 s                 ; 0 s                 ; 2.32 V                       ; 3.07e-09 V                   ; 2.37 V              ; -0.00994 V          ; 0.186 V                              ; 0.028 V                              ; 4.98e-10 s                  ; 4.96e-10 s                  ; Yes                        ; Yes                        ; 2.32 V                      ; 3.07e-09 V                  ; 2.37 V             ; -0.00994 V         ; 0.186 V                             ; 0.028 V                             ; 4.98e-10 s                 ; 4.96e-10 s                 ; Yes                       ; Yes                       ;
; HEX1[5]       ; 2.5 V        ; 0 s                 ; 0 s                 ; 2.32 V                       ; 3.07e-09 V                   ; 2.33 V              ; -0.00496 V          ; 0.223 V                              ; 0.086 V                              ; 2.9e-09 s                   ; 2.73e-09 s                  ; Yes                        ; Yes                        ; 2.32 V                      ; 3.07e-09 V                  ; 2.33 V             ; -0.00496 V         ; 0.223 V                             ; 0.086 V                             ; 2.9e-09 s                  ; 2.73e-09 s                 ; Yes                       ; Yes                       ;
; HEX1[6]       ; 2.5 V        ; 0 s                 ; 0 s                 ; 2.32 V                       ; 3.07e-09 V                   ; 2.33 V              ; -0.00496 V          ; 0.223 V                              ; 0.086 V                              ; 2.9e-09 s                   ; 2.73e-09 s                  ; Yes                        ; Yes                        ; 2.32 V                      ; 3.07e-09 V                  ; 2.33 V             ; -0.00496 V         ; 0.223 V                             ; 0.086 V                             ; 2.9e-09 s                  ; 2.73e-09 s                 ; Yes                       ; Yes                       ;
; HEX2[0]       ; 2.5 V        ; 0 s                 ; 0 s                 ; 2.32 V                       ; 3.07e-09 V                   ; 2.37 V              ; -0.00994 V          ; 0.186 V                              ; 0.028 V                              ; 4.98e-10 s                  ; 4.96e-10 s                  ; Yes                        ; Yes                        ; 2.32 V                      ; 3.07e-09 V                  ; 2.37 V             ; -0.00994 V         ; 0.186 V                             ; 0.028 V                             ; 4.98e-10 s                 ; 4.96e-10 s                 ; Yes                       ; Yes                       ;
; HEX2[1]       ; 2.5 V        ; 0 s                 ; 0 s                 ; 2.32 V                       ; 3.07e-09 V                   ; 2.37 V              ; -0.00994 V          ; 0.186 V                              ; 0.028 V                              ; 4.98e-10 s                  ; 4.96e-10 s                  ; Yes                        ; Yes                        ; 2.32 V                      ; 3.07e-09 V                  ; 2.37 V             ; -0.00994 V         ; 0.186 V                             ; 0.028 V                             ; 4.98e-10 s                 ; 4.96e-10 s                 ; Yes                       ; Yes                       ;
; HEX2[2]       ; 2.5 V        ; 0 s                 ; 0 s                 ; 2.32 V                       ; 3.07e-09 V                   ; 2.37 V              ; -0.00994 V          ; 0.186 V                              ; 0.028 V                              ; 4.98e-10 s                  ; 4.96e-10 s                  ; Yes                        ; Yes                        ; 2.32 V                      ; 3.07e-09 V                  ; 2.37 V             ; -0.00994 V         ; 0.186 V                             ; 0.028 V                             ; 4.98e-10 s                 ; 4.96e-10 s                 ; Yes                       ; Yes                       ;
; HEX2[3]       ; 2.5 V        ; 0 s                 ; 0 s                 ; 2.32 V                       ; 3.07e-09 V                   ; 2.37 V              ; -0.00994 V          ; 0.186 V                              ; 0.028 V                              ; 4.98e-10 s                  ; 4.96e-10 s                  ; Yes                        ; Yes                        ; 2.32 V                      ; 3.07e-09 V                  ; 2.37 V             ; -0.00994 V         ; 0.186 V                             ; 0.028 V                             ; 4.98e-10 s                 ; 4.96e-10 s                 ; Yes                       ; Yes                       ;
; HEX2[4]       ; 2.5 V        ; 0 s                 ; 0 s                 ; 2.32 V                       ; 3.07e-09 V                   ; 2.37 V              ; -0.00994 V          ; 0.186 V                              ; 0.028 V                              ; 4.98e-10 s                  ; 4.96e-10 s                  ; Yes                        ; Yes                        ; 2.32 V                      ; 3.07e-09 V                  ; 2.37 V             ; -0.00994 V         ; 0.186 V                             ; 0.028 V                             ; 4.98e-10 s                 ; 4.96e-10 s                 ; Yes                       ; Yes                       ;
; HEX2[5]       ; 2.5 V        ; 0 s                 ; 0 s                 ; 2.32 V                       ; 3.07e-09 V                   ; 2.37 V              ; -0.00994 V          ; 0.186 V                              ; 0.028 V                              ; 4.98e-10 s                  ; 4.96e-10 s                  ; Yes                        ; Yes                        ; 2.32 V                      ; 3.07e-09 V                  ; 2.37 V             ; -0.00994 V         ; 0.186 V                             ; 0.028 V                             ; 4.98e-10 s                 ; 4.96e-10 s                 ; Yes                       ; Yes                       ;
; HEX2[6]       ; 2.5 V        ; 0 s                 ; 0 s                 ; 2.32 V                       ; 3.07e-09 V                   ; 2.37 V              ; -0.00994 V          ; 0.186 V                              ; 0.028 V                              ; 4.98e-10 s                  ; 4.96e-10 s                  ; Yes                        ; Yes                        ; 2.32 V                      ; 3.07e-09 V                  ; 2.37 V             ; -0.00994 V         ; 0.186 V                             ; 0.028 V                             ; 4.98e-10 s                 ; 4.96e-10 s                 ; Yes                       ; Yes                       ;
; HEX3[0]       ; 2.5 V        ; 0 s                 ; 0 s                 ; 2.32 V                       ; 3.07e-09 V                   ; 2.37 V              ; -0.00994 V          ; 0.186 V                              ; 0.028 V                              ; 4.98e-10 s                  ; 4.96e-10 s                  ; Yes                        ; Yes                        ; 2.32 V                      ; 3.07e-09 V                  ; 2.37 V             ; -0.00994 V         ; 0.186 V                             ; 0.028 V                             ; 4.98e-10 s                 ; 4.96e-10 s                 ; Yes                       ; Yes                       ;
; HEX3[1]       ; 2.5 V        ; 0 s                 ; 0 s                 ; 2.32 V                       ; 3.07e-09 V                   ; 2.38 V              ; -0.0144 V           ; 0.227 V                              ; 0.024 V                              ; 3.14e-10 s                  ; 3.39e-10 s                  ; Yes                        ; Yes                        ; 2.32 V                      ; 3.07e-09 V                  ; 2.38 V             ; -0.0144 V          ; 0.227 V                             ; 0.024 V                             ; 3.14e-10 s                 ; 3.39e-10 s                 ; Yes                       ; Yes                       ;
; HEX3[2]       ; 2.5 V        ; 0 s                 ; 0 s                 ; 2.32 V                       ; 4.49e-09 V                   ; 2.33 V              ; -0.00467 V          ; 0.226 V                              ; 0.087 V                              ; 2.91e-09 s                  ; 2.74e-09 s                  ; Yes                        ; Yes                        ; 2.32 V                      ; 4.49e-09 V                  ; 2.33 V             ; -0.00467 V         ; 0.226 V                             ; 0.087 V                             ; 2.91e-09 s                 ; 2.74e-09 s                 ; Yes                       ; Yes                       ;
; HEX3[3]       ; 2.5 V        ; 0 s                 ; 0 s                 ; 2.32 V                       ; 4.49e-09 V                   ; 2.38 V              ; -0.00552 V          ; 0.096 V                              ; 0.019 V                              ; 4.18e-10 s                  ; 3.59e-10 s                  ; No                         ; Yes                        ; 2.32 V                      ; 4.49e-09 V                  ; 2.38 V             ; -0.00552 V         ; 0.096 V                             ; 0.019 V                             ; 4.18e-10 s                 ; 3.59e-10 s                 ; No                        ; Yes                       ;
; HEX3[4]       ; 2.5 V        ; 0 s                 ; 0 s                 ; 2.32 V                       ; 4.49e-09 V                   ; 2.38 V              ; -0.00552 V          ; 0.096 V                              ; 0.019 V                              ; 4.18e-10 s                  ; 3.59e-10 s                  ; No                         ; Yes                        ; 2.32 V                      ; 4.49e-09 V                  ; 2.38 V             ; -0.00552 V         ; 0.096 V                             ; 0.019 V                             ; 4.18e-10 s                 ; 3.59e-10 s                 ; No                        ; Yes                       ;
; HEX3[5]       ; 2.5 V        ; 0 s                 ; 0 s                 ; 2.32 V                       ; 4.49e-09 V                   ; 2.38 V              ; -0.00552 V          ; 0.096 V                              ; 0.019 V                              ; 4.18e-10 s                  ; 3.59e-10 s                  ; No                         ; Yes                        ; 2.32 V                      ; 4.49e-09 V                  ; 2.38 V             ; -0.00552 V         ; 0.096 V                             ; 0.019 V                             ; 4.18e-10 s                 ; 3.59e-10 s                 ; No                        ; Yes                       ;
; HEX3[6]       ; 2.5 V        ; 0 s                 ; 0 s                 ; 2.32 V                       ; 4.49e-09 V                   ; 2.38 V              ; -0.00552 V          ; 0.096 V                              ; 0.019 V                              ; 4.18e-10 s                  ; 3.59e-10 s                  ; No                         ; Yes                        ; 2.32 V                      ; 4.49e-09 V                  ; 2.38 V             ; -0.00552 V         ; 0.096 V                             ; 0.019 V                             ; 4.18e-10 s                 ; 3.59e-10 s                 ; No                        ; Yes                       ;
; HEX4[0]       ; 2.5 V        ; 0 s                 ; 0 s                 ; 2.32 V                       ; 4.49e-09 V                   ; 2.38 V              ; -0.00552 V          ; 0.096 V                              ; 0.019 V                              ; 4.18e-10 s                  ; 3.59e-10 s                  ; No                         ; Yes                        ; 2.32 V                      ; 4.49e-09 V                  ; 2.38 V             ; -0.00552 V         ; 0.096 V                             ; 0.019 V                             ; 4.18e-10 s                 ; 3.59e-10 s                 ; No                        ; Yes                       ;
; HEX4[1]       ; 2.5 V        ; 0 s                 ; 0 s                 ; 2.32 V                       ; 4.49e-09 V                   ; 2.38 V              ; -0.00552 V          ; 0.096 V                              ; 0.019 V                              ; 4.18e-10 s                  ; 3.59e-10 s                  ; No                         ; Yes                        ; 2.32 V                      ; 4.49e-09 V                  ; 2.38 V             ; -0.00552 V         ; 0.096 V                             ; 0.019 V                             ; 4.18e-10 s                 ; 3.59e-10 s                 ; No                        ; Yes                       ;
; HEX4[2]       ; 2.5 V        ; 0 s                 ; 0 s                 ; 2.32 V                       ; 4.49e-09 V                   ; 2.38 V              ; -0.00552 V          ; 0.096 V                              ; 0.019 V                              ; 4.18e-10 s                  ; 3.59e-10 s                  ; No                         ; Yes                        ; 2.32 V                      ; 4.49e-09 V                  ; 2.38 V             ; -0.00552 V         ; 0.096 V                             ; 0.019 V                             ; 4.18e-10 s                 ; 3.59e-10 s                 ; No                        ; Yes                       ;
; HEX4[3]       ; 2.5 V        ; 0 s                 ; 0 s                 ; 2.32 V                       ; 4.49e-09 V                   ; 2.38 V              ; -0.00552 V          ; 0.096 V                              ; 0.019 V                              ; 4.18e-10 s                  ; 3.59e-10 s                  ; No                         ; Yes                        ; 2.32 V                      ; 4.49e-09 V                  ; 2.38 V             ; -0.00552 V         ; 0.096 V                             ; 0.019 V                             ; 4.18e-10 s                 ; 3.59e-10 s                 ; No                        ; Yes                       ;
; HEX4[4]       ; 2.5 V        ; 0 s                 ; 0 s                 ; 2.32 V                       ; 4.49e-09 V                   ; 2.38 V              ; -0.00552 V          ; 0.096 V                              ; 0.019 V                              ; 4.18e-10 s                  ; 3.59e-10 s                  ; No                         ; Yes                        ; 2.32 V                      ; 4.49e-09 V                  ; 2.38 V             ; -0.00552 V         ; 0.096 V                             ; 0.019 V                             ; 4.18e-10 s                 ; 3.59e-10 s                 ; No                        ; Yes                       ;
; HEX4[5]       ; 2.5 V        ; 0 s                 ; 0 s                 ; 2.32 V                       ; 4.49e-09 V                   ; 2.38 V              ; -0.00552 V          ; 0.096 V                              ; 0.019 V                              ; 4.18e-10 s                  ; 3.59e-10 s                  ; No                         ; Yes                        ; 2.32 V                      ; 4.49e-09 V                  ; 2.38 V             ; -0.00552 V         ; 0.096 V                             ; 0.019 V                             ; 4.18e-10 s                 ; 3.59e-10 s                 ; No                        ; Yes                       ;
; HEX4[6]       ; 2.5 V        ; 0 s                 ; 0 s                 ; 2.32 V                       ; 4.49e-09 V                   ; 2.38 V              ; -0.00552 V          ; 0.096 V                              ; 0.019 V                              ; 4.18e-10 s                  ; 3.59e-10 s                  ; No                         ; Yes                        ; 2.32 V                      ; 4.49e-09 V                  ; 2.38 V             ; -0.00552 V         ; 0.096 V                             ; 0.019 V                             ; 4.18e-10 s                 ; 3.59e-10 s                 ; No                        ; Yes                       ;
; HEX5[0]       ; 2.5 V        ; 0 s                 ; 0 s                 ; 2.32 V                       ; 4.49e-09 V                   ; 2.38 V              ; -0.00552 V          ; 0.096 V                              ; 0.019 V                              ; 4.18e-10 s                  ; 3.59e-10 s                  ; No                         ; Yes                        ; 2.32 V                      ; 4.49e-09 V                  ; 2.38 V             ; -0.00552 V         ; 0.096 V                             ; 0.019 V                             ; 4.18e-10 s                 ; 3.59e-10 s                 ; No                        ; Yes                       ;
; HEX5[1]       ; 2.5 V        ; 0 s                 ; 0 s                 ; 2.32 V                       ; 4.49e-09 V                   ; 2.33 V              ; -0.00467 V          ; 0.226 V                              ; 0.087 V                              ; 2.91e-09 s                  ; 2.74e-09 s                  ; Yes                        ; Yes                        ; 2.32 V                      ; 4.49e-09 V                  ; 2.33 V             ; -0.00467 V         ; 0.226 V                             ; 0.087 V                             ; 2.91e-09 s                 ; 2.74e-09 s                 ; Yes                       ; Yes                       ;
; HEX5[2]       ; 2.5 V        ; 0 s                 ; 0 s                 ; 2.32 V                       ; 4.49e-09 V                   ; 2.38 V              ; -0.00552 V          ; 0.096 V                              ; 0.019 V                              ; 4.18e-10 s                  ; 3.59e-10 s                  ; No                         ; Yes                        ; 2.32 V                      ; 4.49e-09 V                  ; 2.38 V             ; -0.00552 V         ; 0.096 V                             ; 0.019 V                             ; 4.18e-10 s                 ; 3.59e-10 s                 ; No                        ; Yes                       ;
; HEX5[3]       ; 2.5 V        ; 0 s                 ; 0 s                 ; 2.32 V                       ; 4.49e-09 V                   ; 2.38 V              ; -0.00552 V          ; 0.096 V                              ; 0.019 V                              ; 4.18e-10 s                  ; 3.59e-10 s                  ; No                         ; Yes                        ; 2.32 V                      ; 4.49e-09 V                  ; 2.38 V             ; -0.00552 V         ; 0.096 V                             ; 0.019 V                             ; 4.18e-10 s                 ; 3.59e-10 s                 ; No                        ; Yes                       ;
; HEX5[4]       ; 2.5 V        ; 0 s                 ; 0 s                 ; 2.32 V                       ; 4.49e-09 V                   ; 2.38 V              ; -0.00552 V          ; 0.096 V                              ; 0.019 V                              ; 4.18e-10 s                  ; 3.59e-10 s                  ; No                         ; Yes                        ; 2.32 V                      ; 4.49e-09 V                  ; 2.38 V             ; -0.00552 V         ; 0.096 V                             ; 0.019 V                             ; 4.18e-10 s                 ; 3.59e-10 s                 ; No                        ; Yes                       ;
; HEX5[5]       ; 2.5 V        ; 0 s                 ; 0 s                 ; 2.32 V                       ; 4.49e-09 V                   ; 2.38 V              ; -0.00552 V          ; 0.096 V                              ; 0.019 V                              ; 4.18e-10 s                  ; 3.59e-10 s                  ; No                         ; Yes                        ; 2.32 V                      ; 4.49e-09 V                  ; 2.38 V             ; -0.00552 V         ; 0.096 V                             ; 0.019 V                             ; 4.18e-10 s                 ; 3.59e-10 s                 ; No                        ; Yes                       ;
; HEX5[6]       ; 2.5 V        ; 0 s                 ; 0 s                 ; 2.32 V                       ; 4.49e-09 V                   ; 2.38 V              ; -0.00552 V          ; 0.096 V                              ; 0.019 V                              ; 4.18e-10 s                  ; 3.59e-10 s                  ; No                         ; Yes                        ; 2.32 V                      ; 4.49e-09 V                  ; 2.38 V             ; -0.00552 V         ; 0.096 V                             ; 0.019 V                             ; 4.18e-10 s                 ; 3.59e-10 s                 ; No                        ; Yes                       ;
; ~ALTERA_DCLK~ ; 2.5 V        ; 0 s                 ; 0 s                 ; 2.32 V                       ; 2.67e-09 V                   ; 2.38 V              ; -0.0485 V           ; 0.167 V                              ; 0.096 V                              ; 2.95e-10 s                  ; 2.73e-10 s                  ; Yes                        ; Yes                        ; 2.32 V                      ; 2.67e-09 V                  ; 2.38 V             ; -0.0485 V          ; 0.167 V                             ; 0.096 V                             ; 2.95e-10 s                 ; 2.73e-10 s                 ; Yes                       ; Yes                       ;
; ~ALTERA_nCEO~ ; 2.5 V        ; 0 s                 ; 0 s                 ; 2.32 V                       ; 4.18e-09 V                   ; 2.38 V              ; -0.00483 V          ; 0.152 V                              ; 0.012 V                              ; 4.81e-10 s                  ; 6.29e-10 s                  ; Yes                        ; Yes                        ; 2.32 V                      ; 4.18e-09 V                  ; 2.38 V             ; -0.00483 V         ; 0.152 V                             ; 0.012 V                             ; 4.81e-10 s                 ; 6.29e-10 s                 ; Yes                       ; Yes                       ;
+---------------+--------------+---------------------+---------------------+------------------------------+------------------------------+---------------------+---------------------+--------------------------------------+--------------------------------------+-----------------------------+-----------------------------+----------------------------+----------------------------+-----------------------------+-----------------------------+--------------------+--------------------+-------------------------------------+-------------------------------------+----------------------------+----------------------------+---------------------------+---------------------------+


+--------------------------------------------------------------------------------------------------------------------------------------------------------------------------------------------------------------------------------------------------------------------------------------------------------------------------------------------------------------------------------------------------------------------------------------------------------------------------------------------------------------------------------------------------------------------------------------------------------------------------------------------------------------------------------------------+
; Signal Integrity Metrics (Slow 1200mv 85c Model)                                                                                                                                                                                                                                                                                                                                                                                                                                                                                                                                                                                                                                           ;
+---------------+--------------+---------------------+---------------------+------------------------------+------------------------------+---------------------+---------------------+--------------------------------------+--------------------------------------+-----------------------------+-----------------------------+----------------------------+----------------------------+-----------------------------+-----------------------------+--------------------+--------------------+-------------------------------------+-------------------------------------+----------------------------+----------------------------+---------------------------+---------------------------+
; Pin           ; I/O Standard ; Board Delay on Rise ; Board Delay on Fall ; Steady State Voh at FPGA Pin ; Steady State Vol at FPGA Pin ; Voh Max at FPGA Pin ; Vol Min at FPGA Pin ; Ringback Voltage on Rise at FPGA Pin ; Ringback Voltage on Fall at FPGA Pin ; 10-90 Rise Time at FPGA Pin ; 90-10 Fall Time at FPGA Pin ; Monotonic Rise at FPGA Pin ; Monotonic Fall at FPGA Pin ; Steady State Voh at Far-end ; Steady State Vol at Far-end ; Voh Max at Far-end ; Vol Min at Far-end ; Ringback Voltage on Rise at Far-end ; Ringback Voltage on Fall at Far-end ; 10-90 Rise Time at Far-end ; 90-10 Fall Time at Far-end ; Monotonic Rise at Far-end ; Monotonic Fall at Far-end ;
+---------------+--------------+---------------------+---------------------+------------------------------+------------------------------+---------------------+---------------------+--------------------------------------+--------------------------------------+-----------------------------+-----------------------------+----------------------------+----------------------------+-----------------------------+-----------------------------+--------------------+--------------------+-------------------------------------+-------------------------------------+----------------------------+----------------------------+---------------------------+---------------------------+
; HEX0[0]       ; 2.5 V        ; 0 s                 ; 0 s                 ; 2.32 V                       ; 6.92e-07 V                   ; 2.35 V              ; -0.00996 V          ; 0.121 V                              ; 0.03 V                               ; 4.64e-10 s                  ; 4.47e-10 s                  ; Yes                        ; Yes                        ; 2.32 V                      ; 6.92e-07 V                  ; 2.35 V             ; -0.00996 V         ; 0.121 V                             ; 0.03 V                              ; 4.64e-10 s                 ; 4.47e-10 s                 ; Yes                       ; Yes                       ;
; HEX0[1]       ; 2.5 V        ; 0 s                 ; 0 s                 ; 2.32 V                       ; 6.92e-07 V                   ; 2.33 V              ; -0.00265 V          ; 0.133 V                              ; 0.056 V                              ; 3.55e-09 s                  ; 3.31e-09 s                  ; Yes                        ; Yes                        ; 2.32 V                      ; 6.92e-07 V                  ; 2.33 V             ; -0.00265 V         ; 0.133 V                             ; 0.056 V                             ; 3.55e-09 s                 ; 3.31e-09 s                 ; Yes                       ; Yes                       ;
; HEX0[2]       ; 2.5 V        ; 0 s                 ; 0 s                 ; 2.32 V                       ; 6.92e-07 V                   ; 2.35 V              ; -0.00996 V          ; 0.121 V                              ; 0.03 V                               ; 4.64e-10 s                  ; 4.47e-10 s                  ; Yes                        ; Yes                        ; 2.32 V                      ; 6.92e-07 V                  ; 2.35 V             ; -0.00996 V         ; 0.121 V                             ; 0.03 V                              ; 4.64e-10 s                 ; 4.47e-10 s                 ; Yes                       ; Yes                       ;
; HEX0[3]       ; 2.5 V        ; 0 s                 ; 0 s                 ; 2.32 V                       ; 4.67e-07 V                   ; 2.36 V              ; -0.00552 V          ; 0.11 V                               ; 0.007 V                              ; 4.54e-10 s                  ; 4.35e-10 s                  ; Yes                        ; Yes                        ; 2.32 V                      ; 4.67e-07 V                  ; 2.36 V             ; -0.00552 V         ; 0.11 V                              ; 0.007 V                             ; 4.54e-10 s                 ; 4.35e-10 s                 ; Yes                       ; Yes                       ;
; HEX0[4]       ; 2.5 V        ; 0 s                 ; 0 s                 ; 2.32 V                       ; 4.67e-07 V                   ; 2.36 V              ; -0.00552 V          ; 0.11 V                               ; 0.007 V                              ; 4.54e-10 s                  ; 4.35e-10 s                  ; Yes                        ; Yes                        ; 2.32 V                      ; 4.67e-07 V                  ; 2.36 V             ; -0.00552 V         ; 0.11 V                              ; 0.007 V                             ; 4.54e-10 s                 ; 4.35e-10 s                 ; Yes                       ; Yes                       ;
; HEX0[5]       ; 2.5 V        ; 0 s                 ; 0 s                 ; 2.32 V                       ; 4.67e-07 V                   ; 2.33 V              ; -0.00269 V          ; 0.13 V                               ; 0.055 V                              ; 3.54e-09 s                  ; 3.29e-09 s                  ; Yes                        ; Yes                        ; 2.32 V                      ; 4.67e-07 V                  ; 2.33 V             ; -0.00269 V         ; 0.13 V                              ; 0.055 V                             ; 3.54e-09 s                 ; 3.29e-09 s                 ; Yes                       ; Yes                       ;
; HEX0[6]       ; 2.5 V        ; 0 s                 ; 0 s                 ; 2.32 V                       ; 4.67e-07 V                   ; 2.36 V              ; -0.00552 V          ; 0.11 V                               ; 0.007 V                              ; 4.54e-10 s                  ; 4.35e-10 s                  ; Yes                        ; Yes                        ; 2.32 V                      ; 4.67e-07 V                  ; 2.36 V             ; -0.00552 V         ; 0.11 V                              ; 0.007 V                             ; 4.54e-10 s                 ; 4.35e-10 s                 ; Yes                       ; Yes                       ;
; HEX1[0]       ; 2.5 V        ; 0 s                 ; 0 s                 ; 2.32 V                       ; 4.67e-07 V                   ; 2.36 V              ; -0.00552 V          ; 0.11 V                               ; 0.007 V                              ; 4.54e-10 s                  ; 4.35e-10 s                  ; Yes                        ; Yes                        ; 2.32 V                      ; 4.67e-07 V                  ; 2.36 V             ; -0.00552 V         ; 0.11 V                              ; 0.007 V                             ; 4.54e-10 s                 ; 4.35e-10 s                 ; Yes                       ; Yes                       ;
; HEX1[1]       ; 2.5 V        ; 0 s                 ; 0 s                 ; 2.32 V                       ; 4.67e-07 V                   ; 2.35 V              ; -0.00942 V          ; 0.116 V                              ; 0.033 V                              ; 6.66e-10 s                  ; 6.27e-10 s                  ; Yes                        ; Yes                        ; 2.32 V                      ; 4.67e-07 V                  ; 2.35 V             ; -0.00942 V         ; 0.116 V                             ; 0.033 V                             ; 6.66e-10 s                 ; 6.27e-10 s                 ; Yes                       ; Yes                       ;
; HEX1[2]       ; 2.5 V        ; 0 s                 ; 0 s                 ; 2.32 V                       ; 4.67e-07 V                   ; 2.35 V              ; -0.00942 V          ; 0.116 V                              ; 0.033 V                              ; 6.66e-10 s                  ; 6.27e-10 s                  ; Yes                        ; Yes                        ; 2.32 V                      ; 4.67e-07 V                  ; 2.35 V             ; -0.00942 V         ; 0.116 V                             ; 0.033 V                             ; 6.66e-10 s                 ; 6.27e-10 s                 ; Yes                       ; Yes                       ;
; HEX1[3]       ; 2.5 V        ; 0 s                 ; 0 s                 ; 2.32 V                       ; 4.67e-07 V                   ; 2.35 V              ; -0.00942 V          ; 0.116 V                              ; 0.033 V                              ; 6.66e-10 s                  ; 6.27e-10 s                  ; Yes                        ; Yes                        ; 2.32 V                      ; 4.67e-07 V                  ; 2.35 V             ; -0.00942 V         ; 0.116 V                             ; 0.033 V                             ; 6.66e-10 s                 ; 6.27e-10 s                 ; Yes                       ; Yes                       ;
; HEX1[4]       ; 2.5 V        ; 0 s                 ; 0 s                 ; 2.32 V                       ; 4.67e-07 V                   ; 2.35 V              ; -0.00942 V          ; 0.116 V                              ; 0.033 V                              ; 6.66e-10 s                  ; 6.27e-10 s                  ; Yes                        ; Yes                        ; 2.32 V                      ; 4.67e-07 V                  ; 2.35 V             ; -0.00942 V         ; 0.116 V                             ; 0.033 V                             ; 6.66e-10 s                 ; 6.27e-10 s                 ; Yes                       ; Yes                       ;
; HEX1[5]       ; 2.5 V        ; 0 s                 ; 0 s                 ; 2.32 V                       ; 4.67e-07 V                   ; 2.33 V              ; -0.00269 V          ; 0.13 V                               ; 0.055 V                              ; 3.54e-09 s                  ; 3.29e-09 s                  ; Yes                        ; Yes                        ; 2.32 V                      ; 4.67e-07 V                  ; 2.33 V             ; -0.00269 V         ; 0.13 V                              ; 0.055 V                             ; 3.54e-09 s                 ; 3.29e-09 s                 ; Yes                       ; Yes                       ;
; HEX1[6]       ; 2.5 V        ; 0 s                 ; 0 s                 ; 2.32 V                       ; 4.67e-07 V                   ; 2.33 V              ; -0.00269 V          ; 0.13 V                               ; 0.055 V                              ; 3.54e-09 s                  ; 3.29e-09 s                  ; Yes                        ; Yes                        ; 2.32 V                      ; 4.67e-07 V                  ; 2.33 V             ; -0.00269 V         ; 0.13 V                              ; 0.055 V                             ; 3.54e-09 s                 ; 3.29e-09 s                 ; Yes                       ; Yes                       ;
; HEX2[0]       ; 2.5 V        ; 0 s                 ; 0 s                 ; 2.32 V                       ; 4.67e-07 V                   ; 2.35 V              ; -0.00942 V          ; 0.116 V                              ; 0.033 V                              ; 6.66e-10 s                  ; 6.27e-10 s                  ; Yes                        ; Yes                        ; 2.32 V                      ; 4.67e-07 V                  ; 2.35 V             ; -0.00942 V         ; 0.116 V                             ; 0.033 V                             ; 6.66e-10 s                 ; 6.27e-10 s                 ; Yes                       ; Yes                       ;
; HEX2[1]       ; 2.5 V        ; 0 s                 ; 0 s                 ; 2.32 V                       ; 4.67e-07 V                   ; 2.35 V              ; -0.00942 V          ; 0.116 V                              ; 0.033 V                              ; 6.66e-10 s                  ; 6.27e-10 s                  ; Yes                        ; Yes                        ; 2.32 V                      ; 4.67e-07 V                  ; 2.35 V             ; -0.00942 V         ; 0.116 V                             ; 0.033 V                             ; 6.66e-10 s                 ; 6.27e-10 s                 ; Yes                       ; Yes                       ;
; HEX2[2]       ; 2.5 V        ; 0 s                 ; 0 s                 ; 2.32 V                       ; 4.67e-07 V                   ; 2.35 V              ; -0.00942 V          ; 0.116 V                              ; 0.033 V                              ; 6.66e-10 s                  ; 6.27e-10 s                  ; Yes                        ; Yes                        ; 2.32 V                      ; 4.67e-07 V                  ; 2.35 V             ; -0.00942 V         ; 0.116 V                             ; 0.033 V                             ; 6.66e-10 s                 ; 6.27e-10 s                 ; Yes                       ; Yes                       ;
; HEX2[3]       ; 2.5 V        ; 0 s                 ; 0 s                 ; 2.32 V                       ; 4.67e-07 V                   ; 2.35 V              ; -0.00942 V          ; 0.116 V                              ; 0.033 V                              ; 6.66e-10 s                  ; 6.27e-10 s                  ; Yes                        ; Yes                        ; 2.32 V                      ; 4.67e-07 V                  ; 2.35 V             ; -0.00942 V         ; 0.116 V                             ; 0.033 V                             ; 6.66e-10 s                 ; 6.27e-10 s                 ; Yes                       ; Yes                       ;
; HEX2[4]       ; 2.5 V        ; 0 s                 ; 0 s                 ; 2.32 V                       ; 4.67e-07 V                   ; 2.35 V              ; -0.00942 V          ; 0.116 V                              ; 0.033 V                              ; 6.66e-10 s                  ; 6.27e-10 s                  ; Yes                        ; Yes                        ; 2.32 V                      ; 4.67e-07 V                  ; 2.35 V             ; -0.00942 V         ; 0.116 V                             ; 0.033 V                             ; 6.66e-10 s                 ; 6.27e-10 s                 ; Yes                       ; Yes                       ;
; HEX2[5]       ; 2.5 V        ; 0 s                 ; 0 s                 ; 2.32 V                       ; 4.67e-07 V                   ; 2.35 V              ; -0.00942 V          ; 0.116 V                              ; 0.033 V                              ; 6.66e-10 s                  ; 6.27e-10 s                  ; Yes                        ; Yes                        ; 2.32 V                      ; 4.67e-07 V                  ; 2.35 V             ; -0.00942 V         ; 0.116 V                             ; 0.033 V                             ; 6.66e-10 s                 ; 6.27e-10 s                 ; Yes                       ; Yes                       ;
; HEX2[6]       ; 2.5 V        ; 0 s                 ; 0 s                 ; 2.32 V                       ; 4.67e-07 V                   ; 2.35 V              ; -0.00942 V          ; 0.116 V                              ; 0.033 V                              ; 6.66e-10 s                  ; 6.27e-10 s                  ; Yes                        ; Yes                        ; 2.32 V                      ; 4.67e-07 V                  ; 2.35 V             ; -0.00942 V         ; 0.116 V                             ; 0.033 V                             ; 6.66e-10 s                 ; 6.27e-10 s                 ; Yes                       ; Yes                       ;
; HEX3[0]       ; 2.5 V        ; 0 s                 ; 0 s                 ; 2.32 V                       ; 4.67e-07 V                   ; 2.35 V              ; -0.00942 V          ; 0.116 V                              ; 0.033 V                              ; 6.66e-10 s                  ; 6.27e-10 s                  ; Yes                        ; Yes                        ; 2.32 V                      ; 4.67e-07 V                  ; 2.35 V             ; -0.00942 V         ; 0.116 V                             ; 0.033 V                             ; 6.66e-10 s                 ; 6.27e-10 s                 ; Yes                       ; Yes                       ;
; HEX3[1]       ; 2.5 V        ; 0 s                 ; 0 s                 ; 2.32 V                       ; 4.67e-07 V                   ; 2.36 V              ; -0.00552 V          ; 0.11 V                               ; 0.007 V                              ; 4.54e-10 s                  ; 4.35e-10 s                  ; Yes                        ; Yes                        ; 2.32 V                      ; 4.67e-07 V                  ; 2.36 V             ; -0.00552 V         ; 0.11 V                              ; 0.007 V                             ; 4.54e-10 s                 ; 4.35e-10 s                 ; Yes                       ; Yes                       ;
; HEX3[2]       ; 2.5 V        ; 0 s                 ; 0 s                 ; 2.32 V                       ; 6.92e-07 V                   ; 2.33 V              ; -0.00265 V          ; 0.133 V                              ; 0.056 V                              ; 3.55e-09 s                  ; 3.31e-09 s                  ; Yes                        ; Yes                        ; 2.32 V                      ; 6.92e-07 V                  ; 2.33 V             ; -0.00265 V         ; 0.133 V                             ; 0.056 V                             ; 3.55e-09 s                 ; 3.31e-09 s                 ; Yes                       ; Yes                       ;
; HEX3[3]       ; 2.5 V        ; 0 s                 ; 0 s                 ; 2.32 V                       ; 6.92e-07 V                   ; 2.35 V              ; -0.00996 V          ; 0.121 V                              ; 0.03 V                               ; 4.64e-10 s                  ; 4.47e-10 s                  ; Yes                        ; Yes                        ; 2.32 V                      ; 6.92e-07 V                  ; 2.35 V             ; -0.00996 V         ; 0.121 V                             ; 0.03 V                              ; 4.64e-10 s                 ; 4.47e-10 s                 ; Yes                       ; Yes                       ;
; HEX3[4]       ; 2.5 V        ; 0 s                 ; 0 s                 ; 2.32 V                       ; 6.92e-07 V                   ; 2.35 V              ; -0.00996 V          ; 0.121 V                              ; 0.03 V                               ; 4.64e-10 s                  ; 4.47e-10 s                  ; Yes                        ; Yes                        ; 2.32 V                      ; 6.92e-07 V                  ; 2.35 V             ; -0.00996 V         ; 0.121 V                             ; 0.03 V                              ; 4.64e-10 s                 ; 4.47e-10 s                 ; Yes                       ; Yes                       ;
; HEX3[5]       ; 2.5 V        ; 0 s                 ; 0 s                 ; 2.32 V                       ; 6.92e-07 V                   ; 2.35 V              ; -0.00996 V          ; 0.121 V                              ; 0.03 V                               ; 4.64e-10 s                  ; 4.47e-10 s                  ; Yes                        ; Yes                        ; 2.32 V                      ; 6.92e-07 V                  ; 2.35 V             ; -0.00996 V         ; 0.121 V                             ; 0.03 V                              ; 4.64e-10 s                 ; 4.47e-10 s                 ; Yes                       ; Yes                       ;
; HEX3[6]       ; 2.5 V        ; 0 s                 ; 0 s                 ; 2.32 V                       ; 6.92e-07 V                   ; 2.35 V              ; -0.00996 V          ; 0.121 V                              ; 0.03 V                               ; 4.64e-10 s                  ; 4.47e-10 s                  ; Yes                        ; Yes                        ; 2.32 V                      ; 6.92e-07 V                  ; 2.35 V             ; -0.00996 V         ; 0.121 V                             ; 0.03 V                              ; 4.64e-10 s                 ; 4.47e-10 s                 ; Yes                       ; Yes                       ;
; HEX4[0]       ; 2.5 V        ; 0 s                 ; 0 s                 ; 2.32 V                       ; 6.92e-07 V                   ; 2.35 V              ; -0.00996 V          ; 0.121 V                              ; 0.03 V                               ; 4.64e-10 s                  ; 4.47e-10 s                  ; Yes                        ; Yes                        ; 2.32 V                      ; 6.92e-07 V                  ; 2.35 V             ; -0.00996 V         ; 0.121 V                             ; 0.03 V                              ; 4.64e-10 s                 ; 4.47e-10 s                 ; Yes                       ; Yes                       ;
; HEX4[1]       ; 2.5 V        ; 0 s                 ; 0 s                 ; 2.32 V                       ; 6.92e-07 V                   ; 2.35 V              ; -0.00996 V          ; 0.121 V                              ; 0.03 V                               ; 4.64e-10 s                  ; 4.47e-10 s                  ; Yes                        ; Yes                        ; 2.32 V                      ; 6.92e-07 V                  ; 2.35 V             ; -0.00996 V         ; 0.121 V                             ; 0.03 V                              ; 4.64e-10 s                 ; 4.47e-10 s                 ; Yes                       ; Yes                       ;
; HEX4[2]       ; 2.5 V        ; 0 s                 ; 0 s                 ; 2.32 V                       ; 6.92e-07 V                   ; 2.35 V              ; -0.00996 V          ; 0.121 V                              ; 0.03 V                               ; 4.64e-10 s                  ; 4.47e-10 s                  ; Yes                        ; Yes                        ; 2.32 V                      ; 6.92e-07 V                  ; 2.35 V             ; -0.00996 V         ; 0.121 V                             ; 0.03 V                              ; 4.64e-10 s                 ; 4.47e-10 s                 ; Yes                       ; Yes                       ;
; HEX4[3]       ; 2.5 V        ; 0 s                 ; 0 s                 ; 2.32 V                       ; 6.92e-07 V                   ; 2.35 V              ; -0.00996 V          ; 0.121 V                              ; 0.03 V                               ; 4.64e-10 s                  ; 4.47e-10 s                  ; Yes                        ; Yes                        ; 2.32 V                      ; 6.92e-07 V                  ; 2.35 V             ; -0.00996 V         ; 0.121 V                             ; 0.03 V                              ; 4.64e-10 s                 ; 4.47e-10 s                 ; Yes                       ; Yes                       ;
; HEX4[4]       ; 2.5 V        ; 0 s                 ; 0 s                 ; 2.32 V                       ; 6.92e-07 V                   ; 2.35 V              ; -0.00996 V          ; 0.121 V                              ; 0.03 V                               ; 4.64e-10 s                  ; 4.47e-10 s                  ; Yes                        ; Yes                        ; 2.32 V                      ; 6.92e-07 V                  ; 2.35 V             ; -0.00996 V         ; 0.121 V                             ; 0.03 V                              ; 4.64e-10 s                 ; 4.47e-10 s                 ; Yes                       ; Yes                       ;
; HEX4[5]       ; 2.5 V        ; 0 s                 ; 0 s                 ; 2.32 V                       ; 6.92e-07 V                   ; 2.35 V              ; -0.00996 V          ; 0.121 V                              ; 0.03 V                               ; 4.64e-10 s                  ; 4.47e-10 s                  ; Yes                        ; Yes                        ; 2.32 V                      ; 6.92e-07 V                  ; 2.35 V             ; -0.00996 V         ; 0.121 V                             ; 0.03 V                              ; 4.64e-10 s                 ; 4.47e-10 s                 ; Yes                       ; Yes                       ;
; HEX4[6]       ; 2.5 V        ; 0 s                 ; 0 s                 ; 2.32 V                       ; 6.92e-07 V                   ; 2.35 V              ; -0.00996 V          ; 0.121 V                              ; 0.03 V                               ; 4.64e-10 s                  ; 4.47e-10 s                  ; Yes                        ; Yes                        ; 2.32 V                      ; 6.92e-07 V                  ; 2.35 V             ; -0.00996 V         ; 0.121 V                             ; 0.03 V                              ; 4.64e-10 s                 ; 4.47e-10 s                 ; Yes                       ; Yes                       ;
; HEX5[0]       ; 2.5 V        ; 0 s                 ; 0 s                 ; 2.32 V                       ; 6.92e-07 V                   ; 2.35 V              ; -0.00996 V          ; 0.121 V                              ; 0.03 V                               ; 4.64e-10 s                  ; 4.47e-10 s                  ; Yes                        ; Yes                        ; 2.32 V                      ; 6.92e-07 V                  ; 2.35 V             ; -0.00996 V         ; 0.121 V                             ; 0.03 V                              ; 4.64e-10 s                 ; 4.47e-10 s                 ; Yes                       ; Yes                       ;
; HEX5[1]       ; 2.5 V        ; 0 s                 ; 0 s                 ; 2.32 V                       ; 6.92e-07 V                   ; 2.33 V              ; -0.00265 V          ; 0.133 V                              ; 0.056 V                              ; 3.55e-09 s                  ; 3.31e-09 s                  ; Yes                        ; Yes                        ; 2.32 V                      ; 6.92e-07 V                  ; 2.33 V             ; -0.00265 V         ; 0.133 V                             ; 0.056 V                             ; 3.55e-09 s                 ; 3.31e-09 s                 ; Yes                       ; Yes                       ;
; HEX5[2]       ; 2.5 V        ; 0 s                 ; 0 s                 ; 2.32 V                       ; 6.92e-07 V                   ; 2.35 V              ; -0.00996 V          ; 0.121 V                              ; 0.03 V                               ; 4.64e-10 s                  ; 4.47e-10 s                  ; Yes                        ; Yes                        ; 2.32 V                      ; 6.92e-07 V                  ; 2.35 V             ; -0.00996 V         ; 0.121 V                             ; 0.03 V                              ; 4.64e-10 s                 ; 4.47e-10 s                 ; Yes                       ; Yes                       ;
; HEX5[3]       ; 2.5 V        ; 0 s                 ; 0 s                 ; 2.32 V                       ; 6.92e-07 V                   ; 2.35 V              ; -0.00996 V          ; 0.121 V                              ; 0.03 V                               ; 4.64e-10 s                  ; 4.47e-10 s                  ; Yes                        ; Yes                        ; 2.32 V                      ; 6.92e-07 V                  ; 2.35 V             ; -0.00996 V         ; 0.121 V                             ; 0.03 V                              ; 4.64e-10 s                 ; 4.47e-10 s                 ; Yes                       ; Yes                       ;
; HEX5[4]       ; 2.5 V        ; 0 s                 ; 0 s                 ; 2.32 V                       ; 6.92e-07 V                   ; 2.35 V              ; -0.00996 V          ; 0.121 V                              ; 0.03 V                               ; 4.64e-10 s                  ; 4.47e-10 s                  ; Yes                        ; Yes                        ; 2.32 V                      ; 6.92e-07 V                  ; 2.35 V             ; -0.00996 V         ; 0.121 V                             ; 0.03 V                              ; 4.64e-10 s                 ; 4.47e-10 s                 ; Yes                       ; Yes                       ;
; HEX5[5]       ; 2.5 V        ; 0 s                 ; 0 s                 ; 2.32 V                       ; 6.92e-07 V                   ; 2.35 V              ; -0.00996 V          ; 0.121 V                              ; 0.03 V                               ; 4.64e-10 s                  ; 4.47e-10 s                  ; Yes                        ; Yes                        ; 2.32 V                      ; 6.92e-07 V                  ; 2.35 V             ; -0.00996 V         ; 0.121 V                             ; 0.03 V                              ; 4.64e-10 s                 ; 4.47e-10 s                 ; Yes                       ; Yes                       ;
; HEX5[6]       ; 2.5 V        ; 0 s                 ; 0 s                 ; 2.32 V                       ; 6.92e-07 V                   ; 2.35 V              ; -0.00996 V          ; 0.121 V                              ; 0.03 V                               ; 4.64e-10 s                  ; 4.47e-10 s                  ; Yes                        ; Yes                        ; 2.32 V                      ; 6.92e-07 V                  ; 2.35 V             ; -0.00996 V         ; 0.121 V                             ; 0.03 V                              ; 4.64e-10 s                 ; 4.47e-10 s                 ; Yes                       ; Yes                       ;
; ~ALTERA_DCLK~ ; 2.5 V        ; 0 s                 ; 0 s                 ; 2.32 V                       ; 3.75e-07 V                   ; 2.35 V              ; -0.0109 V           ; 0.084 V                              ; 0.027 V                              ; 4.31e-10 s                  ; 3.61e-10 s                  ; Yes                        ; Yes                        ; 2.32 V                      ; 3.75e-07 V                  ; 2.35 V             ; -0.0109 V          ; 0.084 V                             ; 0.027 V                             ; 4.31e-10 s                 ; 3.61e-10 s                 ; Yes                       ; Yes                       ;
; ~ALTERA_nCEO~ ; 2.5 V        ; 0 s                 ; 0 s                 ; 2.32 V                       ; 6.15e-07 V                   ; 2.35 V              ; -0.00712 V          ; 0.093 V                              ; 0.02 V                               ; 6.21e-10 s                  ; 7.9e-10 s                   ; Yes                        ; Yes                        ; 2.32 V                      ; 6.15e-07 V                  ; 2.35 V             ; -0.00712 V         ; 0.093 V                             ; 0.02 V                              ; 6.21e-10 s                 ; 7.9e-10 s                  ; Yes                       ; Yes                       ;
+---------------+--------------+---------------------+---------------------+------------------------------+------------------------------+---------------------+---------------------+--------------------------------------+--------------------------------------+-----------------------------+-----------------------------+----------------------------+----------------------------+-----------------------------+-----------------------------+--------------------+--------------------+-------------------------------------+-------------------------------------+----------------------------+----------------------------+---------------------------+---------------------------+


+--------------------------------------------------------------------------------------------------------------------------------------------------------------------------------------------------------------------------------------------------------------------------------------------------------------------------------------------------------------------------------------------------------------------------------------------------------------------------------------------------------------------------------------------------------------------------------------------------------------------------------------------------------------------------------------------+
; Signal Integrity Metrics (Fast 1200mv 0c Model)                                                                                                                                                                                                                                                                                                                                                                                                                                                                                                                                                                                                                                            ;
+---------------+--------------+---------------------+---------------------+------------------------------+------------------------------+---------------------+---------------------+--------------------------------------+--------------------------------------+-----------------------------+-----------------------------+----------------------------+----------------------------+-----------------------------+-----------------------------+--------------------+--------------------+-------------------------------------+-------------------------------------+----------------------------+----------------------------+---------------------------+---------------------------+
; Pin           ; I/O Standard ; Board Delay on Rise ; Board Delay on Fall ; Steady State Voh at FPGA Pin ; Steady State Vol at FPGA Pin ; Voh Max at FPGA Pin ; Vol Min at FPGA Pin ; Ringback Voltage on Rise at FPGA Pin ; Ringback Voltage on Fall at FPGA Pin ; 10-90 Rise Time at FPGA Pin ; 90-10 Fall Time at FPGA Pin ; Monotonic Rise at FPGA Pin ; Monotonic Fall at FPGA Pin ; Steady State Voh at Far-end ; Steady State Vol at Far-end ; Voh Max at Far-end ; Vol Min at Far-end ; Ringback Voltage on Rise at Far-end ; Ringback Voltage on Fall at Far-end ; 10-90 Rise Time at Far-end ; 90-10 Fall Time at Far-end ; Monotonic Rise at Far-end ; Monotonic Fall at Far-end ;
+---------------+--------------+---------------------+---------------------+------------------------------+------------------------------+---------------------+---------------------+--------------------------------------+--------------------------------------+-----------------------------+-----------------------------+----------------------------+----------------------------+-----------------------------+-----------------------------+--------------------+--------------------+-------------------------------------+-------------------------------------+----------------------------+----------------------------+---------------------------+---------------------------+
; HEX0[0]       ; 2.5 V        ; 0 s                 ; 0 s                 ; 2.62 V                       ; 4.05e-08 V                   ; 2.72 V              ; -0.0349 V           ; 0.173 V                              ; 0.1 V                                ; 2.72e-10 s                  ; 2.69e-10 s                  ; Yes                        ; Yes                        ; 2.62 V                      ; 4.05e-08 V                  ; 2.72 V             ; -0.0349 V          ; 0.173 V                             ; 0.1 V                               ; 2.72e-10 s                 ; 2.69e-10 s                 ; Yes                       ; Yes                       ;
; HEX0[1]       ; 2.5 V        ; 0 s                 ; 0 s                 ; 2.62 V                       ; 4.05e-08 V                   ; 2.64 V              ; -0.0113 V           ; 0.208 V                              ; 0.179 V                              ; 2.38e-09 s                  ; 2.23e-09 s                  ; No                         ; Yes                        ; 2.62 V                      ; 4.05e-08 V                  ; 2.64 V             ; -0.0113 V          ; 0.208 V                             ; 0.179 V                             ; 2.38e-09 s                 ; 2.23e-09 s                 ; No                        ; Yes                       ;
; HEX0[2]       ; 2.5 V        ; 0 s                 ; 0 s                 ; 2.62 V                       ; 4.05e-08 V                   ; 2.72 V              ; -0.0349 V           ; 0.173 V                              ; 0.1 V                                ; 2.72e-10 s                  ; 2.69e-10 s                  ; Yes                        ; Yes                        ; 2.62 V                      ; 4.05e-08 V                  ; 2.72 V             ; -0.0349 V          ; 0.173 V                             ; 0.1 V                               ; 2.72e-10 s                 ; 2.69e-10 s                 ; Yes                       ; Yes                       ;
; HEX0[3]       ; 2.5 V        ; 0 s                 ; 0 s                 ; 2.62 V                       ; 2.74e-08 V                   ; 2.73 V              ; -0.0384 V           ; 0.169 V                              ; 0.089 V                              ; 2.7e-10 s                   ; 2.62e-10 s                  ; Yes                        ; Yes                        ; 2.62 V                      ; 2.74e-08 V                  ; 2.73 V             ; -0.0384 V          ; 0.169 V                             ; 0.089 V                             ; 2.7e-10 s                  ; 2.62e-10 s                 ; Yes                       ; Yes                       ;
; HEX0[4]       ; 2.5 V        ; 0 s                 ; 0 s                 ; 2.62 V                       ; 2.74e-08 V                   ; 2.73 V              ; -0.0384 V           ; 0.169 V                              ; 0.089 V                              ; 2.7e-10 s                   ; 2.62e-10 s                  ; Yes                        ; Yes                        ; 2.62 V                      ; 2.74e-08 V                  ; 2.73 V             ; -0.0384 V          ; 0.169 V                             ; 0.089 V                             ; 2.7e-10 s                  ; 2.62e-10 s                 ; Yes                       ; Yes                       ;
; HEX0[5]       ; 2.5 V        ; 0 s                 ; 0 s                 ; 2.62 V                       ; 2.74e-08 V                   ; 2.64 V              ; -0.0117 V           ; 0.202 V                              ; 0.176 V                              ; 2.38e-09 s                  ; 2.22e-09 s                  ; No                         ; Yes                        ; 2.62 V                      ; 2.74e-08 V                  ; 2.64 V             ; -0.0117 V          ; 0.202 V                             ; 0.176 V                             ; 2.38e-09 s                 ; 2.22e-09 s                 ; No                        ; Yes                       ;
; HEX0[6]       ; 2.5 V        ; 0 s                 ; 0 s                 ; 2.62 V                       ; 2.74e-08 V                   ; 2.73 V              ; -0.0384 V           ; 0.169 V                              ; 0.089 V                              ; 2.7e-10 s                   ; 2.62e-10 s                  ; Yes                        ; Yes                        ; 2.62 V                      ; 2.74e-08 V                  ; 2.73 V             ; -0.0384 V          ; 0.169 V                             ; 0.089 V                             ; 2.7e-10 s                  ; 2.62e-10 s                 ; Yes                       ; Yes                       ;
; HEX1[0]       ; 2.5 V        ; 0 s                 ; 0 s                 ; 2.62 V                       ; 2.74e-08 V                   ; 2.73 V              ; -0.0384 V           ; 0.169 V                              ; 0.089 V                              ; 2.7e-10 s                   ; 2.62e-10 s                  ; Yes                        ; Yes                        ; 2.62 V                      ; 2.74e-08 V                  ; 2.73 V             ; -0.0384 V          ; 0.169 V                             ; 0.089 V                             ; 2.7e-10 s                  ; 2.62e-10 s                 ; Yes                       ; Yes                       ;
; HEX1[1]       ; 2.5 V        ; 0 s                 ; 0 s                 ; 2.62 V                       ; 2.74e-08 V                   ; 2.71 V              ; -0.0317 V           ; 0.148 V                              ; 0.064 V                              ; 4.51e-10 s                  ; 4.15e-10 s                  ; No                         ; Yes                        ; 2.62 V                      ; 2.74e-08 V                  ; 2.71 V             ; -0.0317 V          ; 0.148 V                             ; 0.064 V                             ; 4.51e-10 s                 ; 4.15e-10 s                 ; No                        ; Yes                       ;
; HEX1[2]       ; 2.5 V        ; 0 s                 ; 0 s                 ; 2.62 V                       ; 2.74e-08 V                   ; 2.71 V              ; -0.0317 V           ; 0.148 V                              ; 0.064 V                              ; 4.51e-10 s                  ; 4.15e-10 s                  ; No                         ; Yes                        ; 2.62 V                      ; 2.74e-08 V                  ; 2.71 V             ; -0.0317 V          ; 0.148 V                             ; 0.064 V                             ; 4.51e-10 s                 ; 4.15e-10 s                 ; No                        ; Yes                       ;
; HEX1[3]       ; 2.5 V        ; 0 s                 ; 0 s                 ; 2.62 V                       ; 2.74e-08 V                   ; 2.71 V              ; -0.0317 V           ; 0.148 V                              ; 0.064 V                              ; 4.51e-10 s                  ; 4.15e-10 s                  ; No                         ; Yes                        ; 2.62 V                      ; 2.74e-08 V                  ; 2.71 V             ; -0.0317 V          ; 0.148 V                             ; 0.064 V                             ; 4.51e-10 s                 ; 4.15e-10 s                 ; No                        ; Yes                       ;
; HEX1[4]       ; 2.5 V        ; 0 s                 ; 0 s                 ; 2.62 V                       ; 2.74e-08 V                   ; 2.71 V              ; -0.0317 V           ; 0.148 V                              ; 0.064 V                              ; 4.51e-10 s                  ; 4.15e-10 s                  ; No                         ; Yes                        ; 2.62 V                      ; 2.74e-08 V                  ; 2.71 V             ; -0.0317 V          ; 0.148 V                             ; 0.064 V                             ; 4.51e-10 s                 ; 4.15e-10 s                 ; No                        ; Yes                       ;
; HEX1[5]       ; 2.5 V        ; 0 s                 ; 0 s                 ; 2.62 V                       ; 2.74e-08 V                   ; 2.64 V              ; -0.0117 V           ; 0.202 V                              ; 0.176 V                              ; 2.38e-09 s                  ; 2.22e-09 s                  ; No                         ; Yes                        ; 2.62 V                      ; 2.74e-08 V                  ; 2.64 V             ; -0.0117 V          ; 0.202 V                             ; 0.176 V                             ; 2.38e-09 s                 ; 2.22e-09 s                 ; No                        ; Yes                       ;
; HEX1[6]       ; 2.5 V        ; 0 s                 ; 0 s                 ; 2.62 V                       ; 2.74e-08 V                   ; 2.64 V              ; -0.0117 V           ; 0.202 V                              ; 0.176 V                              ; 2.38e-09 s                  ; 2.22e-09 s                  ; No                         ; Yes                        ; 2.62 V                      ; 2.74e-08 V                  ; 2.64 V             ; -0.0117 V          ; 0.202 V                             ; 0.176 V                             ; 2.38e-09 s                 ; 2.22e-09 s                 ; No                        ; Yes                       ;
; HEX2[0]       ; 2.5 V        ; 0 s                 ; 0 s                 ; 2.62 V                       ; 2.74e-08 V                   ; 2.71 V              ; -0.0317 V           ; 0.148 V                              ; 0.064 V                              ; 4.51e-10 s                  ; 4.15e-10 s                  ; No                         ; Yes                        ; 2.62 V                      ; 2.74e-08 V                  ; 2.71 V             ; -0.0317 V          ; 0.148 V                             ; 0.064 V                             ; 4.51e-10 s                 ; 4.15e-10 s                 ; No                        ; Yes                       ;
; HEX2[1]       ; 2.5 V        ; 0 s                 ; 0 s                 ; 2.62 V                       ; 2.74e-08 V                   ; 2.71 V              ; -0.0317 V           ; 0.148 V                              ; 0.064 V                              ; 4.51e-10 s                  ; 4.15e-10 s                  ; No                         ; Yes                        ; 2.62 V                      ; 2.74e-08 V                  ; 2.71 V             ; -0.0317 V          ; 0.148 V                             ; 0.064 V                             ; 4.51e-10 s                 ; 4.15e-10 s                 ; No                        ; Yes                       ;
; HEX2[2]       ; 2.5 V        ; 0 s                 ; 0 s                 ; 2.62 V                       ; 2.74e-08 V                   ; 2.71 V              ; -0.0317 V           ; 0.148 V                              ; 0.064 V                              ; 4.51e-10 s                  ; 4.15e-10 s                  ; No                         ; Yes                        ; 2.62 V                      ; 2.74e-08 V                  ; 2.71 V             ; -0.0317 V          ; 0.148 V                             ; 0.064 V                             ; 4.51e-10 s                 ; 4.15e-10 s                 ; No                        ; Yes                       ;
; HEX2[3]       ; 2.5 V        ; 0 s                 ; 0 s                 ; 2.62 V                       ; 2.74e-08 V                   ; 2.71 V              ; -0.0317 V           ; 0.148 V                              ; 0.064 V                              ; 4.51e-10 s                  ; 4.15e-10 s                  ; No                         ; Yes                        ; 2.62 V                      ; 2.74e-08 V                  ; 2.71 V             ; -0.0317 V          ; 0.148 V                             ; 0.064 V                             ; 4.51e-10 s                 ; 4.15e-10 s                 ; No                        ; Yes                       ;
; HEX2[4]       ; 2.5 V        ; 0 s                 ; 0 s                 ; 2.62 V                       ; 2.74e-08 V                   ; 2.71 V              ; -0.0317 V           ; 0.148 V                              ; 0.064 V                              ; 4.51e-10 s                  ; 4.15e-10 s                  ; No                         ; Yes                        ; 2.62 V                      ; 2.74e-08 V                  ; 2.71 V             ; -0.0317 V          ; 0.148 V                             ; 0.064 V                             ; 4.51e-10 s                 ; 4.15e-10 s                 ; No                        ; Yes                       ;
; HEX2[5]       ; 2.5 V        ; 0 s                 ; 0 s                 ; 2.62 V                       ; 2.74e-08 V                   ; 2.71 V              ; -0.0317 V           ; 0.148 V                              ; 0.064 V                              ; 4.51e-10 s                  ; 4.15e-10 s                  ; No                         ; Yes                        ; 2.62 V                      ; 2.74e-08 V                  ; 2.71 V             ; -0.0317 V          ; 0.148 V                             ; 0.064 V                             ; 4.51e-10 s                 ; 4.15e-10 s                 ; No                        ; Yes                       ;
; HEX2[6]       ; 2.5 V        ; 0 s                 ; 0 s                 ; 2.62 V                       ; 2.74e-08 V                   ; 2.71 V              ; -0.0317 V           ; 0.148 V                              ; 0.064 V                              ; 4.51e-10 s                  ; 4.15e-10 s                  ; No                         ; Yes                        ; 2.62 V                      ; 2.74e-08 V                  ; 2.71 V             ; -0.0317 V          ; 0.148 V                             ; 0.064 V                             ; 4.51e-10 s                 ; 4.15e-10 s                 ; No                        ; Yes                       ;
; HEX3[0]       ; 2.5 V        ; 0 s                 ; 0 s                 ; 2.62 V                       ; 2.74e-08 V                   ; 2.71 V              ; -0.0317 V           ; 0.148 V                              ; 0.064 V                              ; 4.51e-10 s                  ; 4.15e-10 s                  ; No                         ; Yes                        ; 2.62 V                      ; 2.74e-08 V                  ; 2.71 V             ; -0.0317 V          ; 0.148 V                             ; 0.064 V                             ; 4.51e-10 s                 ; 4.15e-10 s                 ; No                        ; Yes                       ;
; HEX3[1]       ; 2.5 V        ; 0 s                 ; 0 s                 ; 2.62 V                       ; 2.74e-08 V                   ; 2.73 V              ; -0.0384 V           ; 0.169 V                              ; 0.089 V                              ; 2.7e-10 s                   ; 2.62e-10 s                  ; Yes                        ; Yes                        ; 2.62 V                      ; 2.74e-08 V                  ; 2.73 V             ; -0.0384 V          ; 0.169 V                             ; 0.089 V                             ; 2.7e-10 s                  ; 2.62e-10 s                 ; Yes                       ; Yes                       ;
; HEX3[2]       ; 2.5 V        ; 0 s                 ; 0 s                 ; 2.62 V                       ; 4.05e-08 V                   ; 2.64 V              ; -0.0113 V           ; 0.208 V                              ; 0.179 V                              ; 2.38e-09 s                  ; 2.23e-09 s                  ; No                         ; Yes                        ; 2.62 V                      ; 4.05e-08 V                  ; 2.64 V             ; -0.0113 V          ; 0.208 V                             ; 0.179 V                             ; 2.38e-09 s                 ; 2.23e-09 s                 ; No                        ; Yes                       ;
; HEX3[3]       ; 2.5 V        ; 0 s                 ; 0 s                 ; 2.62 V                       ; 4.05e-08 V                   ; 2.72 V              ; -0.0349 V           ; 0.173 V                              ; 0.1 V                                ; 2.72e-10 s                  ; 2.69e-10 s                  ; Yes                        ; Yes                        ; 2.62 V                      ; 4.05e-08 V                  ; 2.72 V             ; -0.0349 V          ; 0.173 V                             ; 0.1 V                               ; 2.72e-10 s                 ; 2.69e-10 s                 ; Yes                       ; Yes                       ;
; HEX3[4]       ; 2.5 V        ; 0 s                 ; 0 s                 ; 2.62 V                       ; 4.05e-08 V                   ; 2.72 V              ; -0.0349 V           ; 0.173 V                              ; 0.1 V                                ; 2.72e-10 s                  ; 2.69e-10 s                  ; Yes                        ; Yes                        ; 2.62 V                      ; 4.05e-08 V                  ; 2.72 V             ; -0.0349 V          ; 0.173 V                             ; 0.1 V                               ; 2.72e-10 s                 ; 2.69e-10 s                 ; Yes                       ; Yes                       ;
; HEX3[5]       ; 2.5 V        ; 0 s                 ; 0 s                 ; 2.62 V                       ; 4.05e-08 V                   ; 2.72 V              ; -0.0349 V           ; 0.173 V                              ; 0.1 V                                ; 2.72e-10 s                  ; 2.69e-10 s                  ; Yes                        ; Yes                        ; 2.62 V                      ; 4.05e-08 V                  ; 2.72 V             ; -0.0349 V          ; 0.173 V                             ; 0.1 V                               ; 2.72e-10 s                 ; 2.69e-10 s                 ; Yes                       ; Yes                       ;
; HEX3[6]       ; 2.5 V        ; 0 s                 ; 0 s                 ; 2.62 V                       ; 4.05e-08 V                   ; 2.72 V              ; -0.0349 V           ; 0.173 V                              ; 0.1 V                                ; 2.72e-10 s                  ; 2.69e-10 s                  ; Yes                        ; Yes                        ; 2.62 V                      ; 4.05e-08 V                  ; 2.72 V             ; -0.0349 V          ; 0.173 V                             ; 0.1 V                               ; 2.72e-10 s                 ; 2.69e-10 s                 ; Yes                       ; Yes                       ;
; HEX4[0]       ; 2.5 V        ; 0 s                 ; 0 s                 ; 2.62 V                       ; 4.05e-08 V                   ; 2.72 V              ; -0.0349 V           ; 0.173 V                              ; 0.1 V                                ; 2.72e-10 s                  ; 2.69e-10 s                  ; Yes                        ; Yes                        ; 2.62 V                      ; 4.05e-08 V                  ; 2.72 V             ; -0.0349 V          ; 0.173 V                             ; 0.1 V                               ; 2.72e-10 s                 ; 2.69e-10 s                 ; Yes                       ; Yes                       ;
; HEX4[1]       ; 2.5 V        ; 0 s                 ; 0 s                 ; 2.62 V                       ; 4.05e-08 V                   ; 2.72 V              ; -0.0349 V           ; 0.173 V                              ; 0.1 V                                ; 2.72e-10 s                  ; 2.69e-10 s                  ; Yes                        ; Yes                        ; 2.62 V                      ; 4.05e-08 V                  ; 2.72 V             ; -0.0349 V          ; 0.173 V                             ; 0.1 V                               ; 2.72e-10 s                 ; 2.69e-10 s                 ; Yes                       ; Yes                       ;
; HEX4[2]       ; 2.5 V        ; 0 s                 ; 0 s                 ; 2.62 V                       ; 4.05e-08 V                   ; 2.72 V              ; -0.0349 V           ; 0.173 V                              ; 0.1 V                                ; 2.72e-10 s                  ; 2.69e-10 s                  ; Yes                        ; Yes                        ; 2.62 V                      ; 4.05e-08 V                  ; 2.72 V             ; -0.0349 V          ; 0.173 V                             ; 0.1 V                               ; 2.72e-10 s                 ; 2.69e-10 s                 ; Yes                       ; Yes                       ;
; HEX4[3]       ; 2.5 V        ; 0 s                 ; 0 s                 ; 2.62 V                       ; 4.05e-08 V                   ; 2.72 V              ; -0.0349 V           ; 0.173 V                              ; 0.1 V                                ; 2.72e-10 s                  ; 2.69e-10 s                  ; Yes                        ; Yes                        ; 2.62 V                      ; 4.05e-08 V                  ; 2.72 V             ; -0.0349 V          ; 0.173 V                             ; 0.1 V                               ; 2.72e-10 s                 ; 2.69e-10 s                 ; Yes                       ; Yes                       ;
; HEX4[4]       ; 2.5 V        ; 0 s                 ; 0 s                 ; 2.62 V                       ; 4.05e-08 V                   ; 2.72 V              ; -0.0349 V           ; 0.173 V                              ; 0.1 V                                ; 2.72e-10 s                  ; 2.69e-10 s                  ; Yes                        ; Yes                        ; 2.62 V                      ; 4.05e-08 V                  ; 2.72 V             ; -0.0349 V          ; 0.173 V                             ; 0.1 V                               ; 2.72e-10 s                 ; 2.69e-10 s                 ; Yes                       ; Yes                       ;
; HEX4[5]       ; 2.5 V        ; 0 s                 ; 0 s                 ; 2.62 V                       ; 4.05e-08 V                   ; 2.72 V              ; -0.0349 V           ; 0.173 V                              ; 0.1 V                                ; 2.72e-10 s                  ; 2.69e-10 s                  ; Yes                        ; Yes                        ; 2.62 V                      ; 4.05e-08 V                  ; 2.72 V             ; -0.0349 V          ; 0.173 V                             ; 0.1 V                               ; 2.72e-10 s                 ; 2.69e-10 s                 ; Yes                       ; Yes                       ;
; HEX4[6]       ; 2.5 V        ; 0 s                 ; 0 s                 ; 2.62 V                       ; 4.05e-08 V                   ; 2.72 V              ; -0.0349 V           ; 0.173 V                              ; 0.1 V                                ; 2.72e-10 s                  ; 2.69e-10 s                  ; Yes                        ; Yes                        ; 2.62 V                      ; 4.05e-08 V                  ; 2.72 V             ; -0.0349 V          ; 0.173 V                             ; 0.1 V                               ; 2.72e-10 s                 ; 2.69e-10 s                 ; Yes                       ; Yes                       ;
; HEX5[0]       ; 2.5 V        ; 0 s                 ; 0 s                 ; 2.62 V                       ; 4.05e-08 V                   ; 2.72 V              ; -0.0349 V           ; 0.173 V                              ; 0.1 V                                ; 2.72e-10 s                  ; 2.69e-10 s                  ; Yes                        ; Yes                        ; 2.62 V                      ; 4.05e-08 V                  ; 2.72 V             ; -0.0349 V          ; 0.173 V                             ; 0.1 V                               ; 2.72e-10 s                 ; 2.69e-10 s                 ; Yes                       ; Yes                       ;
; HEX5[1]       ; 2.5 V        ; 0 s                 ; 0 s                 ; 2.62 V                       ; 4.05e-08 V                   ; 2.64 V              ; -0.0113 V           ; 0.208 V                              ; 0.179 V                              ; 2.38e-09 s                  ; 2.23e-09 s                  ; No                         ; Yes                        ; 2.62 V                      ; 4.05e-08 V                  ; 2.64 V             ; -0.0113 V          ; 0.208 V                             ; 0.179 V                             ; 2.38e-09 s                 ; 2.23e-09 s                 ; No                        ; Yes                       ;
; HEX5[2]       ; 2.5 V        ; 0 s                 ; 0 s                 ; 2.62 V                       ; 4.05e-08 V                   ; 2.72 V              ; -0.0349 V           ; 0.173 V                              ; 0.1 V                                ; 2.72e-10 s                  ; 2.69e-10 s                  ; Yes                        ; Yes                        ; 2.62 V                      ; 4.05e-08 V                  ; 2.72 V             ; -0.0349 V          ; 0.173 V                             ; 0.1 V                               ; 2.72e-10 s                 ; 2.69e-10 s                 ; Yes                       ; Yes                       ;
; HEX5[3]       ; 2.5 V        ; 0 s                 ; 0 s                 ; 2.62 V                       ; 4.05e-08 V                   ; 2.72 V              ; -0.0349 V           ; 0.173 V                              ; 0.1 V                                ; 2.72e-10 s                  ; 2.69e-10 s                  ; Yes                        ; Yes                        ; 2.62 V                      ; 4.05e-08 V                  ; 2.72 V             ; -0.0349 V          ; 0.173 V                             ; 0.1 V                               ; 2.72e-10 s                 ; 2.69e-10 s                 ; Yes                       ; Yes                       ;
; HEX5[4]       ; 2.5 V        ; 0 s                 ; 0 s                 ; 2.62 V                       ; 4.05e-08 V                   ; 2.72 V              ; -0.0349 V           ; 0.173 V                              ; 0.1 V                                ; 2.72e-10 s                  ; 2.69e-10 s                  ; Yes                        ; Yes                        ; 2.62 V                      ; 4.05e-08 V                  ; 2.72 V             ; -0.0349 V          ; 0.173 V                             ; 0.1 V                               ; 2.72e-10 s                 ; 2.69e-10 s                 ; Yes                       ; Yes                       ;
; HEX5[5]       ; 2.5 V        ; 0 s                 ; 0 s                 ; 2.62 V                       ; 4.05e-08 V                   ; 2.72 V              ; -0.0349 V           ; 0.173 V                              ; 0.1 V                                ; 2.72e-10 s                  ; 2.69e-10 s                  ; Yes                        ; Yes                        ; 2.62 V                      ; 4.05e-08 V                  ; 2.72 V             ; -0.0349 V          ; 0.173 V                             ; 0.1 V                               ; 2.72e-10 s                 ; 2.69e-10 s                 ; Yes                       ; Yes                       ;
; HEX5[6]       ; 2.5 V        ; 0 s                 ; 0 s                 ; 2.62 V                       ; 4.05e-08 V                   ; 2.72 V              ; -0.0349 V           ; 0.173 V                              ; 0.1 V                                ; 2.72e-10 s                  ; 2.69e-10 s                  ; Yes                        ; Yes                        ; 2.62 V                      ; 4.05e-08 V                  ; 2.72 V             ; -0.0349 V          ; 0.173 V                             ; 0.1 V                               ; 2.72e-10 s                 ; 2.69e-10 s                 ; Yes                       ; Yes                       ;
; ~ALTERA_DCLK~ ; 2.5 V        ; 0 s                 ; 0 s                 ; 2.62 V                       ; 2.22e-08 V                   ; 2.74 V              ; -0.06 V             ; 0.158 V                              ; 0.08 V                               ; 2.68e-10 s                  ; 2.19e-10 s                  ; Yes                        ; Yes                        ; 2.62 V                      ; 2.22e-08 V                  ; 2.74 V             ; -0.06 V            ; 0.158 V                             ; 0.08 V                              ; 2.68e-10 s                 ; 2.19e-10 s                 ; Yes                       ; Yes                       ;
; ~ALTERA_nCEO~ ; 2.5 V        ; 0 s                 ; 0 s                 ; 2.62 V                       ; 3.54e-08 V                   ; 2.7 V               ; -0.00943 V          ; 0.276 V                              ; 0.035 V                              ; 3.19e-10 s                  ; 4.99e-10 s                  ; No                         ; Yes                        ; 2.62 V                      ; 3.54e-08 V                  ; 2.7 V              ; -0.00943 V         ; 0.276 V                             ; 0.035 V                             ; 3.19e-10 s                 ; 4.99e-10 s                 ; No                        ; Yes                       ;
+---------------+--------------+---------------------+---------------------+------------------------------+------------------------------+---------------------+---------------------+--------------------------------------+--------------------------------------+-----------------------------+-----------------------------+----------------------------+----------------------------+-----------------------------+-----------------------------+--------------------+--------------------+-------------------------------------+-------------------------------------+----------------------------+----------------------------+---------------------------+---------------------------+


+-----------------------------------------------------------------------+
; Setup Transfers                                                       ;
+------------+----------+----------+----------+----------+--------------+
; From Clock ; To Clock ; RR Paths ; FR Paths ; RF Paths ; FF Paths     ;
+------------+----------+----------+----------+----------+--------------+
; KEY[0]     ; KEY[0]   ; 0        ; 0        ; 0        ; > 2147483647 ;
+------------+----------+----------+----------+----------+--------------+
Entries labeled "false path" only account for clock-to-clock false paths and not path-based false paths. As a result, actual path counts may be lower than reported.


+-----------------------------------------------------------------------+
; Hold Transfers                                                        ;
+------------+----------+----------+----------+----------+--------------+
; From Clock ; To Clock ; RR Paths ; FR Paths ; RF Paths ; FF Paths     ;
+------------+----------+----------+----------+----------+--------------+
; KEY[0]     ; KEY[0]   ; 0        ; 0        ; 0        ; > 2147483647 ;
+------------+----------+----------+----------+----------+--------------+
Entries labeled "false path" only account for clock-to-clock false paths and not path-based false paths. As a result, actual path counts may be lower than reported.


---------------
; Report TCCS ;
---------------
No dedicated SERDES Transmitter circuitry present in device or used in design


---------------
; Report RSKM ;
---------------
No non-DPA dedicated SERDES Receiver circuitry present in device or used in design


+------------------------------------------------+
; Unconstrained Paths Summary                    ;
+---------------------------------+-------+------+
; Property                        ; Setup ; Hold ;
+---------------------------------+-------+------+
; Illegal Clocks                  ; 0     ; 0    ;
; Unconstrained Clocks            ; 0     ; 0    ;
; Unconstrained Input Ports       ; 16    ; 16   ;
; Unconstrained Input Port Paths  ; 512   ; 512  ;
; Unconstrained Output Ports      ; 42    ; 42   ;
; Unconstrained Output Port Paths ; 1120  ; 1120 ;
+---------------------------------+-------+------+


+--------------------------------------+
; Clock Status Summary                 ;
+--------+--------+------+-------------+
; Target ; Clock  ; Type ; Status      ;
+--------+--------+------+-------------+
; KEY[0] ; KEY[0] ; Base ; Constrained ;
+--------+--------+------+-------------+


+---------------------------------------------------------------------------------------------------+
; Unconstrained Input Ports                                                                         ;
+------------+--------------------------------------------------------------------------------------+
; Input Port ; Comment                                                                              ;
+------------+--------------------------------------------------------------------------------------+
; SW[0]      ; No input delay, min/max delays, false-path exceptions, or max skew assignments found ;
; SW[1]      ; No input delay, min/max delays, false-path exceptions, or max skew assignments found ;
; SW[2]      ; No input delay, min/max delays, false-path exceptions, or max skew assignments found ;
; SW[3]      ; No input delay, min/max delays, false-path exceptions, or max skew assignments found ;
; SW[4]      ; No input delay, min/max delays, false-path exceptions, or max skew assignments found ;
; SW[5]      ; No input delay, min/max delays, false-path exceptions, or max skew assignments found ;
; SW[6]      ; No input delay, min/max delays, false-path exceptions, or max skew assignments found ;
; SW[7]      ; No input delay, min/max delays, false-path exceptions, or max skew assignments found ;
; SW[8]      ; No input delay, min/max delays, false-path exceptions, or max skew assignments found ;
; SW[9]      ; No input delay, min/max delays, false-path exceptions, or max skew assignments found ;
; SW[10]     ; No input delay, min/max delays, false-path exceptions, or max skew assignments found ;
; SW[11]     ; No input delay, min/max delays, false-path exceptions, or max skew assignments found ;
; SW[12]     ; No input delay, min/max delays, false-path exceptions, or max skew assignments found ;
; SW[13]     ; No input delay, min/max delays, false-path exceptions, or max skew assignments found ;
; SW[14]     ; No input delay, min/max delays, false-path exceptions, or max skew assignments found ;
; SW[15]     ; No input delay, min/max delays, false-path exceptions, or max skew assignments found ;
+------------+--------------------------------------------------------------------------------------+


+-----------------------------------------------------------------------------------------------------+
; Unconstrained Output Ports                                                                          ;
+-------------+---------------------------------------------------------------------------------------+
; Output Port ; Comment                                                                               ;
+-------------+---------------------------------------------------------------------------------------+
; HEX0[0]     ; No output delay, min/max delays, false-path exceptions, or max skew assignments found ;
; HEX0[1]     ; No output delay, min/max delays, false-path exceptions, or max skew assignments found ;
; HEX0[2]     ; No output delay, min/max delays, false-path exceptions, or max skew assignments found ;
; HEX0[3]     ; No output delay, min/max delays, false-path exceptions, or max skew assignments found ;
; HEX0[4]     ; No output delay, min/max delays, false-path exceptions, or max skew assignments found ;
; HEX0[5]     ; No output delay, min/max delays, false-path exceptions, or max skew assignments found ;
; HEX0[6]     ; No output delay, min/max delays, false-path exceptions, or max skew assignments found ;
; HEX1[0]     ; No output delay, min/max delays, false-path exceptions, or max skew assignments found ;
; HEX1[1]     ; No output delay, min/max delays, false-path exceptions, or max skew assignments found ;
; HEX1[2]     ; No output delay, min/max delays, false-path exceptions, or max skew assignments found ;
; HEX1[3]     ; No output delay, min/max delays, false-path exceptions, or max skew assignments found ;
; HEX1[4]     ; No output delay, min/max delays, false-path exceptions, or max skew assignments found ;
; HEX1[5]     ; No output delay, min/max delays, false-path exceptions, or max skew assignments found ;
; HEX1[6]     ; No output delay, min/max delays, false-path exceptions, or max skew assignments found ;
; HEX2[0]     ; No output delay, min/max delays, false-path exceptions, or max skew assignments found ;
; HEX2[1]     ; No output delay, min/max delays, false-path exceptions, or max skew assignments found ;
; HEX2[2]     ; No output delay, min/max delays, false-path exceptions, or max skew assignments found ;
; HEX2[3]     ; No output delay, min/max delays, false-path exceptions, or max skew assignments found ;
; HEX2[4]     ; No output delay, min/max delays, false-path exceptions, or max skew assignments found ;
; HEX2[5]     ; No output delay, min/max delays, false-path exceptions, or max skew assignments found ;
; HEX2[6]     ; No output delay, min/max delays, false-path exceptions, or max skew assignments found ;
; HEX3[0]     ; No output delay, min/max delays, false-path exceptions, or max skew assignments found ;
; HEX3[1]     ; No output delay, min/max delays, false-path exceptions, or max skew assignments found ;
; HEX3[2]     ; No output delay, min/max delays, false-path exceptions, or max skew assignments found ;
; HEX3[3]     ; No output delay, min/max delays, false-path exceptions, or max skew assignments found ;
; HEX3[4]     ; No output delay, min/max delays, false-path exceptions, or max skew assignments found ;
; HEX3[5]     ; No output delay, min/max delays, false-path exceptions, or max skew assignments found ;
; HEX3[6]     ; No output delay, min/max delays, false-path exceptions, or max skew assignments found ;
; HEX4[0]     ; No output delay, min/max delays, false-path exceptions, or max skew assignments found ;
; HEX4[1]     ; No output delay, min/max delays, false-path exceptions, or max skew assignments found ;
; HEX4[2]     ; No output delay, min/max delays, false-path exceptions, or max skew assignments found ;
; HEX4[3]     ; No output delay, min/max delays, false-path exceptions, or max skew assignments found ;
; HEX4[4]     ; No output delay, min/max delays, false-path exceptions, or max skew assignments found ;
; HEX4[5]     ; No output delay, min/max delays, false-path exceptions, or max skew assignments found ;
; HEX4[6]     ; No output delay, min/max delays, false-path exceptions, or max skew assignments found ;
; HEX5[0]     ; No output delay, min/max delays, false-path exceptions, or max skew assignments found ;
; HEX5[1]     ; No output delay, min/max delays, false-path exceptions, or max skew assignments found ;
; HEX5[2]     ; No output delay, min/max delays, false-path exceptions, or max skew assignments found ;
; HEX5[3]     ; No output delay, min/max delays, false-path exceptions, or max skew assignments found ;
; HEX5[4]     ; No output delay, min/max delays, false-path exceptions, or max skew assignments found ;
; HEX5[5]     ; No output delay, min/max delays, false-path exceptions, or max skew assignments found ;
; HEX5[6]     ; No output delay, min/max delays, false-path exceptions, or max skew assignments found ;
+-------------+---------------------------------------------------------------------------------------+


+---------------------------------------------------------------------------------------------------+
; Unconstrained Input Ports                                                                         ;
+------------+--------------------------------------------------------------------------------------+
; Input Port ; Comment                                                                              ;
+------------+--------------------------------------------------------------------------------------+
; SW[0]      ; No input delay, min/max delays, false-path exceptions, or max skew assignments found ;
; SW[1]      ; No input delay, min/max delays, false-path exceptions, or max skew assignments found ;
; SW[2]      ; No input delay, min/max delays, false-path exceptions, or max skew assignments found ;
; SW[3]      ; No input delay, min/max delays, false-path exceptions, or max skew assignments found ;
; SW[4]      ; No input delay, min/max delays, false-path exceptions, or max skew assignments found ;
; SW[5]      ; No input delay, min/max delays, false-path exceptions, or max skew assignments found ;
; SW[6]      ; No input delay, min/max delays, false-path exceptions, or max skew assignments found ;
; SW[7]      ; No input delay, min/max delays, false-path exceptions, or max skew assignments found ;
; SW[8]      ; No input delay, min/max delays, false-path exceptions, or max skew assignments found ;
; SW[9]      ; No input delay, min/max delays, false-path exceptions, or max skew assignments found ;
; SW[10]     ; No input delay, min/max delays, false-path exceptions, or max skew assignments found ;
; SW[11]     ; No input delay, min/max delays, false-path exceptions, or max skew assignments found ;
; SW[12]     ; No input delay, min/max delays, false-path exceptions, or max skew assignments found ;
; SW[13]     ; No input delay, min/max delays, false-path exceptions, or max skew assignments found ;
; SW[14]     ; No input delay, min/max delays, false-path exceptions, or max skew assignments found ;
; SW[15]     ; No input delay, min/max delays, false-path exceptions, or max skew assignments found ;
+------------+--------------------------------------------------------------------------------------+


+-----------------------------------------------------------------------------------------------------+
; Unconstrained Output Ports                                                                          ;
+-------------+---------------------------------------------------------------------------------------+
; Output Port ; Comment                                                                               ;
+-------------+---------------------------------------------------------------------------------------+
; HEX0[0]     ; No output delay, min/max delays, false-path exceptions, or max skew assignments found ;
; HEX0[1]     ; No output delay, min/max delays, false-path exceptions, or max skew assignments found ;
; HEX0[2]     ; No output delay, min/max delays, false-path exceptions, or max skew assignments found ;
; HEX0[3]     ; No output delay, min/max delays, false-path exceptions, or max skew assignments found ;
; HEX0[4]     ; No output delay, min/max delays, false-path exceptions, or max skew assignments found ;
; HEX0[5]     ; No output delay, min/max delays, false-path exceptions, or max skew assignments found ;
; HEX0[6]     ; No output delay, min/max delays, false-path exceptions, or max skew assignments found ;
; HEX1[0]     ; No output delay, min/max delays, false-path exceptions, or max skew assignments found ;
; HEX1[1]     ; No output delay, min/max delays, false-path exceptions, or max skew assignments found ;
; HEX1[2]     ; No output delay, min/max delays, false-path exceptions, or max skew assignments found ;
; HEX1[3]     ; No output delay, min/max delays, false-path exceptions, or max skew assignments found ;
; HEX1[4]     ; No output delay, min/max delays, false-path exceptions, or max skew assignments found ;
; HEX1[5]     ; No output delay, min/max delays, false-path exceptions, or max skew assignments found ;
; HEX1[6]     ; No output delay, min/max delays, false-path exceptions, or max skew assignments found ;
; HEX2[0]     ; No output delay, min/max delays, false-path exceptions, or max skew assignments found ;
; HEX2[1]     ; No output delay, min/max delays, false-path exceptions, or max skew assignments found ;
; HEX2[2]     ; No output delay, min/max delays, false-path exceptions, or max skew assignments found ;
; HEX2[3]     ; No output delay, min/max delays, false-path exceptions, or max skew assignments found ;
; HEX2[4]     ; No output delay, min/max delays, false-path exceptions, or max skew assignments found ;
; HEX2[5]     ; No output delay, min/max delays, false-path exceptions, or max skew assignments found ;
; HEX2[6]     ; No output delay, min/max delays, false-path exceptions, or max skew assignments found ;
; HEX3[0]     ; No output delay, min/max delays, false-path exceptions, or max skew assignments found ;
; HEX3[1]     ; No output delay, min/max delays, false-path exceptions, or max skew assignments found ;
; HEX3[2]     ; No output delay, min/max delays, false-path exceptions, or max skew assignments found ;
; HEX3[3]     ; No output delay, min/max delays, false-path exceptions, or max skew assignments found ;
; HEX3[4]     ; No output delay, min/max delays, false-path exceptions, or max skew assignments found ;
; HEX3[5]     ; No output delay, min/max delays, false-path exceptions, or max skew assignments found ;
; HEX3[6]     ; No output delay, min/max delays, false-path exceptions, or max skew assignments found ;
; HEX4[0]     ; No output delay, min/max delays, false-path exceptions, or max skew assignments found ;
; HEX4[1]     ; No output delay, min/max delays, false-path exceptions, or max skew assignments found ;
; HEX4[2]     ; No output delay, min/max delays, false-path exceptions, or max skew assignments found ;
; HEX4[3]     ; No output delay, min/max delays, false-path exceptions, or max skew assignments found ;
; HEX4[4]     ; No output delay, min/max delays, false-path exceptions, or max skew assignments found ;
; HEX4[5]     ; No output delay, min/max delays, false-path exceptions, or max skew assignments found ;
; HEX4[6]     ; No output delay, min/max delays, false-path exceptions, or max skew assignments found ;
; HEX5[0]     ; No output delay, min/max delays, false-path exceptions, or max skew assignments found ;
; HEX5[1]     ; No output delay, min/max delays, false-path exceptions, or max skew assignments found ;
; HEX5[2]     ; No output delay, min/max delays, false-path exceptions, or max skew assignments found ;
; HEX5[3]     ; No output delay, min/max delays, false-path exceptions, or max skew assignments found ;
; HEX5[4]     ; No output delay, min/max delays, false-path exceptions, or max skew assignments found ;
; HEX5[5]     ; No output delay, min/max delays, false-path exceptions, or max skew assignments found ;
; HEX5[6]     ; No output delay, min/max delays, false-path exceptions, or max skew assignments found ;
+-------------+---------------------------------------------------------------------------------------+


+--------------------------+
; Timing Analyzer Messages ;
+--------------------------+
Info: *******************************************************************
Info: Running Quartus Prime Timing Analyzer
    Info: Version 25.1std.0 Build 1129 10/21/2025 SC Lite Edition
    Info: Processing started: Wed Jun 10 09:34:29 2026
Info: Command: quartus_sta CPU -c CPU
Info: qsta_default_script.tcl version: #1
Warning (18236): Number of processors has not been specified which may cause overloading on shared machines.  Set the global assignment NUM_PARALLEL_PROCESSORS in your QSF to an appropriate value for best performance.
Info (20030): Parallel compilation is enabled and will use 10 of the 10 processors detected
Info (21077): Low junction temperature is 0 degrees C
Info (21077): High junction temperature is 85 degrees C
Critical Warning (332012): Synopsys Design Constraints File file not found: 'CPU.sdc'. A Synopsys Design Constraints File is required by the Timing Analyzer to get proper timing constraints. Without it, the Compiler will not properly optimize the design.
Info (332142): No user constrained base clocks found in the design. Calling "derive_clocks -period 1.0"
Info (332105): Deriving Clocks
    Info (332105): create_clock -period 1.000 -name KEY[0] KEY[0]
Info (332143): No user constrained clock uncertainty found in the design. Calling "derive_clock_uncertainty"
Info (332154): The derive_clock_uncertainty command did not apply clock uncertainty to any clock-to-clock transfers.
Info: Found TIMING_ANALYZER_REPORT_SCRIPT_INCLUDE_DEFAULT_ANALYSIS = ON
Info: Analyzing Slow 1200mV 85C Model
Critical Warning (332148): Timing requirements not met
    Info (11105): For recommendations on closing timing, run Report Timing Closure Recommendations in the Timing Analyzer.
Info (332146): Worst-case setup slack is -21.244
    Info (332119):     Slack       End Point TNS Clock 
    Info (332119): ========= =================== =====================
    Info (332119):   -21.244            -453.254 KEY[0] 
Info (332146): Worst-case hold slack is 3.076
    Info (332119):     Slack       End Point TNS Clock 
    Info (332119): ========= =================== =====================
    Info (332119):     3.076               0.000 KEY[0] 
Info (332140): No Recovery paths to report
Info (332140): No Removal paths to report
Info (332146): Worst-case minimum pulse width slack is -3.000
    Info (332119):     Slack       End Point TNS Clock 
    Info (332119): ========= =================== =====================
    Info (332119):    -3.000             -44.120 KEY[0] 
Info: Analyzing Slow 1200mV 0C Model
Info (334003): Started post-fitting delay annotation
Info (334004): Delay annotation completed successfully
Info (332154): The derive_clock_uncertainty command did not apply clock uncertainty to any clock-to-clock transfers.
Critical Warning (332148): Timing requirements not met
    Info (11105): For recommendations on closing timing, run Report Timing Closure Recommendations in the Timing Analyzer.
Info (332146): Worst-case setup slack is -19.203
    Info (332119):     Slack       End Point TNS Clock 
    Info (332119): ========= =================== =====================
    Info (332119):   -19.203            -409.318 KEY[0] 
Info (332146): Worst-case hold slack is 2.791
    Info (332119):     Slack       End Point TNS Clock 
    Info (332119): ========= =================== =====================
    Info (332119):     2.791               0.000 KEY[0] 
Info (332140): No Recovery paths to report
Info (332140): No Removal paths to report
Info (332146): Worst-case minimum pulse width slack is -3.000
    Info (332119):     Slack       End Point TNS Clock 
    Info (332119): ========= =================== =====================
    Info (332119):    -3.000             -44.120 KEY[0] 
Info: Analyzing Fast 1200mV 0C Model
Info (332154): The derive_clock_uncertainty command did not apply clock uncertainty to any clock-to-clock transfers.
Critical Warning (332148): Timing requirements not met
    Info (11105): For recommendations on closing timing, run Report Timing Closure Recommendations in the Timing Analyzer.
Info (332146): Worst-case setup slack is -9.814
    Info (332119):     Slack       End Point TNS Clock 
    Info (332119): ========= =================== =====================
    Info (332119):    -9.814            -205.544 KEY[0] 
Info (332146): Worst-case hold slack is 1.409
    Info (332119):     Slack       End Point TNS Clock 
    Info (332119): ========= =================== =====================
    Info (332119):     1.409               0.000 KEY[0] 
Info (332140): No Recovery paths to report
Info (332140): No Removal paths to report
Info (332146): Worst-case minimum pulse width slack is -3.000
    Info (332119):     Slack       End Point TNS Clock 
    Info (332119): ========= =================== =====================
    Info (332119):    -3.000             -42.519 KEY[0] 
Info (332102): Design is not fully constrained for setup requirements
Info (332102): Design is not fully constrained for hold requirements
Info: Quartus Prime Timing Analyzer was successful. 0 errors, 5 warnings
    Info: Peak virtual memory: 4965 megabytes
    Info: Processing ended: Wed Jun 10 09:34:32 2026
    Info: Elapsed time: 00:00:03
    Info: Total CPU time (on all processors): 00:00:02


