Timing Analyzer report for Division
Fri May 29 22:45:42 2026
Quartus Prime Version 25.1std.0 Build 1129 10/21/2025 SC Lite Edition


---------------------
; Table of Contents ;
---------------------
  1. Legal Notice
  2. Timing Analyzer Summary
  3. Parallel Compilation
  4. Clocks
  5. Slow 1200mV 85C Model Fmax Summary
  6. Timing Closure Recommendations
  7. Slow 1200mV 85C Model Setup Summary
  8. Slow 1200mV 85C Model Hold Summary
  9. Slow 1200mV 85C Model Recovery Summary
 10. Slow 1200mV 85C Model Removal Summary
 11. Slow 1200mV 85C Model Minimum Pulse Width Summary
 12. Slow 1200mV 85C Model Setup: 'Clock'
 13. Slow 1200mV 85C Model Hold: 'Clock'
 14. Slow 1200mV 85C Model Metastability Summary
 15. Slow 1200mV 0C Model Fmax Summary
 16. Slow 1200mV 0C Model Setup Summary
 17. Slow 1200mV 0C Model Hold Summary
 18. Slow 1200mV 0C Model Recovery Summary
 19. Slow 1200mV 0C Model Removal Summary
 20. Slow 1200mV 0C Model Minimum Pulse Width Summary
 21. Slow 1200mV 0C Model Setup: 'Clock'
 22. Slow 1200mV 0C Model Hold: 'Clock'
 23. Slow 1200mV 0C Model Metastability Summary
 24. Fast 1200mV 0C Model Setup Summary
 25. Fast 1200mV 0C Model Hold Summary
 26. Fast 1200mV 0C Model Recovery Summary
 27. Fast 1200mV 0C Model Removal Summary
 28. Fast 1200mV 0C Model Minimum Pulse Width Summary
 29. Fast 1200mV 0C Model Setup: 'Clock'
 30. Fast 1200mV 0C Model Hold: 'Clock'
 31. Fast 1200mV 0C Model Metastability Summary
 32. Multicorner Timing Analysis Summary
 33. Board Trace Model Assignments
 34. Input Transition Times
 35. Signal Integrity Metrics (Slow 1200mv 0c Model)
 36. Signal Integrity Metrics (Slow 1200mv 85c Model)
 37. Signal Integrity Metrics (Fast 1200mv 0c Model)
 38. Setup Transfers
 39. Hold Transfers
 40. Report TCCS
 41. Report RSKM
 42. Unconstrained Paths Summary
 43. Clock Status Summary
 44. Unconstrained Input Ports
 45. Unconstrained Output Ports
 46. Unconstrained Input Ports
 47. Unconstrained Output Ports
 48. Timing Analyzer Messages



----------------
; Legal Notice ;
----------------
Copyright (C) 2025  Altera Corporation. All rights reserved.
Your use of Altera Corporation's design tools, logic functions 
and other software and tools, and any partner logic 
functions, and any output files from any of the foregoing 
(including device programming or simulation files), and any 
associated documentation or information are expressly subject 
to the terms and conditions of the Altera Program License 
Subscription Agreement, the Altera Quartus Prime License Agreement,
the Altera IP License Agreement, or other applicable license
agreement, including, without limitation, that your use is for
the sole purpose of programming logic devices manufactured by
Altera and sold by Altera or its authorized distributors.  Please
refer to the Altera Software License Subscription Agreements 
on the Quartus Prime software download page.



+---------------------------------------------------------------------------------+
; Timing Analyzer Summary                                                         ;
+-----------------------+---------------------------------------------------------+
; Quartus Prime Version ; Version 25.1std.0 Build 1129 10/21/2025 SC Lite Edition ;
; Timing Analyzer       ; Legacy Timing Analyzer                                  ;
; Revision Name         ; Division                                                ;
; Device Family         ; Cyclone IV E                                            ;
; Device Name           ; EP4CE115F29C7                                           ;
; Timing Models         ; Final                                                   ;
; Delay Model           ; Combined                                                ;
; Rise/Fall Delays      ; Enabled                                                 ;
+-----------------------+---------------------------------------------------------+


+------------------------------------------+
; Parallel Compilation                     ;
+----------------------------+-------------+
; Processors                 ; Number      ;
+----------------------------+-------------+
; Number detected on machine ; 16          ;
; Maximum allowed            ; 10          ;
;                            ;             ;
; Average used               ; 1.13        ;
; Maximum used               ; 10          ;
;                            ;             ;
; Usage by Processor         ; % Time Used ;
;     Processor 1            ; 100.0%      ;
;     Processor 2            ;   3.8%      ;
;     Processor 3            ;   3.4%      ;
;     Processor 4            ;   3.1%      ;
;     Processors 5-10        ;   0.4%      ;
+----------------------------+-------------+


+-----------------------------------------------------------------------------------------------------------------------------------------------------------------------------------+
; Clocks                                                                                                                                                                            ;
+------------+------+--------+------------+-------+-------+------------+-----------+-------------+-------+--------+-----------+------------+----------+--------+--------+-----------+
; Clock Name ; Type ; Period ; Frequency  ; Rise  ; Fall  ; Duty Cycle ; Divide by ; Multiply by ; Phase ; Offset ; Edge List ; Edge Shift ; Inverted ; Master ; Source ; Targets   ;
+------------+------+--------+------------+-------+-------+------------+-----------+-------------+-------+--------+-----------+------------+----------+--------+--------+-----------+
; Clock      ; Base ; 1.000  ; 1000.0 MHz ; 0.000 ; 0.500 ;            ;           ;             ;       ;        ;           ;            ;          ;        ;        ; { Clock } ;
+------------+------+--------+------------+-------+-------+------------+-----------+-------------+-------+--------+-----------+------------+----------+--------+--------+-----------+


+-----------------------------------------------------------------------------------------------------------+
; Slow 1200mV 85C Model Fmax Summary                                                                        ;
+------------+-----------------+------------+---------------------------------------------------------------+
; Fmax       ; Restricted Fmax ; Clock Name ; Note                                                          ;
+------------+-----------------+------------+---------------------------------------------------------------+
; 280.03 MHz ; 250.0 MHz       ; Clock      ; limit due to minimum period restriction (max I/O toggle rate) ;
+------------+-----------------+------------+---------------------------------------------------------------+
This panel reports FMAX for every clock in the design, regardless of the user-specified clock periods.  FMAX is only computed for paths where the source and destination registers or ports are driven by the same clock.  Paths of different clocks, including generated clocks, are ignored.  For paths between a clock and its inversion, FMAX is computed as if the rising and falling edges are scaled along with FMAX, such that the duty cycle (in terms of a percentage) is maintained. Altera recommends that you always use clock constraints and other slack reports for sign-off analysis.


----------------------------------
; Timing Closure Recommendations ;
----------------------------------
HTML report is unavailable in plain text report export.


+-------------------------------------+
; Slow 1200mV 85C Model Setup Summary ;
+-------+--------+--------------------+
; Clock ; Slack  ; End Point TNS      ;
+-------+--------+--------------------+
; Clock ; -2.571 ; -88.725            ;
+-------+--------+--------------------+


+------------------------------------+
; Slow 1200mV 85C Model Hold Summary ;
+-------+-------+--------------------+
; Clock ; Slack ; End Point TNS      ;
+-------+-------+--------------------+
; Clock ; 0.440 ; 0.000              ;
+-------+-------+--------------------+


------------------------------------------
; Slow 1200mV 85C Model Recovery Summary ;
------------------------------------------
No paths to report.


-----------------------------------------
; Slow 1200mV 85C Model Removal Summary ;
-----------------------------------------
No paths to report.


+---------------------------------------------------+
; Slow 1200mV 85C Model Minimum Pulse Width Summary ;
+-------+--------+----------------------------------+
; Clock ; Slack  ; End Point TNS                    ;
+-------+--------+----------------------------------+
; Clock ; -3.000 ; -68.535                          ;
+-------+--------+----------------------------------+


+-------------------------------------------------------------------------------------------------------------------------------------------+
; Slow 1200mV 85C Model Setup: 'Clock'                                                                                                      ;
+--------+-----------------------------+------------------------------+--------------+-------------+--------------+------------+------------+
; Slack  ; From Node                   ; To Node                      ; Launch Clock ; Latch Clock ; Relationship ; Clock Skew ; Data Delay ;
+--------+-----------------------------+------------------------------+--------------+-------------+--------------+------------+------------+
; -2.571 ; n_bit_DFF:reg_R_inst|reg[1] ; n_bit_DFF:reg_R_inst|reg[14] ; Clock        ; Clock       ; 1.000        ; -0.019     ; 3.570      ;
; -2.551 ; n_bit_DFF:reg_D_inst|reg[0] ; n_bit_DFF:reg_R_inst|reg[16] ; Clock        ; Clock       ; 1.000        ; -0.050     ; 3.519      ;
; -2.479 ; n_bit_DFF:reg_D_inst|reg[0] ; current_state.S2a            ; Clock        ; Clock       ; 1.000        ; -0.107     ; 3.390      ;
; -2.472 ; n_bit_DFF:reg_D_inst|reg[0] ; current_state.S2b            ; Clock        ; Clock       ; 1.000        ; -0.107     ; 3.383      ;
; -2.443 ; n_bit_DFF:reg_D_inst|reg[1] ; n_bit_DFF:reg_R_inst|reg[16] ; Clock        ; Clock       ; 1.000        ; -0.050     ; 3.411      ;
; -2.442 ; n_bit_DFF:reg_R_inst|reg[3] ; n_bit_DFF:reg_R_inst|reg[14] ; Clock        ; Clock       ; 1.000        ; -0.019     ; 3.441      ;
; -2.440 ; n_bit_DFF:reg_R_inst|reg[1] ; n_bit_DFF:reg_R_inst|reg[12] ; Clock        ; Clock       ; 1.000        ; -0.019     ; 3.439      ;
; -2.419 ; n_bit_DFF:reg_D_inst|reg[0] ; n_bit_DFF:reg_R_inst|reg[15] ; Clock        ; Clock       ; 1.000        ; -0.050     ; 3.387      ;
; -2.419 ; n_bit_DFF:reg_D_inst|reg[2] ; n_bit_DFF:reg_R_inst|reg[16] ; Clock        ; Clock       ; 1.000        ; -0.050     ; 3.387      ;
; -2.384 ; n_bit_DFF:reg_D_inst|reg[1] ; current_state.S2a            ; Clock        ; Clock       ; 1.000        ; -0.107     ; 3.295      ;
; -2.384 ; n_bit_DFF:reg_D_inst|reg[1] ; current_state.S2b            ; Clock        ; Clock       ; 1.000        ; -0.107     ; 3.295      ;
; -2.377 ; n_bit_DFF:reg_R_inst|reg[1] ; n_bit_DFF:reg_R_inst|reg[13] ; Clock        ; Clock       ; 1.000        ; -0.010     ; 3.385      ;
; -2.377 ; n_bit_DFF:reg_R_inst|reg[1] ; n_bit_DFF:reg_R_inst|reg[16] ; Clock        ; Clock       ; 1.000        ; -0.010     ; 3.385      ;
; -2.364 ; n_bit_DFF:reg_R_inst|reg[1] ; n_bit_DFF:reg_R_inst|reg[15] ; Clock        ; Clock       ; 1.000        ; -0.010     ; 3.372      ;
; -2.347 ; n_bit_DFF:reg_D_inst|reg[2] ; current_state.S2a            ; Clock        ; Clock       ; 1.000        ; -0.107     ; 3.258      ;
; -2.343 ; n_bit_DFF:reg_D_inst|reg[0] ; n_bit_DFF:reg_R_inst|reg[14] ; Clock        ; Clock       ; 1.000        ; -0.059     ; 3.302      ;
; -2.340 ; n_bit_DFF:reg_D_inst|reg[2] ; current_state.S2b            ; Clock        ; Clock       ; 1.000        ; -0.107     ; 3.251      ;
; -2.318 ; n_bit_DFF:reg_R_inst|reg[1] ; current_state.S2a            ; Clock        ; Clock       ; 1.000        ; -0.067     ; 3.269      ;
; -2.318 ; n_bit_DFF:reg_R_inst|reg[1] ; current_state.S2b            ; Clock        ; Clock       ; 1.000        ; -0.067     ; 3.269      ;
; -2.315 ; n_bit_DFF:reg_D_inst|reg[3] ; n_bit_DFF:reg_R_inst|reg[16] ; Clock        ; Clock       ; 1.000        ; -0.050     ; 3.283      ;
; -2.314 ; n_bit_DFF:reg_R_inst|reg[0] ; n_bit_DFF:reg_R_inst|reg[14] ; Clock        ; Clock       ; 1.000        ; -0.019     ; 3.313      ;
; -2.311 ; n_bit_DFF:reg_R_inst|reg[3] ; n_bit_DFF:reg_R_inst|reg[12] ; Clock        ; Clock       ; 1.000        ; -0.019     ; 3.310      ;
; -2.305 ; n_bit_DFF:reg_D_inst|reg[0] ; n_bit_DFF:reg_R_inst|reg[13] ; Clock        ; Clock       ; 1.000        ; -0.050     ; 3.273      ;
; -2.295 ; n_bit_DFF:reg_D_inst|reg[1] ; n_bit_DFF:reg_R_inst|reg[14] ; Clock        ; Clock       ; 1.000        ; -0.059     ; 3.254      ;
; -2.292 ; n_bit_DFF:reg_D_inst|reg[4] ; n_bit_DFF:reg_R_inst|reg[16] ; Clock        ; Clock       ; 1.000        ; -0.050     ; 3.260      ;
; -2.287 ; n_bit_DFF:reg_R_inst|reg[1] ; n_bit_DFF:reg_R_inst|reg[6]  ; Clock        ; Clock       ; 1.000        ; -0.046     ; 3.259      ;
; -2.287 ; n_bit_DFF:reg_D_inst|reg[0] ; n_bit_DFF:reg_R_inst|reg[11] ; Clock        ; Clock       ; 1.000        ; -0.050     ; 3.255      ;
; -2.287 ; n_bit_DFF:reg_D_inst|reg[2] ; n_bit_DFF:reg_R_inst|reg[15] ; Clock        ; Clock       ; 1.000        ; -0.050     ; 3.255      ;
; -2.279 ; n_bit_DFF:reg_R_inst|reg[2] ; n_bit_DFF:reg_R_inst|reg[16] ; Clock        ; Clock       ; 1.000        ; -0.010     ; 3.287      ;
; -2.264 ; n_bit_DFF:reg_R_inst|reg[0] ; n_bit_DFF:reg_R_inst|reg[16] ; Clock        ; Clock       ; 1.000        ; -0.010     ; 3.272      ;
; -2.257 ; n_bit_DFF:reg_R_inst|reg[0] ; n_bit_DFF:reg_R_inst|reg[13] ; Clock        ; Clock       ; 1.000        ; -0.010     ; 3.265      ;
; -2.256 ; n_bit_DFF:reg_D_inst|reg[3] ; current_state.S2a            ; Clock        ; Clock       ; 1.000        ; -0.107     ; 3.167      ;
; -2.256 ; n_bit_DFF:reg_D_inst|reg[3] ; current_state.S2b            ; Clock        ; Clock       ; 1.000        ; -0.107     ; 3.167      ;
; -2.248 ; n_bit_DFF:reg_R_inst|reg[3] ; n_bit_DFF:reg_R_inst|reg[13] ; Clock        ; Clock       ; 1.000        ; -0.010     ; 3.256      ;
; -2.237 ; n_bit_DFF:reg_R_inst|reg[0] ; n_bit_DFF:reg_R_inst|reg[15] ; Clock        ; Clock       ; 1.000        ; -0.010     ; 3.245      ;
; -2.235 ; n_bit_DFF:reg_R_inst|reg[3] ; n_bit_DFF:reg_R_inst|reg[15] ; Clock        ; Clock       ; 1.000        ; -0.010     ; 3.243      ;
; -2.229 ; n_bit_DFF:reg_R_inst|reg[3] ; n_bit_DFF:reg_R_inst|reg[16] ; Clock        ; Clock       ; 1.000        ; -0.010     ; 3.237      ;
; -2.220 ; n_bit_DFF:reg_R_inst|reg[2] ; current_state.S2a            ; Clock        ; Clock       ; 1.000        ; -0.067     ; 3.171      ;
; -2.220 ; n_bit_DFF:reg_R_inst|reg[2] ; current_state.S2b            ; Clock        ; Clock       ; 1.000        ; -0.067     ; 3.171      ;
; -2.220 ; n_bit_DFF:reg_D_inst|reg[4] ; current_state.S2a            ; Clock        ; Clock       ; 1.000        ; -0.107     ; 3.131      ;
; -2.213 ; n_bit_DFF:reg_D_inst|reg[4] ; current_state.S2b            ; Clock        ; Clock       ; 1.000        ; -0.107     ; 3.124      ;
; -2.212 ; n_bit_DFF:reg_D_inst|reg[0] ; n_bit_DFF:reg_R_inst|reg[12] ; Clock        ; Clock       ; 1.000        ; -0.059     ; 3.171      ;
; -2.205 ; n_bit_DFF:reg_R_inst|reg[0] ; current_state.S2a            ; Clock        ; Clock       ; 1.000        ; -0.067     ; 3.156      ;
; -2.205 ; n_bit_DFF:reg_R_inst|reg[0] ; current_state.S2b            ; Clock        ; Clock       ; 1.000        ; -0.067     ; 3.156      ;
; -2.193 ; n_bit_DFF:reg_R_inst|reg[2] ; n_bit_DFF:reg_R_inst|reg[14] ; Clock        ; Clock       ; 1.000        ; -0.019     ; 3.192      ;
; -2.184 ; n_bit_DFF:reg_R_inst|reg[1] ; n_bit_DFF:reg_R_inst|reg[4]  ; Clock        ; Clock       ; 1.000        ; -0.046     ; 3.156      ;
; -2.183 ; n_bit_DFF:reg_R_inst|reg[0] ; n_bit_DFF:reg_R_inst|reg[12] ; Clock        ; Clock       ; 1.000        ; -0.019     ; 3.182      ;
; -2.182 ; n_bit_DFF:reg_R_inst|reg[4] ; n_bit_DFF:reg_R_inst|reg[16] ; Clock        ; Clock       ; 1.000        ; -0.010     ; 3.190      ;
; -2.182 ; n_bit_DFF:reg_D_inst|reg[5] ; n_bit_DFF:reg_R_inst|reg[16] ; Clock        ; Clock       ; 1.000        ; -0.050     ; 3.150      ;
; -2.181 ; n_bit_DFF:reg_R_inst|reg[1] ; n_bit_DFF:reg_R_inst|reg[8]  ; Clock        ; Clock       ; 1.000        ; -0.019     ; 3.180      ;
; -2.177 ; n_bit_DFF:reg_D_inst|reg[6] ; n_bit_DFF:reg_R_inst|reg[16] ; Clock        ; Clock       ; 1.000        ; -0.050     ; 3.145      ;
; -2.175 ; n_bit_DFF:reg_D_inst|reg[1] ; n_bit_DFF:reg_R_inst|reg[15] ; Clock        ; Clock       ; 1.000        ; -0.050     ; 3.143      ;
; -2.173 ; n_bit_DFF:reg_D_inst|reg[2] ; n_bit_DFF:reg_R_inst|reg[13] ; Clock        ; Clock       ; 1.000        ; -0.050     ; 3.141      ;
; -2.164 ; n_bit_DFF:reg_D_inst|reg[1] ; n_bit_DFF:reg_R_inst|reg[12] ; Clock        ; Clock       ; 1.000        ; -0.059     ; 3.123      ;
; -2.163 ; n_bit_DFF:reg_D_inst|reg[3] ; n_bit_DFF:reg_R_inst|reg[14] ; Clock        ; Clock       ; 1.000        ; -0.059     ; 3.122      ;
; -2.161 ; n_bit_DFF:reg_R_inst|reg[3] ; current_state.S2a            ; Clock        ; Clock       ; 1.000        ; -0.067     ; 3.112      ;
; -2.161 ; n_bit_DFF:reg_R_inst|reg[3] ; current_state.S2b            ; Clock        ; Clock       ; 1.000        ; -0.067     ; 3.112      ;
; -2.160 ; n_bit_DFF:reg_D_inst|reg[4] ; n_bit_DFF:reg_R_inst|reg[15] ; Clock        ; Clock       ; 1.000        ; -0.050     ; 3.128      ;
; -2.158 ; n_bit_DFF:reg_R_inst|reg[3] ; n_bit_DFF:reg_R_inst|reg[6]  ; Clock        ; Clock       ; 1.000        ; -0.046     ; 3.130      ;
; -2.155 ; n_bit_DFF:reg_D_inst|reg[2] ; n_bit_DFF:reg_R_inst|reg[11] ; Clock        ; Clock       ; 1.000        ; -0.050     ; 3.123      ;
; -2.130 ; n_bit_DFF:reg_R_inst|reg[1] ; n_bit_DFF:reg_R_inst|reg[10] ; Clock        ; Clock       ; 1.000        ; -0.010     ; 3.138      ;
; -2.129 ; n_bit_DFF:reg_D_inst|reg[0] ; n_bit_DFF:reg_R_inst|reg[10] ; Clock        ; Clock       ; 1.000        ; -0.050     ; 3.097      ;
; -2.128 ; n_bit_DFF:reg_R_inst|reg[5] ; n_bit_DFF:reg_R_inst|reg[14] ; Clock        ; Clock       ; 1.000        ; -0.019     ; 3.127      ;
; -2.125 ; n_bit_DFF:reg_R_inst|reg[2] ; n_bit_DFF:reg_R_inst|reg[13] ; Clock        ; Clock       ; 1.000        ; -0.010     ; 3.133      ;
; -2.123 ; n_bit_DFF:reg_R_inst|reg[4] ; current_state.S2a            ; Clock        ; Clock       ; 1.000        ; -0.067     ; 3.074      ;
; -2.123 ; n_bit_DFF:reg_R_inst|reg[4] ; current_state.S2b            ; Clock        ; Clock       ; 1.000        ; -0.067     ; 3.074      ;
; -2.123 ; n_bit_DFF:reg_D_inst|reg[5] ; current_state.S2a            ; Clock        ; Clock       ; 1.000        ; -0.107     ; 3.034      ;
; -2.123 ; n_bit_DFF:reg_D_inst|reg[5] ; current_state.S2b            ; Clock        ; Clock       ; 1.000        ; -0.107     ; 3.034      ;
; -2.118 ; n_bit_DFF:reg_R_inst|reg[1] ; n_bit_DFF:reg_R_inst|reg[9]  ; Clock        ; Clock       ; 1.000        ; -0.010     ; 3.126      ;
; -2.117 ; n_bit_DFF:reg_R_inst|reg[1] ; n_bit_DFF:reg_R_inst|reg[5]  ; Clock        ; Clock       ; 1.000        ; -0.046     ; 3.089      ;
; -2.112 ; n_bit_DFF:reg_R_inst|reg[2] ; n_bit_DFF:reg_R_inst|reg[15] ; Clock        ; Clock       ; 1.000        ; -0.010     ; 3.120      ;
; -2.105 ; n_bit_DFF:reg_D_inst|reg[6] ; current_state.S2a            ; Clock        ; Clock       ; 1.000        ; -0.107     ; 3.016      ;
; -2.101 ; n_bit_DFF:reg_D_inst|reg[1] ; n_bit_DFF:reg_R_inst|reg[13] ; Clock        ; Clock       ; 1.000        ; -0.050     ; 3.069      ;
; -2.098 ; n_bit_DFF:reg_D_inst|reg[6] ; current_state.S2b            ; Clock        ; Clock       ; 1.000        ; -0.107     ; 3.009      ;
; -2.091 ; n_bit_DFF:reg_R_inst|reg[5] ; n_bit_DFF:reg_R_inst|reg[16] ; Clock        ; Clock       ; 1.000        ; -0.010     ; 3.099      ;
; -2.083 ; n_bit_DFF:reg_D_inst|reg[0] ; n_bit_DFF:reg_R_inst|reg[5]  ; Clock        ; Clock       ; 1.000        ; -0.109     ; 2.992      ;
; -2.082 ; n_bit_DFF:reg_D_inst|reg[0] ; n_bit_DFF:reg_R_inst|reg[6]  ; Clock        ; Clock       ; 1.000        ; -0.109     ; 2.991      ;
; -2.077 ; n_bit_DFF:reg_R_inst|reg[4] ; n_bit_DFF:reg_R_inst|reg[14] ; Clock        ; Clock       ; 1.000        ; -0.019     ; 3.076      ;
; -2.077 ; n_bit_DFF:reg_D_inst|reg[7] ; n_bit_DFF:reg_R_inst|reg[16] ; Clock        ; Clock       ; 1.000        ; -0.050     ; 3.045      ;
; -2.074 ; n_bit_DFF:reg_D_inst|reg[2] ; n_bit_DFF:reg_R_inst|reg[14] ; Clock        ; Clock       ; 1.000        ; -0.059     ; 3.033      ;
; -2.073 ; n_bit_DFF:reg_R_inst|reg[1] ; n_bit_DFF:reg_R_inst|reg[7]  ; Clock        ; Clock       ; 1.000        ; -0.046     ; 3.045      ;
; -2.062 ; n_bit_DFF:reg_R_inst|reg[2] ; n_bit_DFF:reg_R_inst|reg[12] ; Clock        ; Clock       ; 1.000        ; -0.019     ; 3.061      ;
; -2.055 ; n_bit_DFF:reg_R_inst|reg[3] ; n_bit_DFF:reg_R_inst|reg[4]  ; Clock        ; Clock       ; 1.000        ; -0.046     ; 3.027      ;
; -2.052 ; n_bit_DFF:reg_R_inst|reg[3] ; n_bit_DFF:reg_R_inst|reg[8]  ; Clock        ; Clock       ; 1.000        ; -0.019     ; 3.051      ;
; -2.049 ; n_bit_DFF:reg_D_inst|reg[0] ; n_bit_DFF:reg_R_inst|reg[7]  ; Clock        ; Clock       ; 1.000        ; -0.109     ; 2.958      ;
; -2.046 ; n_bit_DFF:reg_D_inst|reg[4] ; n_bit_DFF:reg_R_inst|reg[13] ; Clock        ; Clock       ; 1.000        ; -0.050     ; 3.014      ;
; -2.045 ; n_bit_DFF:reg_D_inst|reg[6] ; n_bit_DFF:reg_R_inst|reg[15] ; Clock        ; Clock       ; 1.000        ; -0.050     ; 3.013      ;
; -2.043 ; n_bit_DFF:reg_D_inst|reg[1] ; n_bit_DFF:reg_R_inst|reg[11] ; Clock        ; Clock       ; 1.000        ; -0.050     ; 3.011      ;
; -2.040 ; n_bit_DFF:reg_D_inst|reg[0] ; n_bit_DFF:reg_R_inst|reg[9]  ; Clock        ; Clock       ; 1.000        ; -0.050     ; 3.008      ;
; -2.038 ; n_bit_DFF:reg_D_inst|reg[3] ; n_bit_DFF:reg_R_inst|reg[15] ; Clock        ; Clock       ; 1.000        ; -0.050     ; 3.006      ;
; -2.035 ; n_bit_DFF:reg_D_inst|reg[5] ; n_bit_DFF:reg_R_inst|reg[14] ; Clock        ; Clock       ; 1.000        ; -0.059     ; 2.994      ;
; -2.034 ; n_bit_DFF:reg_R_inst|reg[0] ; n_bit_DFF:reg_R_inst|reg[5]  ; Clock        ; Clock       ; 1.000        ; -0.046     ; 3.006      ;
; -2.034 ; n_bit_DFF:reg_D_inst|reg[1] ; n_bit_DFF:reg_R_inst|reg[6]  ; Clock        ; Clock       ; 1.000        ; -0.109     ; 2.943      ;
; -2.032 ; n_bit_DFF:reg_R_inst|reg[4] ; n_bit_DFF:reg_R_inst|reg[13] ; Clock        ; Clock       ; 1.000        ; -0.010     ; 3.040      ;
; -2.032 ; n_bit_DFF:reg_R_inst|reg[4] ; n_bit_DFF:reg_R_inst|reg[15] ; Clock        ; Clock       ; 1.000        ; -0.010     ; 3.040      ;
; -2.032 ; n_bit_DFF:reg_R_inst|reg[5] ; current_state.S2a            ; Clock        ; Clock       ; 1.000        ; -0.067     ; 2.983      ;
; -2.032 ; n_bit_DFF:reg_R_inst|reg[5] ; current_state.S2b            ; Clock        ; Clock       ; 1.000        ; -0.067     ; 2.983      ;
; -2.032 ; n_bit_DFF:reg_D_inst|reg[3] ; n_bit_DFF:reg_R_inst|reg[12] ; Clock        ; Clock       ; 1.000        ; -0.059     ; 2.991      ;
; -2.030 ; n_bit_DFF:reg_R_inst|reg[0] ; n_bit_DFF:reg_R_inst|reg[6]  ; Clock        ; Clock       ; 1.000        ; -0.046     ; 3.002      ;
; -2.029 ; n_bit_DFF:reg_D_inst|reg[7] ; n_bit_DFF:reg_R_inst|reg[14] ; Clock        ; Clock       ; 1.000        ; -0.059     ; 2.988      ;
+--------+-----------------------------+------------------------------+--------------+-------------+--------------+------------+------------+


+-------------------------------------------------------------------------------------------------------------------------------------------+
; Slow 1200mV 85C Model Hold: 'Clock'                                                                                                       ;
+-------+------------------------------+------------------------------+--------------+-------------+--------------+------------+------------+
; Slack ; From Node                    ; To Node                      ; Launch Clock ; Latch Clock ; Relationship ; Clock Skew ; Data Delay ;
+-------+------------------------------+------------------------------+--------------+-------------+--------------+------------+------------+
; 0.440 ; n_bit_DFF:reg_D_inst|reg[15] ; n_bit_DFF:reg_D_inst|reg[15] ; Clock        ; Clock       ; 0.000        ; 0.043      ; 0.669      ;
; 0.440 ; count[0]                     ; count[0]                     ; Clock        ; Clock       ; 0.000        ; 0.043      ; 0.669      ;
; 0.440 ; count[1]                     ; count[1]                     ; Clock        ; Clock       ; 0.000        ; 0.043      ; 0.669      ;
; 0.440 ; count[3]                     ; count[3]                     ; Clock        ; Clock       ; 0.000        ; 0.043      ; 0.669      ;
; 0.440 ; count[2]                     ; count[2]                     ; Clock        ; Clock       ; 0.000        ; 0.043      ; 0.669      ;
; 0.440 ; current_state.S4             ; current_state.S4             ; Clock        ; Clock       ; 0.000        ; 0.043      ; 0.669      ;
; 0.474 ; count[0]                     ; count[1]                     ; Clock        ; Clock       ; 0.000        ; 0.049      ; 0.709      ;
; 0.501 ; current_state.S2a            ; current_state.S3             ; Clock        ; Clock       ; 0.000        ; 0.047      ; 0.734      ;
; 0.614 ; n_bit_DFF:reg_D_inst|reg[2]  ; n_bit_DFF:reg_D_inst|reg[1]  ; Clock        ; Clock       ; 0.000        ; 0.048      ; 0.848      ;
; 0.614 ; n_bit_DFF:reg_D_inst|reg[9]  ; n_bit_DFF:reg_D_inst|reg[8]  ; Clock        ; Clock       ; 0.000        ; 0.047      ; 0.847      ;
; 0.655 ; n_bit_DFF:reg_Q_inst|reg[3]  ; n_bit_DFF:reg_Q_inst|reg[4]  ; Clock        ; Clock       ; 0.000        ; 0.048      ; 0.889      ;
; 0.656 ; n_bit_DFF:reg_Q_inst|reg[0]  ; n_bit_DFF:reg_Q_inst|reg[1]  ; Clock        ; Clock       ; 0.000        ; 0.048      ; 0.890      ;
; 0.657 ; n_bit_DFF:reg_Q_inst|reg[6]  ; n_bit_DFF:reg_Q_inst|reg[7]  ; Clock        ; Clock       ; 0.000        ; 0.047      ; 0.890      ;
; 0.661 ; n_bit_DFF:reg_Q_inst|reg[2]  ; n_bit_DFF:reg_Q_inst|reg[3]  ; Clock        ; Clock       ; 0.000        ; 0.048      ; 0.895      ;
; 0.663 ; n_bit_DFF:reg_Q_inst|reg[5]  ; n_bit_DFF:reg_Q_inst|reg[6]  ; Clock        ; Clock       ; 0.000        ; 0.047      ; 0.896      ;
; 0.697 ; n_bit_DFF:reg_D_inst|reg[1]  ; n_bit_DFF:reg_D_inst|reg[0]  ; Clock        ; Clock       ; 0.000        ; 0.048      ; 0.931      ;
; 0.698 ; n_bit_DFF:reg_D_inst|reg[3]  ; n_bit_DFF:reg_D_inst|reg[2]  ; Clock        ; Clock       ; 0.000        ; 0.048      ; 0.932      ;
; 0.699 ; n_bit_DFF:reg_D_inst|reg[5]  ; n_bit_DFF:reg_D_inst|reg[4]  ; Clock        ; Clock       ; 0.000        ; 0.048      ; 0.933      ;
; 0.700 ; n_bit_DFF:reg_D_inst|reg[4]  ; n_bit_DFF:reg_D_inst|reg[3]  ; Clock        ; Clock       ; 0.000        ; 0.048      ; 0.934      ;
; 0.707 ; current_state.S3             ; current_state.S4             ; Clock        ; Clock       ; 0.000        ; 0.047      ; 0.940      ;
; 0.714 ; n_bit_DFF:reg_D_inst|reg[6]  ; n_bit_DFF:reg_D_inst|reg[5]  ; Clock        ; Clock       ; 0.000        ; 0.048      ; 0.948      ;
; 0.745 ; n_bit_DFF:reg_Q_inst|reg[1]  ; n_bit_DFF:reg_Q_inst|reg[2]  ; Clock        ; Clock       ; 0.000        ; 0.048      ; 0.979      ;
; 0.747 ; current_state.S2b            ; current_state.S3             ; Clock        ; Clock       ; 0.000        ; 0.047      ; 0.980      ;
; 0.805 ; current_state.S1             ; current_state.S2b            ; Clock        ; Clock       ; 0.000        ; 0.285      ; 1.276      ;
; 0.812 ; current_state.S1             ; current_state.S2a            ; Clock        ; Clock       ; 0.000        ; 0.285      ; 1.283      ;
; 0.851 ; n_bit_DFF:reg_D_inst|reg[7]  ; n_bit_DFF:reg_D_inst|reg[6]  ; Clock        ; Clock       ; 0.000        ; 0.048      ; 1.085      ;
; 0.863 ; count[0]                     ; current_state.S1             ; Clock        ; Clock       ; 0.000        ; 0.049      ; 1.098      ;
; 0.915 ; current_state.S3             ; n_bit_DFF:reg_D_inst|reg[8]  ; Clock        ; Clock       ; 0.000        ; 0.089      ; 1.190      ;
; 0.929 ; current_state.S2b            ; n_bit_DFF:reg_R_inst|reg[9]  ; Clock        ; Clock       ; 0.000        ; 0.158      ; 1.273      ;
; 0.953 ; count[0]                     ; current_state.S4             ; Clock        ; Clock       ; 0.000        ; 0.285      ; 1.424      ;
; 0.959 ; count[3]                     ; current_state.S1             ; Clock        ; Clock       ; 0.000        ; 0.049      ; 1.194      ;
; 0.960 ; count[3]                     ; count[0]                     ; Clock        ; Clock       ; 0.000        ; 0.049      ; 1.195      ;
; 1.001 ; current_state.S1             ; n_bit_DFF:reg_R_inst|reg[0]  ; Clock        ; Clock       ; 0.000        ; 0.259      ; 1.446      ;
; 1.001 ; current_state.S1             ; n_bit_DFF:reg_R_inst|reg[7]  ; Clock        ; Clock       ; 0.000        ; 0.259      ; 1.446      ;
; 1.001 ; current_state.S1             ; n_bit_DFF:reg_R_inst|reg[5]  ; Clock        ; Clock       ; 0.000        ; 0.259      ; 1.446      ;
; 1.001 ; current_state.S1             ; n_bit_DFF:reg_R_inst|reg[3]  ; Clock        ; Clock       ; 0.000        ; 0.259      ; 1.446      ;
; 1.001 ; n_bit_DFF:reg_D_inst|reg[8]  ; n_bit_DFF:reg_R_inst|reg[8]  ; Clock        ; Clock       ; 0.000        ; 0.088      ; 1.275      ;
; 1.007 ; n_bit_DFF:reg_D_inst|reg[14] ; n_bit_DFF:reg_R_inst|reg[14] ; Clock        ; Clock       ; 0.000        ; 0.088      ; 1.281      ;
; 1.023 ; current_state.S2b            ; n_bit_DFF:reg_R_inst|reg[11] ; Clock        ; Clock       ; 0.000        ; 0.158      ; 1.367      ;
; 1.023 ; current_state.S2b            ; n_bit_DFF:reg_R_inst|reg[16] ; Clock        ; Clock       ; 0.000        ; 0.158      ; 1.367      ;
; 1.025 ; current_state.S2b            ; n_bit_DFF:reg_R_inst|reg[10] ; Clock        ; Clock       ; 0.000        ; 0.158      ; 1.369      ;
; 1.037 ; n_bit_DFF:reg_R_inst|reg[16] ; n_bit_DFF:reg_R_inst|reg[16] ; Clock        ; Clock       ; 0.000        ; 0.049      ; 1.272      ;
; 1.038 ; count[0]                     ; count[3]                     ; Clock        ; Clock       ; 0.000        ; 0.049      ; 1.273      ;
; 1.041 ; current_state.S2b            ; n_bit_DFF:reg_R_inst|reg[13] ; Clock        ; Clock       ; 0.000        ; 0.158      ; 1.385      ;
; 1.043 ; current_state.S2b            ; n_bit_DFF:reg_R_inst|reg[15] ; Clock        ; Clock       ; 0.000        ; 0.158      ; 1.387      ;
; 1.044 ; n_bit_DFF:reg_R_inst|reg[8]  ; n_bit_DFF:reg_R_inst|reg[8]  ; Clock        ; Clock       ; 0.000        ; 0.048      ; 1.278      ;
; 1.049 ; current_state.S2b            ; n_bit_DFF:reg_R_inst|reg[14] ; Clock        ; Clock       ; 0.000        ; 0.120      ; 1.355      ;
; 1.051 ; current_state.S2b            ; n_bit_DFF:reg_R_inst|reg[8]  ; Clock        ; Clock       ; 0.000        ; 0.120      ; 1.357      ;
; 1.052 ; current_state.S2b            ; n_bit_DFF:reg_R_inst|reg[12] ; Clock        ; Clock       ; 0.000        ; 0.120      ; 1.358      ;
; 1.064 ; n_bit_DFF:reg_R_inst|reg[6]  ; n_bit_DFF:reg_R_inst|reg[6]  ; Clock        ; Clock       ; 0.000        ; 0.043      ; 1.293      ;
; 1.065 ; n_bit_DFF:reg_R_inst|reg[1]  ; n_bit_DFF:reg_R_inst|reg[1]  ; Clock        ; Clock       ; 0.000        ; 0.043      ; 1.294      ;
; 1.068 ; current_state.Start          ; n_bit_DFF:reg_Q_inst|reg[5]  ; Clock        ; Clock       ; 0.000        ; 0.010      ; 1.264      ;
; 1.072 ; count[1]                     ; count[2]                     ; Clock        ; Clock       ; 0.000        ; 0.049      ; 1.307      ;
; 1.073 ; current_state.Start          ; n_bit_DFF:reg_Q_inst|reg[6]  ; Clock        ; Clock       ; 0.000        ; 0.010      ; 1.269      ;
; 1.073 ; current_state.Start          ; n_bit_DFF:reg_Q_inst|reg[7]  ; Clock        ; Clock       ; 0.000        ; 0.010      ; 1.269      ;
; 1.083 ; count[0]                     ; count[2]                     ; Clock        ; Clock       ; 0.000        ; 0.049      ; 1.318      ;
; 1.083 ; current_state.Start          ; n_bit_DFF:reg_Q_inst|reg[1]  ; Clock        ; Clock       ; 0.000        ; 0.006      ; 1.275      ;
; 1.085 ; current_state.Start          ; n_bit_DFF:reg_Q_inst|reg[2]  ; Clock        ; Clock       ; 0.000        ; 0.006      ; 1.277      ;
; 1.086 ; current_state.S3             ; count[3]                     ; Clock        ; Clock       ; 0.000        ; -0.101     ; 1.171      ;
; 1.089 ; current_state.Start          ; n_bit_DFF:reg_Q_inst|reg[3]  ; Clock        ; Clock       ; 0.000        ; 0.006      ; 1.281      ;
; 1.089 ; current_state.Start          ; n_bit_DFF:reg_Q_inst|reg[4]  ; Clock        ; Clock       ; 0.000        ; 0.006      ; 1.281      ;
; 1.090 ; n_bit_DFF:reg_D_inst|reg[11] ; n_bit_DFF:reg_R_inst|reg[11] ; Clock        ; Clock       ; 0.000        ; 0.162      ; 1.438      ;
; 1.109 ; n_bit_DFF:reg_D_inst|reg[9]  ; n_bit_DFF:reg_R_inst|reg[9]  ; Clock        ; Clock       ; 0.000        ; 0.162      ; 1.457      ;
; 1.115 ; count[3]                     ; current_state.S4             ; Clock        ; Clock       ; 0.000        ; 0.285      ; 1.586      ;
; 1.118 ; n_bit_DFF:reg_Q_inst|reg[4]  ; n_bit_DFF:reg_Q_inst|reg[5]  ; Clock        ; Clock       ; 0.000        ; 0.074      ; 1.378      ;
; 1.119 ; n_bit_DFF:reg_D_inst|reg[8]  ; n_bit_DFF:reg_D_inst|reg[7]  ; Clock        ; Clock       ; 0.000        ; 0.089      ; 1.394      ;
; 1.135 ; count[1]                     ; current_state.S1             ; Clock        ; Clock       ; 0.000        ; 0.049      ; 1.370      ;
; 1.136 ; count[1]                     ; count[0]                     ; Clock        ; Clock       ; 0.000        ; 0.049      ; 1.371      ;
; 1.145 ; count[2]                     ; current_state.S1             ; Clock        ; Clock       ; 0.000        ; 0.049      ; 1.380      ;
; 1.146 ; count[2]                     ; count[0]                     ; Clock        ; Clock       ; 0.000        ; 0.049      ; 1.381      ;
; 1.153 ; n_bit_DFF:reg_D_inst|reg[15] ; n_bit_DFF:reg_D_inst|reg[14] ; Clock        ; Clock       ; 0.000        ; 0.281      ; 1.620      ;
; 1.154 ; n_bit_DFF:reg_D_inst|reg[12] ; n_bit_DFF:reg_R_inst|reg[12] ; Clock        ; Clock       ; 0.000        ; 0.088      ; 1.428      ;
; 1.164 ; n_bit_DFF:reg_R_inst|reg[15] ; n_bit_DFF:reg_R_inst|reg[15] ; Clock        ; Clock       ; 0.000        ; 0.049      ; 1.399      ;
; 1.181 ; current_state.S3             ; n_bit_DFF:reg_D_inst|reg[5]  ; Clock        ; Clock       ; 0.000        ; 0.107      ; 1.474      ;
; 1.181 ; current_state.S3             ; n_bit_DFF:reg_D_inst|reg[4]  ; Clock        ; Clock       ; 0.000        ; 0.107      ; 1.474      ;
; 1.182 ; current_state.S3             ; n_bit_DFF:reg_D_inst|reg[2]  ; Clock        ; Clock       ; 0.000        ; 0.107      ; 1.475      ;
; 1.182 ; current_state.S3             ; n_bit_DFF:reg_D_inst|reg[1]  ; Clock        ; Clock       ; 0.000        ; 0.107      ; 1.475      ;
; 1.182 ; current_state.S3             ; n_bit_DFF:reg_D_inst|reg[0]  ; Clock        ; Clock       ; 0.000        ; 0.107      ; 1.475      ;
; 1.183 ; current_state.S3             ; n_bit_DFF:reg_D_inst|reg[6]  ; Clock        ; Clock       ; 0.000        ; 0.107      ; 1.476      ;
; 1.183 ; current_state.S3             ; n_bit_DFF:reg_D_inst|reg[3]  ; Clock        ; Clock       ; 0.000        ; 0.107      ; 1.476      ;
; 1.187 ; n_bit_DFF:reg_R_inst|reg[11] ; n_bit_DFF:reg_R_inst|reg[11] ; Clock        ; Clock       ; 0.000        ; 0.049      ; 1.422      ;
; 1.196 ; n_bit_DFF:reg_R_inst|reg[10] ; n_bit_DFF:reg_R_inst|reg[10] ; Clock        ; Clock       ; 0.000        ; 0.049      ; 1.431      ;
; 1.199 ; current_state.Start          ; current_state.S1             ; Clock        ; Clock       ; 0.000        ; -0.101     ; 1.284      ;
; 1.200 ; n_bit_DFF:reg_R_inst|reg[16] ; current_state.S2b            ; Clock        ; Clock       ; 0.000        ; 0.036      ; 1.422      ;
; 1.202 ; n_bit_DFF:reg_R_inst|reg[12] ; n_bit_DFF:reg_R_inst|reg[12] ; Clock        ; Clock       ; 0.000        ; 0.048      ; 1.436      ;
; 1.203 ; n_bit_DFF:reg_R_inst|reg[2]  ; n_bit_DFF:reg_R_inst|reg[2]  ; Clock        ; Clock       ; 0.000        ; 0.043      ; 1.432      ;
; 1.205 ; n_bit_DFF:reg_D_inst|reg[10] ; n_bit_DFF:reg_R_inst|reg[10] ; Clock        ; Clock       ; 0.000        ; 0.162      ; 1.553      ;
; 1.216 ; n_bit_DFF:reg_R_inst|reg[16] ; current_state.S2a            ; Clock        ; Clock       ; 0.000        ; 0.036      ; 1.438      ;
; 1.219 ; n_bit_DFF:reg_D_inst|reg[1]  ; n_bit_DFF:reg_R_inst|reg[1]  ; Clock        ; Clock       ; 0.000        ; 0.031      ; 1.436      ;
; 1.225 ; count[1]                     ; current_state.S4             ; Clock        ; Clock       ; 0.000        ; 0.285      ; 1.696      ;
; 1.235 ; count[2]                     ; current_state.S4             ; Clock        ; Clock       ; 0.000        ; 0.285      ; 1.706      ;
; 1.236 ; count[1]                     ; count[3]                     ; Clock        ; Clock       ; 0.000        ; 0.049      ; 1.471      ;
; 1.236 ; current_state.S1             ; n_bit_DFF:reg_R_inst|reg[6]  ; Clock        ; Clock       ; 0.000        ; 0.259      ; 1.681      ;
; 1.236 ; current_state.S1             ; n_bit_DFF:reg_R_inst|reg[2]  ; Clock        ; Clock       ; 0.000        ; 0.259      ; 1.681      ;
; 1.237 ; current_state.S1             ; n_bit_DFF:reg_R_inst|reg[4]  ; Clock        ; Clock       ; 0.000        ; 0.259      ; 1.682      ;
; 1.237 ; current_state.S1             ; n_bit_DFF:reg_R_inst|reg[1]  ; Clock        ; Clock       ; 0.000        ; 0.259      ; 1.682      ;
; 1.239 ; count[2]                     ; count[3]                     ; Clock        ; Clock       ; 0.000        ; 0.049      ; 1.474      ;
; 1.246 ; current_state.S2a            ; n_bit_DFF:reg_Q_inst|reg[0]  ; Clock        ; Clock       ; 0.000        ; 0.006      ; 1.438      ;
; 1.247 ; n_bit_DFF:reg_R_inst|reg[3]  ; n_bit_DFF:reg_R_inst|reg[3]  ; Clock        ; Clock       ; 0.000        ; 0.043      ; 1.476      ;
; 1.249 ; n_bit_DFF:reg_R_inst|reg[7]  ; n_bit_DFF:reg_R_inst|reg[7]  ; Clock        ; Clock       ; 0.000        ; 0.043      ; 1.478      ;
+-------+------------------------------+------------------------------+--------------+-------------+--------------+------------+------------+


-----------------------------------------------
; Slow 1200mV 85C Model Metastability Summary ;
-----------------------------------------------
No synchronizer chains to report.


+-----------------------------------------------------------------------------------------------------------+
; Slow 1200mV 0C Model Fmax Summary                                                                         ;
+------------+-----------------+------------+---------------------------------------------------------------+
; Fmax       ; Restricted Fmax ; Clock Name ; Note                                                          ;
+------------+-----------------+------------+---------------------------------------------------------------+
; 311.33 MHz ; 250.0 MHz       ; Clock      ; limit due to minimum period restriction (max I/O toggle rate) ;
+------------+-----------------+------------+---------------------------------------------------------------+
This panel reports FMAX for every clock in the design, regardless of the user-specified clock periods.  FMAX is only computed for paths where the source and destination registers or ports are driven by the same clock.  Paths of different clocks, including generated clocks, are ignored.  For paths between a clock and its inversion, FMAX is computed as if the rising and falling edges are scaled along with FMAX, such that the duty cycle (in terms of a percentage) is maintained. Altera recommends that you always use clock constraints and other slack reports for sign-off analysis.


+------------------------------------+
; Slow 1200mV 0C Model Setup Summary ;
+-------+--------+-------------------+
; Clock ; Slack  ; End Point TNS     ;
+-------+--------+-------------------+
; Clock ; -2.212 ; -75.899           ;
+-------+--------+-------------------+


+-----------------------------------+
; Slow 1200mV 0C Model Hold Summary ;
+-------+-------+-------------------+
; Clock ; Slack ; End Point TNS     ;
+-------+-------+-------------------+
; Clock ; 0.387 ; 0.000             ;
+-------+-------+-------------------+


-----------------------------------------
; Slow 1200mV 0C Model Recovery Summary ;
-----------------------------------------
No paths to report.


----------------------------------------
; Slow 1200mV 0C Model Removal Summary ;
----------------------------------------
No paths to report.


+--------------------------------------------------+
; Slow 1200mV 0C Model Minimum Pulse Width Summary ;
+-------+--------+---------------------------------+
; Clock ; Slack  ; End Point TNS                   ;
+-------+--------+---------------------------------+
; Clock ; -3.000 ; -68.535                         ;
+-------+--------+---------------------------------+


+-------------------------------------------------------------------------------------------------------------------------------------------+
; Slow 1200mV 0C Model Setup: 'Clock'                                                                                                       ;
+--------+-----------------------------+------------------------------+--------------+-------------+--------------+------------+------------+
; Slack  ; From Node                   ; To Node                      ; Launch Clock ; Latch Clock ; Relationship ; Clock Skew ; Data Delay ;
+--------+-----------------------------+------------------------------+--------------+-------------+--------------+------------+------------+
; -2.212 ; n_bit_DFF:reg_R_inst|reg[1] ; n_bit_DFF:reg_R_inst|reg[14] ; Clock        ; Clock       ; 1.000        ; -0.015     ; 3.216      ;
; -2.149 ; n_bit_DFF:reg_D_inst|reg[0] ; n_bit_DFF:reg_R_inst|reg[16] ; Clock        ; Clock       ; 1.000        ; -0.045     ; 3.123      ;
; -2.122 ; n_bit_DFF:reg_D_inst|reg[1] ; n_bit_DFF:reg_R_inst|reg[16] ; Clock        ; Clock       ; 1.000        ; -0.045     ; 3.096      ;
; -2.097 ; n_bit_DFF:reg_R_inst|reg[1] ; n_bit_DFF:reg_R_inst|reg[12] ; Clock        ; Clock       ; 1.000        ; -0.015     ; 3.101      ;
; -2.096 ; n_bit_DFF:reg_R_inst|reg[3] ; n_bit_DFF:reg_R_inst|reg[14] ; Clock        ; Clock       ; 1.000        ; -0.015     ; 3.100      ;
; -2.089 ; n_bit_DFF:reg_D_inst|reg[0] ; current_state.S2b            ; Clock        ; Clock       ; 1.000        ; -0.095     ; 3.013      ;
; -2.083 ; n_bit_DFF:reg_D_inst|reg[0] ; current_state.S2a            ; Clock        ; Clock       ; 1.000        ; -0.095     ; 3.007      ;
; -2.066 ; n_bit_DFF:reg_D_inst|reg[0] ; n_bit_DFF:reg_R_inst|reg[15] ; Clock        ; Clock       ; 1.000        ; -0.045     ; 3.040      ;
; -2.065 ; n_bit_DFF:reg_D_inst|reg[1] ; current_state.S2b            ; Clock        ; Clock       ; 1.000        ; -0.095     ; 2.989      ;
; -2.056 ; n_bit_DFF:reg_D_inst|reg[1] ; current_state.S2a            ; Clock        ; Clock       ; 1.000        ; -0.095     ; 2.980      ;
; -2.035 ; n_bit_DFF:reg_R_inst|reg[1] ; n_bit_DFF:reg_R_inst|reg[16] ; Clock        ; Clock       ; 1.000        ; -0.007     ; 3.047      ;
; -2.033 ; n_bit_DFF:reg_D_inst|reg[2] ; n_bit_DFF:reg_R_inst|reg[16] ; Clock        ; Clock       ; 1.000        ; -0.045     ; 3.007      ;
; -2.013 ; n_bit_DFF:reg_D_inst|reg[0] ; n_bit_DFF:reg_R_inst|reg[14] ; Clock        ; Clock       ; 1.000        ; -0.053     ; 2.979      ;
; -2.011 ; n_bit_DFF:reg_R_inst|reg[1] ; n_bit_DFF:reg_R_inst|reg[13] ; Clock        ; Clock       ; 1.000        ; -0.007     ; 3.023      ;
; -2.011 ; n_bit_DFF:reg_D_inst|reg[3] ; n_bit_DFF:reg_R_inst|reg[16] ; Clock        ; Clock       ; 1.000        ; -0.045     ; 2.985      ;
; -1.986 ; n_bit_DFF:reg_R_inst|reg[1] ; n_bit_DFF:reg_R_inst|reg[15] ; Clock        ; Clock       ; 1.000        ; -0.007     ; 2.998      ;
; -1.982 ; n_bit_DFF:reg_R_inst|reg[0] ; n_bit_DFF:reg_R_inst|reg[14] ; Clock        ; Clock       ; 1.000        ; -0.015     ; 2.986      ;
; -1.982 ; n_bit_DFF:reg_D_inst|reg[0] ; n_bit_DFF:reg_R_inst|reg[13] ; Clock        ; Clock       ; 1.000        ; -0.045     ; 2.956      ;
; -1.981 ; n_bit_DFF:reg_R_inst|reg[3] ; n_bit_DFF:reg_R_inst|reg[12] ; Clock        ; Clock       ; 1.000        ; -0.015     ; 2.985      ;
; -1.978 ; n_bit_DFF:reg_R_inst|reg[1] ; current_state.S2b            ; Clock        ; Clock       ; 1.000        ; -0.057     ; 2.940      ;
; -1.977 ; n_bit_DFF:reg_R_inst|reg[1] ; n_bit_DFF:reg_R_inst|reg[6]  ; Clock        ; Clock       ; 1.000        ; -0.043     ; 2.953      ;
; -1.973 ; n_bit_DFF:reg_D_inst|reg[2] ; current_state.S2b            ; Clock        ; Clock       ; 1.000        ; -0.095     ; 2.897      ;
; -1.970 ; n_bit_DFF:reg_D_inst|reg[1] ; n_bit_DFF:reg_R_inst|reg[14] ; Clock        ; Clock       ; 1.000        ; -0.053     ; 2.936      ;
; -1.969 ; n_bit_DFF:reg_R_inst|reg[1] ; current_state.S2a            ; Clock        ; Clock       ; 1.000        ; -0.057     ; 2.931      ;
; -1.967 ; n_bit_DFF:reg_D_inst|reg[2] ; current_state.S2a            ; Clock        ; Clock       ; 1.000        ; -0.095     ; 2.891      ;
; -1.954 ; n_bit_DFF:reg_D_inst|reg[0] ; n_bit_DFF:reg_R_inst|reg[11] ; Clock        ; Clock       ; 1.000        ; -0.045     ; 2.928      ;
; -1.954 ; n_bit_DFF:reg_D_inst|reg[3] ; current_state.S2b            ; Clock        ; Clock       ; 1.000        ; -0.095     ; 2.878      ;
; -1.953 ; n_bit_DFF:reg_R_inst|reg[0] ; n_bit_DFF:reg_R_inst|reg[13] ; Clock        ; Clock       ; 1.000        ; -0.007     ; 2.965      ;
; -1.950 ; n_bit_DFF:reg_D_inst|reg[2] ; n_bit_DFF:reg_R_inst|reg[15] ; Clock        ; Clock       ; 1.000        ; -0.045     ; 2.924      ;
; -1.947 ; n_bit_DFF:reg_R_inst|reg[2] ; n_bit_DFF:reg_R_inst|reg[16] ; Clock        ; Clock       ; 1.000        ; -0.007     ; 2.959      ;
; -1.945 ; n_bit_DFF:reg_D_inst|reg[3] ; current_state.S2a            ; Clock        ; Clock       ; 1.000        ; -0.095     ; 2.869      ;
; -1.936 ; n_bit_DFF:reg_R_inst|reg[0] ; n_bit_DFF:reg_R_inst|reg[16] ; Clock        ; Clock       ; 1.000        ; -0.007     ; 2.948      ;
; -1.921 ; n_bit_DFF:reg_D_inst|reg[4] ; n_bit_DFF:reg_R_inst|reg[16] ; Clock        ; Clock       ; 1.000        ; -0.045     ; 2.895      ;
; -1.900 ; n_bit_DFF:reg_R_inst|reg[0] ; n_bit_DFF:reg_R_inst|reg[15] ; Clock        ; Clock       ; 1.000        ; -0.007     ; 2.912      ;
; -1.898 ; n_bit_DFF:reg_D_inst|reg[0] ; n_bit_DFF:reg_R_inst|reg[12] ; Clock        ; Clock       ; 1.000        ; -0.053     ; 2.864      ;
; -1.896 ; n_bit_DFF:reg_R_inst|reg[3] ; n_bit_DFF:reg_R_inst|reg[16] ; Clock        ; Clock       ; 1.000        ; -0.007     ; 2.908      ;
; -1.893 ; n_bit_DFF:reg_D_inst|reg[5] ; n_bit_DFF:reg_R_inst|reg[16] ; Clock        ; Clock       ; 1.000        ; -0.045     ; 2.867      ;
; -1.890 ; n_bit_DFF:reg_R_inst|reg[2] ; current_state.S2b            ; Clock        ; Clock       ; 1.000        ; -0.057     ; 2.852      ;
; -1.888 ; n_bit_DFF:reg_R_inst|reg[1] ; n_bit_DFF:reg_R_inst|reg[4]  ; Clock        ; Clock       ; 1.000        ; -0.043     ; 2.864      ;
; -1.881 ; n_bit_DFF:reg_R_inst|reg[2] ; current_state.S2a            ; Clock        ; Clock       ; 1.000        ; -0.057     ; 2.843      ;
; -1.881 ; n_bit_DFF:reg_R_inst|reg[3] ; n_bit_DFF:reg_R_inst|reg[13] ; Clock        ; Clock       ; 1.000        ; -0.007     ; 2.893      ;
; -1.879 ; n_bit_DFF:reg_R_inst|reg[0] ; current_state.S2b            ; Clock        ; Clock       ; 1.000        ; -0.057     ; 2.841      ;
; -1.877 ; n_bit_DFF:reg_R_inst|reg[2] ; n_bit_DFF:reg_R_inst|reg[14] ; Clock        ; Clock       ; 1.000        ; -0.015     ; 2.881      ;
; -1.870 ; n_bit_DFF:reg_R_inst|reg[3] ; n_bit_DFF:reg_R_inst|reg[15] ; Clock        ; Clock       ; 1.000        ; -0.007     ; 2.882      ;
; -1.870 ; n_bit_DFF:reg_R_inst|reg[0] ; current_state.S2a            ; Clock        ; Clock       ; 1.000        ; -0.057     ; 2.832      ;
; -1.869 ; n_bit_DFF:reg_R_inst|reg[1] ; n_bit_DFF:reg_R_inst|reg[8]  ; Clock        ; Clock       ; 1.000        ; -0.015     ; 2.873      ;
; -1.867 ; n_bit_DFF:reg_R_inst|reg[0] ; n_bit_DFF:reg_R_inst|reg[12] ; Clock        ; Clock       ; 1.000        ; -0.015     ; 2.871      ;
; -1.862 ; n_bit_DFF:reg_R_inst|reg[4] ; n_bit_DFF:reg_R_inst|reg[16] ; Clock        ; Clock       ; 1.000        ; -0.007     ; 2.874      ;
; -1.861 ; n_bit_DFF:reg_R_inst|reg[3] ; n_bit_DFF:reg_R_inst|reg[6]  ; Clock        ; Clock       ; 1.000        ; -0.043     ; 2.837      ;
; -1.861 ; n_bit_DFF:reg_D_inst|reg[4] ; current_state.S2b            ; Clock        ; Clock       ; 1.000        ; -0.095     ; 2.785      ;
; -1.855 ; n_bit_DFF:reg_D_inst|reg[4] ; current_state.S2a            ; Clock        ; Clock       ; 1.000        ; -0.095     ; 2.779      ;
; -1.855 ; n_bit_DFF:reg_D_inst|reg[1] ; n_bit_DFF:reg_R_inst|reg[12] ; Clock        ; Clock       ; 1.000        ; -0.053     ; 2.821      ;
; -1.854 ; n_bit_DFF:reg_D_inst|reg[3] ; n_bit_DFF:reg_R_inst|reg[14] ; Clock        ; Clock       ; 1.000        ; -0.053     ; 2.820      ;
; -1.852 ; n_bit_DFF:reg_D_inst|reg[1] ; n_bit_DFF:reg_R_inst|reg[15] ; Clock        ; Clock       ; 1.000        ; -0.045     ; 2.826      ;
; -1.850 ; n_bit_DFF:reg_D_inst|reg[2] ; n_bit_DFF:reg_R_inst|reg[13] ; Clock        ; Clock       ; 1.000        ; -0.045     ; 2.824      ;
; -1.839 ; n_bit_DFF:reg_R_inst|reg[3] ; current_state.S2b            ; Clock        ; Clock       ; 1.000        ; -0.057     ; 2.801      ;
; -1.838 ; n_bit_DFF:reg_R_inst|reg[1] ; n_bit_DFF:reg_R_inst|reg[5]  ; Clock        ; Clock       ; 1.000        ; -0.043     ; 2.814      ;
; -1.838 ; n_bit_DFF:reg_D_inst|reg[4] ; n_bit_DFF:reg_R_inst|reg[15] ; Clock        ; Clock       ; 1.000        ; -0.045     ; 2.812      ;
; -1.838 ; n_bit_DFF:reg_D_inst|reg[2] ; n_bit_DFF:reg_R_inst|reg[11] ; Clock        ; Clock       ; 1.000        ; -0.045     ; 2.812      ;
; -1.836 ; n_bit_DFF:reg_R_inst|reg[2] ; n_bit_DFF:reg_R_inst|reg[13] ; Clock        ; Clock       ; 1.000        ; -0.007     ; 2.848      ;
; -1.836 ; n_bit_DFF:reg_D_inst|reg[5] ; current_state.S2b            ; Clock        ; Clock       ; 1.000        ; -0.095     ; 2.760      ;
; -1.830 ; n_bit_DFF:reg_R_inst|reg[3] ; current_state.S2a            ; Clock        ; Clock       ; 1.000        ; -0.057     ; 2.792      ;
; -1.830 ; n_bit_DFF:reg_D_inst|reg[0] ; n_bit_DFF:reg_R_inst|reg[5]  ; Clock        ; Clock       ; 1.000        ; -0.102     ; 2.747      ;
; -1.827 ; n_bit_DFF:reg_D_inst|reg[5] ; current_state.S2a            ; Clock        ; Clock       ; 1.000        ; -0.095     ; 2.751      ;
; -1.820 ; n_bit_DFF:reg_R_inst|reg[2] ; n_bit_DFF:reg_R_inst|reg[15] ; Clock        ; Clock       ; 1.000        ; -0.007     ; 2.832      ;
; -1.820 ; n_bit_DFF:reg_D_inst|reg[6] ; n_bit_DFF:reg_R_inst|reg[16] ; Clock        ; Clock       ; 1.000        ; -0.045     ; 2.794      ;
; -1.817 ; n_bit_DFF:reg_R_inst|reg[5] ; n_bit_DFF:reg_R_inst|reg[14] ; Clock        ; Clock       ; 1.000        ; -0.015     ; 2.821      ;
; -1.816 ; n_bit_DFF:reg_R_inst|reg[1] ; n_bit_DFF:reg_R_inst|reg[10] ; Clock        ; Clock       ; 1.000        ; -0.007     ; 2.828      ;
; -1.805 ; n_bit_DFF:reg_R_inst|reg[4] ; current_state.S2b            ; Clock        ; Clock       ; 1.000        ; -0.057     ; 2.767      ;
; -1.804 ; n_bit_DFF:reg_D_inst|reg[7] ; n_bit_DFF:reg_R_inst|reg[16] ; Clock        ; Clock       ; 1.000        ; -0.045     ; 2.778      ;
; -1.799 ; n_bit_DFF:reg_D_inst|reg[0] ; n_bit_DFF:reg_R_inst|reg[6]  ; Clock        ; Clock       ; 1.000        ; -0.102     ; 2.716      ;
; -1.796 ; n_bit_DFF:reg_R_inst|reg[4] ; current_state.S2a            ; Clock        ; Clock       ; 1.000        ; -0.057     ; 2.758      ;
; -1.783 ; n_bit_DFF:reg_R_inst|reg[5] ; n_bit_DFF:reg_R_inst|reg[16] ; Clock        ; Clock       ; 1.000        ; -0.007     ; 2.795      ;
; -1.780 ; n_bit_DFF:reg_R_inst|reg[0] ; n_bit_DFF:reg_R_inst|reg[5]  ; Clock        ; Clock       ; 1.000        ; -0.043     ; 2.756      ;
; -1.776 ; n_bit_DFF:reg_D_inst|reg[0] ; n_bit_DFF:reg_R_inst|reg[10] ; Clock        ; Clock       ; 1.000        ; -0.045     ; 2.750      ;
; -1.776 ; n_bit_DFF:reg_D_inst|reg[2] ; n_bit_DFF:reg_R_inst|reg[14] ; Clock        ; Clock       ; 1.000        ; -0.053     ; 2.742      ;
; -1.775 ; n_bit_DFF:reg_R_inst|reg[4] ; n_bit_DFF:reg_R_inst|reg[14] ; Clock        ; Clock       ; 1.000        ; -0.015     ; 2.779      ;
; -1.772 ; n_bit_DFF:reg_R_inst|reg[3] ; n_bit_DFF:reg_R_inst|reg[4]  ; Clock        ; Clock       ; 1.000        ; -0.043     ; 2.748      ;
; -1.769 ; n_bit_DFF:reg_R_inst|reg[1] ; n_bit_DFF:reg_R_inst|reg[9]  ; Clock        ; Clock       ; 1.000        ; -0.007     ; 2.781      ;
; -1.762 ; n_bit_DFF:reg_R_inst|reg[1] ; n_bit_DFF:reg_R_inst|reg[7]  ; Clock        ; Clock       ; 1.000        ; -0.043     ; 2.738      ;
; -1.762 ; n_bit_DFF:reg_R_inst|reg[2] ; n_bit_DFF:reg_R_inst|reg[12] ; Clock        ; Clock       ; 1.000        ; -0.015     ; 2.766      ;
; -1.761 ; n_bit_DFF:reg_R_inst|reg[4] ; n_bit_DFF:reg_R_inst|reg[13] ; Clock        ; Clock       ; 1.000        ; -0.007     ; 2.773      ;
; -1.760 ; n_bit_DFF:reg_D_inst|reg[6] ; current_state.S2b            ; Clock        ; Clock       ; 1.000        ; -0.095     ; 2.684      ;
; -1.756 ; n_bit_DFF:reg_D_inst|reg[0] ; n_bit_DFF:reg_R_inst|reg[1]  ; Clock        ; Clock       ; 1.000        ; -0.102     ; 2.673      ;
; -1.756 ; n_bit_DFF:reg_D_inst|reg[1] ; n_bit_DFF:reg_R_inst|reg[6]  ; Clock        ; Clock       ; 1.000        ; -0.102     ; 2.673      ;
; -1.755 ; n_bit_DFF:reg_R_inst|reg[4] ; n_bit_DFF:reg_R_inst|reg[15] ; Clock        ; Clock       ; 1.000        ; -0.007     ; 2.767      ;
; -1.754 ; n_bit_DFF:reg_D_inst|reg[0] ; n_bit_DFF:reg_R_inst|reg[7]  ; Clock        ; Clock       ; 1.000        ; -0.102     ; 2.671      ;
; -1.754 ; n_bit_DFF:reg_D_inst|reg[6] ; current_state.S2a            ; Clock        ; Clock       ; 1.000        ; -0.095     ; 2.678      ;
; -1.754 ; n_bit_DFF:reg_D_inst|reg[1] ; n_bit_DFF:reg_R_inst|reg[13] ; Clock        ; Clock       ; 1.000        ; -0.045     ; 2.728      ;
; -1.753 ; n_bit_DFF:reg_R_inst|reg[3] ; n_bit_DFF:reg_R_inst|reg[8]  ; Clock        ; Clock       ; 1.000        ; -0.015     ; 2.757      ;
; -1.747 ; n_bit_DFF:reg_R_inst|reg[0] ; n_bit_DFF:reg_R_inst|reg[6]  ; Clock        ; Clock       ; 1.000        ; -0.043     ; 2.723      ;
; -1.747 ; n_bit_DFF:reg_D_inst|reg[7] ; current_state.S2b            ; Clock        ; Clock       ; 1.000        ; -0.095     ; 2.671      ;
; -1.743 ; n_bit_DFF:reg_D_inst|reg[1] ; n_bit_DFF:reg_R_inst|reg[10] ; Clock        ; Clock       ; 1.000        ; -0.045     ; 2.717      ;
; -1.742 ; n_bit_DFF:reg_D_inst|reg[5] ; n_bit_DFF:reg_R_inst|reg[14] ; Clock        ; Clock       ; 1.000        ; -0.053     ; 2.708      ;
; -1.740 ; n_bit_DFF:reg_D_inst|reg[1] ; n_bit_DFF:reg_R_inst|reg[11] ; Clock        ; Clock       ; 1.000        ; -0.045     ; 2.714      ;
; -1.739 ; n_bit_DFF:reg_D_inst|reg[3] ; n_bit_DFF:reg_R_inst|reg[12] ; Clock        ; Clock       ; 1.000        ; -0.053     ; 2.705      ;
; -1.738 ; n_bit_DFF:reg_D_inst|reg[7] ; current_state.S2a            ; Clock        ; Clock       ; 1.000        ; -0.095     ; 2.662      ;
; -1.738 ; n_bit_DFF:reg_D_inst|reg[4] ; n_bit_DFF:reg_R_inst|reg[13] ; Clock        ; Clock       ; 1.000        ; -0.045     ; 2.712      ;
; -1.737 ; n_bit_DFF:reg_D_inst|reg[6] ; n_bit_DFF:reg_R_inst|reg[15] ; Clock        ; Clock       ; 1.000        ; -0.045     ; 2.711      ;
; -1.733 ; n_bit_DFF:reg_D_inst|reg[0] ; n_bit_DFF:reg_R_inst|reg[9]  ; Clock        ; Clock       ; 1.000        ; -0.045     ; 2.707      ;
+--------+-----------------------------+------------------------------+--------------+-------------+--------------+------------+------------+


+-------------------------------------------------------------------------------------------------------------------------------------------+
; Slow 1200mV 0C Model Hold: 'Clock'                                                                                                        ;
+-------+------------------------------+------------------------------+--------------+-------------+--------------+------------+------------+
; Slack ; From Node                    ; To Node                      ; Launch Clock ; Latch Clock ; Relationship ; Clock Skew ; Data Delay ;
+-------+------------------------------+------------------------------+--------------+-------------+--------------+------------+------------+
; 0.387 ; n_bit_DFF:reg_D_inst|reg[15] ; n_bit_DFF:reg_D_inst|reg[15] ; Clock        ; Clock       ; 0.000        ; 0.039      ; 0.597      ;
; 0.387 ; count[0]                     ; count[0]                     ; Clock        ; Clock       ; 0.000        ; 0.039      ; 0.597      ;
; 0.387 ; count[1]                     ; count[1]                     ; Clock        ; Clock       ; 0.000        ; 0.039      ; 0.597      ;
; 0.387 ; count[3]                     ; count[3]                     ; Clock        ; Clock       ; 0.000        ; 0.039      ; 0.597      ;
; 0.387 ; count[2]                     ; count[2]                     ; Clock        ; Clock       ; 0.000        ; 0.039      ; 0.597      ;
; 0.387 ; current_state.S4             ; current_state.S4             ; Clock        ; Clock       ; 0.000        ; 0.039      ; 0.597      ;
; 0.428 ; count[0]                     ; count[1]                     ; Clock        ; Clock       ; 0.000        ; 0.044      ; 0.643      ;
; 0.459 ; current_state.S2a            ; current_state.S3             ; Clock        ; Clock       ; 0.000        ; 0.043      ; 0.673      ;
; 0.560 ; n_bit_DFF:reg_D_inst|reg[2]  ; n_bit_DFF:reg_D_inst|reg[1]  ; Clock        ; Clock       ; 0.000        ; 0.044      ; 0.775      ;
; 0.561 ; n_bit_DFF:reg_D_inst|reg[9]  ; n_bit_DFF:reg_D_inst|reg[8]  ; Clock        ; Clock       ; 0.000        ; 0.043      ; 0.775      ;
; 0.599 ; n_bit_DFF:reg_Q_inst|reg[0]  ; n_bit_DFF:reg_Q_inst|reg[1]  ; Clock        ; Clock       ; 0.000        ; 0.043      ; 0.813      ;
; 0.604 ; n_bit_DFF:reg_Q_inst|reg[2]  ; n_bit_DFF:reg_Q_inst|reg[3]  ; Clock        ; Clock       ; 0.000        ; 0.043      ; 0.818      ;
; 0.605 ; n_bit_DFF:reg_Q_inst|reg[5]  ; n_bit_DFF:reg_Q_inst|reg[6]  ; Clock        ; Clock       ; 0.000        ; 0.043      ; 0.819      ;
; 0.605 ; n_bit_DFF:reg_Q_inst|reg[3]  ; n_bit_DFF:reg_Q_inst|reg[4]  ; Clock        ; Clock       ; 0.000        ; 0.043      ; 0.819      ;
; 0.606 ; n_bit_DFF:reg_Q_inst|reg[6]  ; n_bit_DFF:reg_Q_inst|reg[7]  ; Clock        ; Clock       ; 0.000        ; 0.043      ; 0.820      ;
; 0.636 ; n_bit_DFF:reg_D_inst|reg[1]  ; n_bit_DFF:reg_D_inst|reg[0]  ; Clock        ; Clock       ; 0.000        ; 0.044      ; 0.851      ;
; 0.636 ; n_bit_DFF:reg_D_inst|reg[3]  ; n_bit_DFF:reg_D_inst|reg[2]  ; Clock        ; Clock       ; 0.000        ; 0.044      ; 0.851      ;
; 0.637 ; n_bit_DFF:reg_D_inst|reg[5]  ; n_bit_DFF:reg_D_inst|reg[4]  ; Clock        ; Clock       ; 0.000        ; 0.044      ; 0.852      ;
; 0.638 ; n_bit_DFF:reg_D_inst|reg[4]  ; n_bit_DFF:reg_D_inst|reg[3]  ; Clock        ; Clock       ; 0.000        ; 0.044      ; 0.853      ;
; 0.644 ; current_state.S3             ; current_state.S4             ; Clock        ; Clock       ; 0.000        ; 0.043      ; 0.858      ;
; 0.649 ; n_bit_DFF:reg_D_inst|reg[6]  ; n_bit_DFF:reg_D_inst|reg[5]  ; Clock        ; Clock       ; 0.000        ; 0.044      ; 0.864      ;
; 0.679 ; current_state.S2b            ; current_state.S3             ; Clock        ; Clock       ; 0.000        ; 0.043      ; 0.893      ;
; 0.679 ; n_bit_DFF:reg_Q_inst|reg[1]  ; n_bit_DFF:reg_Q_inst|reg[2]  ; Clock        ; Clock       ; 0.000        ; 0.043      ; 0.893      ;
; 0.730 ; current_state.S1             ; current_state.S2b            ; Clock        ; Clock       ; 0.000        ; 0.272      ; 1.173      ;
; 0.735 ; current_state.S1             ; current_state.S2a            ; Clock        ; Clock       ; 0.000        ; 0.272      ; 1.178      ;
; 0.784 ; count[0]                     ; current_state.S1             ; Clock        ; Clock       ; 0.000        ; 0.044      ; 0.999      ;
; 0.788 ; n_bit_DFF:reg_D_inst|reg[7]  ; n_bit_DFF:reg_D_inst|reg[6]  ; Clock        ; Clock       ; 0.000        ; 0.044      ; 1.003      ;
; 0.835 ; count[0]                     ; current_state.S4             ; Clock        ; Clock       ; 0.000        ; 0.272      ; 1.278      ;
; 0.851 ; current_state.S3             ; n_bit_DFF:reg_D_inst|reg[8]  ; Clock        ; Clock       ; 0.000        ; 0.077      ; 1.099      ;
; 0.858 ; current_state.S2b            ; n_bit_DFF:reg_R_inst|reg[9]  ; Clock        ; Clock       ; 0.000        ; 0.144      ; 1.173      ;
; 0.874 ; count[3]                     ; current_state.S1             ; Clock        ; Clock       ; 0.000        ; 0.044      ; 1.089      ;
; 0.875 ; count[3]                     ; count[0]                     ; Clock        ; Clock       ; 0.000        ; 0.044      ; 1.090      ;
; 0.912 ; current_state.S1             ; n_bit_DFF:reg_R_inst|reg[5]  ; Clock        ; Clock       ; 0.000        ; 0.243      ; 1.326      ;
; 0.912 ; current_state.S1             ; n_bit_DFF:reg_R_inst|reg[3]  ; Clock        ; Clock       ; 0.000        ; 0.243      ; 1.326      ;
; 0.913 ; current_state.S1             ; n_bit_DFF:reg_R_inst|reg[0]  ; Clock        ; Clock       ; 0.000        ; 0.243      ; 1.327      ;
; 0.913 ; current_state.S1             ; n_bit_DFF:reg_R_inst|reg[7]  ; Clock        ; Clock       ; 0.000        ; 0.243      ; 1.327      ;
; 0.915 ; n_bit_DFF:reg_D_inst|reg[8]  ; n_bit_DFF:reg_R_inst|reg[8]  ; Clock        ; Clock       ; 0.000        ; 0.083      ; 1.169      ;
; 0.921 ; n_bit_DFF:reg_D_inst|reg[14] ; n_bit_DFF:reg_R_inst|reg[14] ; Clock        ; Clock       ; 0.000        ; 0.083      ; 1.175      ;
; 0.940 ; current_state.S2b            ; n_bit_DFF:reg_R_inst|reg[13] ; Clock        ; Clock       ; 0.000        ; 0.144      ; 1.255      ;
; 0.941 ; current_state.S2b            ; n_bit_DFF:reg_R_inst|reg[11] ; Clock        ; Clock       ; 0.000        ; 0.144      ; 1.256      ;
; 0.942 ; current_state.S2b            ; n_bit_DFF:reg_R_inst|reg[14] ; Clock        ; Clock       ; 0.000        ; 0.107      ; 1.220      ;
; 0.942 ; current_state.S2b            ; n_bit_DFF:reg_R_inst|reg[16] ; Clock        ; Clock       ; 0.000        ; 0.144      ; 1.257      ;
; 0.943 ; current_state.S2b            ; n_bit_DFF:reg_R_inst|reg[8]  ; Clock        ; Clock       ; 0.000        ; 0.107      ; 1.221      ;
; 0.943 ; current_state.S2b            ; n_bit_DFF:reg_R_inst|reg[15] ; Clock        ; Clock       ; 0.000        ; 0.144      ; 1.258      ;
; 0.944 ; current_state.S2b            ; n_bit_DFF:reg_R_inst|reg[10] ; Clock        ; Clock       ; 0.000        ; 0.144      ; 1.259      ;
; 0.944 ; current_state.S2b            ; n_bit_DFF:reg_R_inst|reg[12] ; Clock        ; Clock       ; 0.000        ; 0.107      ; 1.222      ;
; 0.948 ; count[0]                     ; count[3]                     ; Clock        ; Clock       ; 0.000        ; 0.044      ; 1.163      ;
; 0.950 ; n_bit_DFF:reg_R_inst|reg[16] ; n_bit_DFF:reg_R_inst|reg[16] ; Clock        ; Clock       ; 0.000        ; 0.044      ; 1.165      ;
; 0.958 ; n_bit_DFF:reg_R_inst|reg[8]  ; n_bit_DFF:reg_R_inst|reg[8]  ; Clock        ; Clock       ; 0.000        ; 0.043      ; 1.172      ;
; 0.970 ; count[1]                     ; count[2]                     ; Clock        ; Clock       ; 0.000        ; 0.044      ; 1.185      ;
; 0.974 ; n_bit_DFF:reg_R_inst|reg[6]  ; n_bit_DFF:reg_R_inst|reg[6]  ; Clock        ; Clock       ; 0.000        ; 0.039      ; 1.184      ;
; 0.977 ; n_bit_DFF:reg_R_inst|reg[1]  ; n_bit_DFF:reg_R_inst|reg[1]  ; Clock        ; Clock       ; 0.000        ; 0.039      ; 1.187      ;
; 0.979 ; count[0]                     ; count[2]                     ; Clock        ; Clock       ; 0.000        ; 0.044      ; 1.194      ;
; 0.983 ; current_state.Start          ; n_bit_DFF:reg_Q_inst|reg[5]  ; Clock        ; Clock       ; 0.000        ; 0.006      ; 1.160      ;
; 0.988 ; current_state.Start          ; n_bit_DFF:reg_Q_inst|reg[7]  ; Clock        ; Clock       ; 0.000        ; 0.006      ; 1.165      ;
; 0.989 ; current_state.Start          ; n_bit_DFF:reg_Q_inst|reg[6]  ; Clock        ; Clock       ; 0.000        ; 0.006      ; 1.166      ;
; 0.992 ; current_state.S3             ; count[3]                     ; Clock        ; Clock       ; 0.000        ; -0.102     ; 1.061      ;
; 0.993 ; n_bit_DFF:reg_D_inst|reg[9]  ; n_bit_DFF:reg_R_inst|reg[9]  ; Clock        ; Clock       ; 0.000        ; 0.153      ; 1.317      ;
; 0.993 ; n_bit_DFF:reg_D_inst|reg[8]  ; n_bit_DFF:reg_D_inst|reg[7]  ; Clock        ; Clock       ; 0.000        ; 0.083      ; 1.247      ;
; 1.000 ; current_state.Start          ; n_bit_DFF:reg_Q_inst|reg[1]  ; Clock        ; Clock       ; 0.000        ; 0.002      ; 1.173      ;
; 1.002 ; current_state.Start          ; n_bit_DFF:reg_Q_inst|reg[2]  ; Clock        ; Clock       ; 0.000        ; 0.002      ; 1.175      ;
; 1.003 ; n_bit_DFF:reg_D_inst|reg[11] ; n_bit_DFF:reg_R_inst|reg[11] ; Clock        ; Clock       ; 0.000        ; 0.153      ; 1.327      ;
; 1.007 ; current_state.Start          ; n_bit_DFF:reg_Q_inst|reg[3]  ; Clock        ; Clock       ; 0.000        ; 0.002      ; 1.180      ;
; 1.007 ; current_state.Start          ; n_bit_DFF:reg_Q_inst|reg[4]  ; Clock        ; Clock       ; 0.000        ; 0.002      ; 1.180      ;
; 1.011 ; count[3]                     ; current_state.S4             ; Clock        ; Clock       ; 0.000        ; 0.272      ; 1.454      ;
; 1.034 ; n_bit_DFF:reg_Q_inst|reg[4]  ; n_bit_DFF:reg_Q_inst|reg[5]  ; Clock        ; Clock       ; 0.000        ; 0.067      ; 1.272      ;
; 1.039 ; n_bit_DFF:reg_D_inst|reg[12] ; n_bit_DFF:reg_R_inst|reg[12] ; Clock        ; Clock       ; 0.000        ; 0.083      ; 1.293      ;
; 1.041 ; count[1]                     ; current_state.S1             ; Clock        ; Clock       ; 0.000        ; 0.044      ; 1.256      ;
; 1.042 ; count[1]                     ; count[0]                     ; Clock        ; Clock       ; 0.000        ; 0.044      ; 1.257      ;
; 1.047 ; count[2]                     ; current_state.S1             ; Clock        ; Clock       ; 0.000        ; 0.044      ; 1.262      ;
; 1.048 ; n_bit_DFF:reg_D_inst|reg[15] ; n_bit_DFF:reg_D_inst|reg[14] ; Clock        ; Clock       ; 0.000        ; 0.263      ; 1.482      ;
; 1.048 ; count[2]                     ; count[0]                     ; Clock        ; Clock       ; 0.000        ; 0.044      ; 1.263      ;
; 1.065 ; n_bit_DFF:reg_R_inst|reg[15] ; n_bit_DFF:reg_R_inst|reg[15] ; Clock        ; Clock       ; 0.000        ; 0.044      ; 1.280      ;
; 1.069 ; current_state.S3             ; n_bit_DFF:reg_D_inst|reg[5]  ; Clock        ; Clock       ; 0.000        ; 0.095      ; 1.335      ;
; 1.069 ; current_state.S3             ; n_bit_DFF:reg_D_inst|reg[4]  ; Clock        ; Clock       ; 0.000        ; 0.095      ; 1.335      ;
; 1.070 ; current_state.S3             ; n_bit_DFF:reg_D_inst|reg[2]  ; Clock        ; Clock       ; 0.000        ; 0.095      ; 1.336      ;
; 1.070 ; current_state.S3             ; n_bit_DFF:reg_D_inst|reg[1]  ; Clock        ; Clock       ; 0.000        ; 0.095      ; 1.336      ;
; 1.070 ; current_state.S3             ; n_bit_DFF:reg_D_inst|reg[0]  ; Clock        ; Clock       ; 0.000        ; 0.095      ; 1.336      ;
; 1.071 ; current_state.S3             ; n_bit_DFF:reg_D_inst|reg[6]  ; Clock        ; Clock       ; 0.000        ; 0.095      ; 1.337      ;
; 1.071 ; current_state.S3             ; n_bit_DFF:reg_D_inst|reg[3]  ; Clock        ; Clock       ; 0.000        ; 0.095      ; 1.337      ;
; 1.083 ; n_bit_DFF:reg_R_inst|reg[10] ; n_bit_DFF:reg_R_inst|reg[10] ; Clock        ; Clock       ; 0.000        ; 0.044      ; 1.298      ;
; 1.085 ; n_bit_DFF:reg_R_inst|reg[16] ; current_state.S2b            ; Clock        ; Clock       ; 0.000        ; 0.036      ; 1.292      ;
; 1.087 ; n_bit_DFF:reg_R_inst|reg[12] ; n_bit_DFF:reg_R_inst|reg[12] ; Clock        ; Clock       ; 0.000        ; 0.043      ; 1.301      ;
; 1.092 ; count[1]                     ; current_state.S4             ; Clock        ; Clock       ; 0.000        ; 0.272      ; 1.535      ;
; 1.098 ; count[2]                     ; current_state.S4             ; Clock        ; Clock       ; 0.000        ; 0.272      ; 1.541      ;
; 1.099 ; n_bit_DFF:reg_R_inst|reg[11] ; n_bit_DFF:reg_R_inst|reg[11] ; Clock        ; Clock       ; 0.000        ; 0.044      ; 1.314      ;
; 1.105 ; n_bit_DFF:reg_R_inst|reg[16] ; current_state.S2a            ; Clock        ; Clock       ; 0.000        ; 0.036      ; 1.312      ;
; 1.108 ; n_bit_DFF:reg_D_inst|reg[10] ; n_bit_DFF:reg_R_inst|reg[10] ; Clock        ; Clock       ; 0.000        ; 0.153      ; 1.432      ;
; 1.110 ; n_bit_DFF:reg_R_inst|reg[2]  ; n_bit_DFF:reg_R_inst|reg[2]  ; Clock        ; Clock       ; 0.000        ; 0.039      ; 1.320      ;
; 1.118 ; current_state.Start          ; current_state.S1             ; Clock        ; Clock       ; 0.000        ; -0.102     ; 1.187      ;
; 1.124 ; current_state.S1             ; n_bit_DFF:reg_R_inst|reg[6]  ; Clock        ; Clock       ; 0.000        ; 0.243      ; 1.538      ;
; 1.125 ; current_state.S1             ; n_bit_DFF:reg_R_inst|reg[2]  ; Clock        ; Clock       ; 0.000        ; 0.243      ; 1.539      ;
; 1.125 ; current_state.S1             ; n_bit_DFF:reg_R_inst|reg[1]  ; Clock        ; Clock       ; 0.000        ; 0.243      ; 1.539      ;
; 1.126 ; current_state.S1             ; n_bit_DFF:reg_R_inst|reg[4]  ; Clock        ; Clock       ; 0.000        ; 0.243      ; 1.540      ;
; 1.130 ; n_bit_DFF:reg_D_inst|reg[1]  ; n_bit_DFF:reg_R_inst|reg[1]  ; Clock        ; Clock       ; 0.000        ; 0.027      ; 1.328      ;
; 1.131 ; count[1]                     ; count[3]                     ; Clock        ; Clock       ; 0.000        ; 0.044      ; 1.346      ;
; 1.132 ; count[2]                     ; count[3]                     ; Clock        ; Clock       ; 0.000        ; 0.044      ; 1.347      ;
; 1.134 ; n_bit_DFF:reg_D_inst|reg[15] ; n_bit_DFF:reg_R_inst|reg[15] ; Clock        ; Clock       ; 0.000        ; 0.312      ; 1.617      ;
; 1.139 ; n_bit_DFF:reg_R_inst|reg[3]  ; n_bit_DFF:reg_R_inst|reg[3]  ; Clock        ; Clock       ; 0.000        ; 0.039      ; 1.349      ;
; 1.142 ; n_bit_DFF:reg_R_inst|reg[5]  ; n_bit_DFF:reg_R_inst|reg[5]  ; Clock        ; Clock       ; 0.000        ; 0.039      ; 1.352      ;
+-------+------------------------------+------------------------------+--------------+-------------+--------------+------------+------------+


----------------------------------------------
; Slow 1200mV 0C Model Metastability Summary ;
----------------------------------------------
No synchronizer chains to report.


+------------------------------------+
; Fast 1200mV 0C Model Setup Summary ;
+-------+--------+-------------------+
; Clock ; Slack  ; End Point TNS     ;
+-------+--------+-------------------+
; Clock ; -0.766 ; -18.697           ;
+-------+--------+-------------------+


+-----------------------------------+
; Fast 1200mV 0C Model Hold Summary ;
+-------+-------+-------------------+
; Clock ; Slack ; End Point TNS     ;
+-------+-------+-------------------+
; Clock ; 0.201 ; 0.000             ;
+-------+-------+-------------------+


-----------------------------------------
; Fast 1200mV 0C Model Recovery Summary ;
-----------------------------------------
No paths to report.


----------------------------------------
; Fast 1200mV 0C Model Removal Summary ;
----------------------------------------
No paths to report.


+--------------------------------------------------+
; Fast 1200mV 0C Model Minimum Pulse Width Summary ;
+-------+--------+---------------------------------+
; Clock ; Slack  ; End Point TNS                   ;
+-------+--------+---------------------------------+
; Clock ; -3.000 ; -61.309                         ;
+-------+--------+---------------------------------+


+-------------------------------------------------------------------------------------------------------------------------------------------+
; Fast 1200mV 0C Model Setup: 'Clock'                                                                                                       ;
+--------+-----------------------------+------------------------------+--------------+-------------+--------------+------------+------------+
; Slack  ; From Node                   ; To Node                      ; Launch Clock ; Latch Clock ; Relationship ; Clock Skew ; Data Delay ;
+--------+-----------------------------+------------------------------+--------------+-------------+--------------+------------+------------+
; -0.766 ; n_bit_DFF:reg_D_inst|reg[0] ; n_bit_DFF:reg_R_inst|reg[16] ; Clock        ; Clock       ; 1.000        ; -0.032     ; 1.741      ;
; -0.763 ; n_bit_DFF:reg_R_inst|reg[1] ; n_bit_DFF:reg_R_inst|reg[14] ; Clock        ; Clock       ; 1.000        ; -0.008     ; 1.762      ;
; -0.723 ; n_bit_DFF:reg_D_inst|reg[0] ; current_state.S2b            ; Clock        ; Clock       ; 1.000        ; -0.047     ; 1.683      ;
; -0.718 ; n_bit_DFF:reg_D_inst|reg[0] ; current_state.S2a            ; Clock        ; Clock       ; 1.000        ; -0.047     ; 1.678      ;
; -0.701 ; n_bit_DFF:reg_D_inst|reg[2] ; n_bit_DFF:reg_R_inst|reg[16] ; Clock        ; Clock       ; 1.000        ; -0.032     ; 1.676      ;
; -0.697 ; n_bit_DFF:reg_R_inst|reg[1] ; n_bit_DFF:reg_R_inst|reg[12] ; Clock        ; Clock       ; 1.000        ; -0.008     ; 1.696      ;
; -0.697 ; n_bit_DFF:reg_R_inst|reg[3] ; n_bit_DFF:reg_R_inst|reg[14] ; Clock        ; Clock       ; 1.000        ; -0.008     ; 1.696      ;
; -0.684 ; n_bit_DFF:reg_R_inst|reg[1] ; n_bit_DFF:reg_R_inst|reg[13] ; Clock        ; Clock       ; 1.000        ; -0.014     ; 1.677      ;
; -0.677 ; n_bit_DFF:reg_D_inst|reg[0] ; n_bit_DFF:reg_R_inst|reg[15] ; Clock        ; Clock       ; 1.000        ; -0.032     ; 1.652      ;
; -0.674 ; n_bit_DFF:reg_R_inst|reg[1] ; n_bit_DFF:reg_R_inst|reg[15] ; Clock        ; Clock       ; 1.000        ; -0.014     ; 1.667      ;
; -0.665 ; n_bit_DFF:reg_R_inst|reg[1] ; n_bit_DFF:reg_R_inst|reg[16] ; Clock        ; Clock       ; 1.000        ; -0.014     ; 1.658      ;
; -0.664 ; n_bit_DFF:reg_D_inst|reg[1] ; n_bit_DFF:reg_R_inst|reg[16] ; Clock        ; Clock       ; 1.000        ; -0.032     ; 1.639      ;
; -0.658 ; n_bit_DFF:reg_D_inst|reg[2] ; current_state.S2b            ; Clock        ; Clock       ; 1.000        ; -0.047     ; 1.618      ;
; -0.653 ; n_bit_DFF:reg_D_inst|reg[2] ; current_state.S2a            ; Clock        ; Clock       ; 1.000        ; -0.047     ; 1.613      ;
; -0.636 ; n_bit_DFF:reg_D_inst|reg[0] ; n_bit_DFF:reg_R_inst|reg[14] ; Clock        ; Clock       ; 1.000        ; -0.026     ; 1.617      ;
; -0.636 ; n_bit_DFF:reg_D_inst|reg[4] ; n_bit_DFF:reg_R_inst|reg[16] ; Clock        ; Clock       ; 1.000        ; -0.032     ; 1.611      ;
; -0.631 ; n_bit_DFF:reg_R_inst|reg[3] ; n_bit_DFF:reg_R_inst|reg[12] ; Clock        ; Clock       ; 1.000        ; -0.008     ; 1.630      ;
; -0.627 ; n_bit_DFF:reg_R_inst|reg[0] ; n_bit_DFF:reg_R_inst|reg[14] ; Clock        ; Clock       ; 1.000        ; -0.008     ; 1.626      ;
; -0.622 ; n_bit_DFF:reg_R_inst|reg[1] ; current_state.S2b            ; Clock        ; Clock       ; 1.000        ; -0.029     ; 1.600      ;
; -0.622 ; n_bit_DFF:reg_D_inst|reg[0] ; n_bit_DFF:reg_R_inst|reg[13] ; Clock        ; Clock       ; 1.000        ; -0.032     ; 1.597      ;
; -0.621 ; n_bit_DFF:reg_D_inst|reg[1] ; current_state.S2b            ; Clock        ; Clock       ; 1.000        ; -0.047     ; 1.581      ;
; -0.618 ; n_bit_DFF:reg_R_inst|reg[3] ; n_bit_DFF:reg_R_inst|reg[13] ; Clock        ; Clock       ; 1.000        ; -0.014     ; 1.611      ;
; -0.617 ; n_bit_DFF:reg_R_inst|reg[1] ; current_state.S2a            ; Clock        ; Clock       ; 1.000        ; -0.029     ; 1.595      ;
; -0.616 ; n_bit_DFF:reg_D_inst|reg[0] ; n_bit_DFF:reg_R_inst|reg[11] ; Clock        ; Clock       ; 1.000        ; -0.032     ; 1.591      ;
; -0.616 ; n_bit_DFF:reg_D_inst|reg[1] ; current_state.S2a            ; Clock        ; Clock       ; 1.000        ; -0.047     ; 1.576      ;
; -0.612 ; n_bit_DFF:reg_R_inst|reg[2] ; n_bit_DFF:reg_R_inst|reg[16] ; Clock        ; Clock       ; 1.000        ; -0.014     ; 1.605      ;
; -0.612 ; n_bit_DFF:reg_D_inst|reg[2] ; n_bit_DFF:reg_R_inst|reg[15] ; Clock        ; Clock       ; 1.000        ; -0.032     ; 1.587      ;
; -0.612 ; n_bit_DFF:reg_D_inst|reg[1] ; n_bit_DFF:reg_R_inst|reg[14] ; Clock        ; Clock       ; 1.000        ; -0.026     ; 1.593      ;
; -0.608 ; n_bit_DFF:reg_R_inst|reg[3] ; n_bit_DFF:reg_R_inst|reg[15] ; Clock        ; Clock       ; 1.000        ; -0.014     ; 1.601      ;
; -0.605 ; n_bit_DFF:reg_R_inst|reg[0] ; n_bit_DFF:reg_R_inst|reg[16] ; Clock        ; Clock       ; 1.000        ; -0.014     ; 1.598      ;
; -0.598 ; n_bit_DFF:reg_R_inst|reg[3] ; n_bit_DFF:reg_R_inst|reg[16] ; Clock        ; Clock       ; 1.000        ; -0.014     ; 1.591      ;
; -0.596 ; n_bit_DFF:reg_D_inst|reg[3] ; n_bit_DFF:reg_R_inst|reg[16] ; Clock        ; Clock       ; 1.000        ; -0.032     ; 1.571      ;
; -0.593 ; n_bit_DFF:reg_D_inst|reg[4] ; current_state.S2b            ; Clock        ; Clock       ; 1.000        ; -0.047     ; 1.553      ;
; -0.588 ; n_bit_DFF:reg_D_inst|reg[4] ; current_state.S2a            ; Clock        ; Clock       ; 1.000        ; -0.047     ; 1.548      ;
; -0.583 ; n_bit_DFF:reg_R_inst|reg[1] ; n_bit_DFF:reg_R_inst|reg[6]  ; Clock        ; Clock       ; 1.000        ; -0.023     ; 1.567      ;
; -0.577 ; n_bit_DFF:reg_D_inst|reg[6] ; n_bit_DFF:reg_R_inst|reg[16] ; Clock        ; Clock       ; 1.000        ; -0.032     ; 1.552      ;
; -0.572 ; n_bit_DFF:reg_R_inst|reg[0] ; n_bit_DFF:reg_R_inst|reg[13] ; Clock        ; Clock       ; 1.000        ; -0.014     ; 1.565      ;
; -0.570 ; n_bit_DFF:reg_D_inst|reg[0] ; n_bit_DFF:reg_R_inst|reg[12] ; Clock        ; Clock       ; 1.000        ; -0.026     ; 1.551      ;
; -0.569 ; n_bit_DFF:reg_R_inst|reg[2] ; current_state.S2b            ; Clock        ; Clock       ; 1.000        ; -0.029     ; 1.547      ;
; -0.564 ; n_bit_DFF:reg_R_inst|reg[2] ; current_state.S2a            ; Clock        ; Clock       ; 1.000        ; -0.029     ; 1.542      ;
; -0.564 ; n_bit_DFF:reg_R_inst|reg[1] ; n_bit_DFF:reg_R_inst|reg[8]  ; Clock        ; Clock       ; 1.000        ; -0.008     ; 1.563      ;
; -0.563 ; n_bit_DFF:reg_R_inst|reg[2] ; n_bit_DFF:reg_R_inst|reg[14] ; Clock        ; Clock       ; 1.000        ; -0.008     ; 1.562      ;
; -0.562 ; n_bit_DFF:reg_R_inst|reg[4] ; n_bit_DFF:reg_R_inst|reg[16] ; Clock        ; Clock       ; 1.000        ; -0.014     ; 1.555      ;
; -0.562 ; n_bit_DFF:reg_R_inst|reg[0] ; n_bit_DFF:reg_R_inst|reg[15] ; Clock        ; Clock       ; 1.000        ; -0.014     ; 1.555      ;
; -0.562 ; n_bit_DFF:reg_R_inst|reg[0] ; current_state.S2b            ; Clock        ; Clock       ; 1.000        ; -0.029     ; 1.540      ;
; -0.561 ; n_bit_DFF:reg_R_inst|reg[0] ; n_bit_DFF:reg_R_inst|reg[12] ; Clock        ; Clock       ; 1.000        ; -0.008     ; 1.560      ;
; -0.557 ; n_bit_DFF:reg_R_inst|reg[0] ; current_state.S2a            ; Clock        ; Clock       ; 1.000        ; -0.029     ; 1.535      ;
; -0.557 ; n_bit_DFF:reg_D_inst|reg[2] ; n_bit_DFF:reg_R_inst|reg[13] ; Clock        ; Clock       ; 1.000        ; -0.032     ; 1.532      ;
; -0.554 ; n_bit_DFF:reg_R_inst|reg[1] ; n_bit_DFF:reg_R_inst|reg[9]  ; Clock        ; Clock       ; 1.000        ; -0.014     ; 1.547      ;
; -0.553 ; n_bit_DFF:reg_D_inst|reg[3] ; current_state.S2b            ; Clock        ; Clock       ; 1.000        ; -0.047     ; 1.513      ;
; -0.551 ; n_bit_DFF:reg_D_inst|reg[0] ; n_bit_DFF:reg_R_inst|reg[10] ; Clock        ; Clock       ; 1.000        ; -0.032     ; 1.526      ;
; -0.551 ; n_bit_DFF:reg_D_inst|reg[2] ; n_bit_DFF:reg_R_inst|reg[11] ; Clock        ; Clock       ; 1.000        ; -0.032     ; 1.526      ;
; -0.549 ; n_bit_DFF:reg_D_inst|reg[1] ; n_bit_DFF:reg_R_inst|reg[15] ; Clock        ; Clock       ; 1.000        ; -0.032     ; 1.524      ;
; -0.548 ; n_bit_DFF:reg_D_inst|reg[3] ; current_state.S2a            ; Clock        ; Clock       ; 1.000        ; -0.047     ; 1.508      ;
; -0.547 ; n_bit_DFF:reg_D_inst|reg[4] ; n_bit_DFF:reg_R_inst|reg[15] ; Clock        ; Clock       ; 1.000        ; -0.032     ; 1.522      ;
; -0.546 ; n_bit_DFF:reg_D_inst|reg[1] ; n_bit_DFF:reg_R_inst|reg[12] ; Clock        ; Clock       ; 1.000        ; -0.026     ; 1.527      ;
; -0.544 ; n_bit_DFF:reg_D_inst|reg[3] ; n_bit_DFF:reg_R_inst|reg[14] ; Clock        ; Clock       ; 1.000        ; -0.026     ; 1.525      ;
; -0.542 ; n_bit_DFF:reg_R_inst|reg[1] ; n_bit_DFF:reg_R_inst|reg[10] ; Clock        ; Clock       ; 1.000        ; -0.014     ; 1.535      ;
; -0.538 ; n_bit_DFF:reg_R_inst|reg[3] ; current_state.S2b            ; Clock        ; Clock       ; 1.000        ; -0.029     ; 1.516      ;
; -0.534 ; n_bit_DFF:reg_D_inst|reg[6] ; current_state.S2b            ; Clock        ; Clock       ; 1.000        ; -0.047     ; 1.494      ;
; -0.533 ; n_bit_DFF:reg_R_inst|reg[3] ; current_state.S2a            ; Clock        ; Clock       ; 1.000        ; -0.029     ; 1.511      ;
; -0.533 ; n_bit_DFF:reg_D_inst|reg[1] ; n_bit_DFF:reg_R_inst|reg[13] ; Clock        ; Clock       ; 1.000        ; -0.032     ; 1.508      ;
; -0.531 ; n_bit_DFF:reg_R_inst|reg[5] ; n_bit_DFF:reg_R_inst|reg[14] ; Clock        ; Clock       ; 1.000        ; -0.008     ; 1.530      ;
; -0.530 ; n_bit_DFF:reg_R_inst|reg[1] ; n_bit_DFF:reg_R_inst|reg[5]  ; Clock        ; Clock       ; 1.000        ; -0.023     ; 1.514      ;
; -0.530 ; n_bit_DFF:reg_D_inst|reg[5] ; n_bit_DFF:reg_R_inst|reg[16] ; Clock        ; Clock       ; 1.000        ; -0.032     ; 1.505      ;
; -0.529 ; n_bit_DFF:reg_D_inst|reg[6] ; current_state.S2a            ; Clock        ; Clock       ; 1.000        ; -0.047     ; 1.489      ;
; -0.527 ; n_bit_DFF:reg_R_inst|reg[1] ; n_bit_DFF:reg_R_inst|reg[4]  ; Clock        ; Clock       ; 1.000        ; -0.023     ; 1.511      ;
; -0.519 ; n_bit_DFF:reg_R_inst|reg[4] ; current_state.S2b            ; Clock        ; Clock       ; 1.000        ; -0.029     ; 1.497      ;
; -0.517 ; n_bit_DFF:reg_R_inst|reg[3] ; n_bit_DFF:reg_R_inst|reg[6]  ; Clock        ; Clock       ; 1.000        ; -0.023     ; 1.501      ;
; -0.517 ; n_bit_DFF:reg_R_inst|reg[5] ; n_bit_DFF:reg_R_inst|reg[16] ; Clock        ; Clock       ; 1.000        ; -0.014     ; 1.510      ;
; -0.514 ; n_bit_DFF:reg_R_inst|reg[4] ; current_state.S2a            ; Clock        ; Clock       ; 1.000        ; -0.029     ; 1.492      ;
; -0.507 ; n_bit_DFF:reg_R_inst|reg[2] ; n_bit_DFF:reg_R_inst|reg[13] ; Clock        ; Clock       ; 1.000        ; -0.014     ; 1.500      ;
; -0.505 ; n_bit_DFF:reg_R_inst|reg[1] ; n_bit_DFF:reg_R_inst|reg[7]  ; Clock        ; Clock       ; 1.000        ; -0.023     ; 1.489      ;
; -0.502 ; n_bit_DFF:reg_R_inst|reg[4] ; n_bit_DFF:reg_R_inst|reg[14] ; Clock        ; Clock       ; 1.000        ; -0.008     ; 1.501      ;
; -0.499 ; n_bit_DFF:reg_D_inst|reg[2] ; n_bit_DFF:reg_R_inst|reg[14] ; Clock        ; Clock       ; 1.000        ; -0.026     ; 1.480      ;
; -0.498 ; n_bit_DFF:reg_R_inst|reg[3] ; n_bit_DFF:reg_R_inst|reg[8]  ; Clock        ; Clock       ; 1.000        ; -0.008     ; 1.497      ;
; -0.497 ; n_bit_DFF:reg_R_inst|reg[2] ; n_bit_DFF:reg_R_inst|reg[12] ; Clock        ; Clock       ; 1.000        ; -0.008     ; 1.496      ;
; -0.497 ; n_bit_DFF:reg_R_inst|reg[2] ; n_bit_DFF:reg_R_inst|reg[15] ; Clock        ; Clock       ; 1.000        ; -0.014     ; 1.490      ;
; -0.492 ; n_bit_DFF:reg_D_inst|reg[4] ; n_bit_DFF:reg_R_inst|reg[13] ; Clock        ; Clock       ; 1.000        ; -0.032     ; 1.467      ;
; -0.490 ; n_bit_DFF:reg_D_inst|reg[0] ; n_bit_DFF:reg_R_inst|reg[7]  ; Clock        ; Clock       ; 1.000        ; -0.053     ; 1.444      ;
; -0.488 ; n_bit_DFF:reg_R_inst|reg[3] ; n_bit_DFF:reg_R_inst|reg[9]  ; Clock        ; Clock       ; 1.000        ; -0.014     ; 1.481      ;
; -0.488 ; n_bit_DFF:reg_D_inst|reg[6] ; n_bit_DFF:reg_R_inst|reg[15] ; Clock        ; Clock       ; 1.000        ; -0.032     ; 1.463      ;
; -0.488 ; n_bit_DFF:reg_D_inst|reg[1] ; n_bit_DFF:reg_R_inst|reg[11] ; Clock        ; Clock       ; 1.000        ; -0.032     ; 1.463      ;
; -0.487 ; n_bit_DFF:reg_D_inst|reg[5] ; current_state.S2b            ; Clock        ; Clock       ; 1.000        ; -0.047     ; 1.447      ;
; -0.486 ; n_bit_DFF:reg_D_inst|reg[0] ; n_bit_DFF:reg_R_inst|reg[9]  ; Clock        ; Clock       ; 1.000        ; -0.032     ; 1.461      ;
; -0.486 ; n_bit_DFF:reg_D_inst|reg[4] ; n_bit_DFF:reg_R_inst|reg[11] ; Clock        ; Clock       ; 1.000        ; -0.032     ; 1.461      ;
; -0.486 ; n_bit_DFF:reg_D_inst|reg[2] ; n_bit_DFF:reg_R_inst|reg[10] ; Clock        ; Clock       ; 1.000        ; -0.032     ; 1.461      ;
; -0.482 ; n_bit_DFF:reg_D_inst|reg[3] ; n_bit_DFF:reg_R_inst|reg[15] ; Clock        ; Clock       ; 1.000        ; -0.032     ; 1.457      ;
; -0.482 ; n_bit_DFF:reg_D_inst|reg[5] ; current_state.S2a            ; Clock        ; Clock       ; 1.000        ; -0.047     ; 1.442      ;
; -0.481 ; n_bit_DFF:reg_D_inst|reg[5] ; n_bit_DFF:reg_R_inst|reg[14] ; Clock        ; Clock       ; 1.000        ; -0.026     ; 1.462      ;
; -0.480 ; n_bit_DFF:reg_D_inst|reg[2] ; n_bit_DFF:reg_R_inst|reg[12] ; Clock        ; Clock       ; 1.000        ; -0.026     ; 1.461      ;
; -0.479 ; n_bit_DFF:reg_D_inst|reg[7] ; n_bit_DFF:reg_R_inst|reg[14] ; Clock        ; Clock       ; 1.000        ; -0.026     ; 1.460      ;
; -0.478 ; n_bit_DFF:reg_D_inst|reg[3] ; n_bit_DFF:reg_R_inst|reg[12] ; Clock        ; Clock       ; 1.000        ; -0.026     ; 1.459      ;
; -0.476 ; n_bit_DFF:reg_R_inst|reg[3] ; n_bit_DFF:reg_R_inst|reg[10] ; Clock        ; Clock       ; 1.000        ; -0.014     ; 1.469      ;
; -0.476 ; n_bit_DFF:reg_R_inst|reg[9] ; n_bit_DFF:reg_R_inst|reg[16] ; Clock        ; Clock       ; 1.000        ; -0.026     ; 1.457      ;
; -0.474 ; n_bit_DFF:reg_R_inst|reg[5] ; current_state.S2b            ; Clock        ; Clock       ; 1.000        ; -0.029     ; 1.452      ;
; -0.474 ; n_bit_DFF:reg_R_inst|reg[7] ; n_bit_DFF:reg_R_inst|reg[14] ; Clock        ; Clock       ; 1.000        ; -0.008     ; 1.473      ;
; -0.469 ; n_bit_DFF:reg_R_inst|reg[5] ; current_state.S2a            ; Clock        ; Clock       ; 1.000        ; -0.029     ; 1.447      ;
; -0.468 ; n_bit_DFF:reg_D_inst|reg[0] ; n_bit_DFF:reg_R_inst|reg[6]  ; Clock        ; Clock       ; 1.000        ; -0.053     ; 1.422      ;
; -0.467 ; n_bit_DFF:reg_D_inst|reg[7] ; n_bit_DFF:reg_R_inst|reg[16] ; Clock        ; Clock       ; 1.000        ; -0.032     ; 1.442      ;
+--------+-----------------------------+------------------------------+--------------+-------------+--------------+------------+------------+


+-------------------------------------------------------------------------------------------------------------------------------------------+
; Fast 1200mV 0C Model Hold: 'Clock'                                                                                                        ;
+-------+------------------------------+------------------------------+--------------+-------------+--------------+------------+------------+
; Slack ; From Node                    ; To Node                      ; Launch Clock ; Latch Clock ; Relationship ; Clock Skew ; Data Delay ;
+-------+------------------------------+------------------------------+--------------+-------------+--------------+------------+------------+
; 0.201 ; n_bit_DFF:reg_D_inst|reg[15] ; n_bit_DFF:reg_D_inst|reg[15] ; Clock        ; Clock       ; 0.000        ; 0.022      ; 0.307      ;
; 0.201 ; count[0]                     ; count[0]                     ; Clock        ; Clock       ; 0.000        ; 0.022      ; 0.307      ;
; 0.201 ; count[1]                     ; count[1]                     ; Clock        ; Clock       ; 0.000        ; 0.022      ; 0.307      ;
; 0.201 ; count[3]                     ; count[3]                     ; Clock        ; Clock       ; 0.000        ; 0.022      ; 0.307      ;
; 0.201 ; count[2]                     ; count[2]                     ; Clock        ; Clock       ; 0.000        ; 0.022      ; 0.307      ;
; 0.201 ; current_state.S4             ; current_state.S4             ; Clock        ; Clock       ; 0.000        ; 0.022      ; 0.307      ;
; 0.217 ; count[0]                     ; count[1]                     ; Clock        ; Clock       ; 0.000        ; 0.025      ; 0.326      ;
; 0.229 ; current_state.S2a            ; current_state.S3             ; Clock        ; Clock       ; 0.000        ; 0.022      ; 0.335      ;
; 0.279 ; n_bit_DFF:reg_D_inst|reg[9]  ; n_bit_DFF:reg_D_inst|reg[8]  ; Clock        ; Clock       ; 0.000        ; 0.024      ; 0.387      ;
; 0.281 ; n_bit_DFF:reg_D_inst|reg[2]  ; n_bit_DFF:reg_D_inst|reg[1]  ; Clock        ; Clock       ; 0.000        ; 0.023      ; 0.388      ;
; 0.303 ; n_bit_DFF:reg_Q_inst|reg[0]  ; n_bit_DFF:reg_Q_inst|reg[1]  ; Clock        ; Clock       ; 0.000        ; 0.025      ; 0.412      ;
; 0.305 ; n_bit_DFF:reg_Q_inst|reg[3]  ; n_bit_DFF:reg_Q_inst|reg[4]  ; Clock        ; Clock       ; 0.000        ; 0.025      ; 0.414      ;
; 0.306 ; n_bit_DFF:reg_Q_inst|reg[6]  ; n_bit_DFF:reg_Q_inst|reg[7]  ; Clock        ; Clock       ; 0.000        ; 0.025      ; 0.415      ;
; 0.309 ; n_bit_DFF:reg_Q_inst|reg[2]  ; n_bit_DFF:reg_Q_inst|reg[3]  ; Clock        ; Clock       ; 0.000        ; 0.025      ; 0.418      ;
; 0.310 ; n_bit_DFF:reg_Q_inst|reg[5]  ; n_bit_DFF:reg_Q_inst|reg[6]  ; Clock        ; Clock       ; 0.000        ; 0.025      ; 0.419      ;
; 0.322 ; n_bit_DFF:reg_D_inst|reg[5]  ; n_bit_DFF:reg_D_inst|reg[4]  ; Clock        ; Clock       ; 0.000        ; 0.023      ; 0.429      ;
; 0.323 ; n_bit_DFF:reg_D_inst|reg[1]  ; n_bit_DFF:reg_D_inst|reg[0]  ; Clock        ; Clock       ; 0.000        ; 0.023      ; 0.430      ;
; 0.323 ; n_bit_DFF:reg_D_inst|reg[3]  ; n_bit_DFF:reg_D_inst|reg[2]  ; Clock        ; Clock       ; 0.000        ; 0.023      ; 0.430      ;
; 0.324 ; n_bit_DFF:reg_D_inst|reg[4]  ; n_bit_DFF:reg_D_inst|reg[3]  ; Clock        ; Clock       ; 0.000        ; 0.023      ; 0.431      ;
; 0.328 ; current_state.S3             ; current_state.S4             ; Clock        ; Clock       ; 0.000        ; 0.022      ; 0.434      ;
; 0.330 ; n_bit_DFF:reg_D_inst|reg[6]  ; n_bit_DFF:reg_D_inst|reg[5]  ; Clock        ; Clock       ; 0.000        ; 0.023      ; 0.437      ;
; 0.346 ; n_bit_DFF:reg_Q_inst|reg[1]  ; n_bit_DFF:reg_Q_inst|reg[2]  ; Clock        ; Clock       ; 0.000        ; 0.025      ; 0.455      ;
; 0.346 ; current_state.S1             ; current_state.S2b            ; Clock        ; Clock       ; 0.000        ; 0.139      ; 0.569      ;
; 0.347 ; current_state.S2b            ; current_state.S3             ; Clock        ; Clock       ; 0.000        ; 0.022      ; 0.453      ;
; 0.351 ; current_state.S1             ; current_state.S2a            ; Clock        ; Clock       ; 0.000        ; 0.139      ; 0.574      ;
; 0.384 ; n_bit_DFF:reg_D_inst|reg[7]  ; n_bit_DFF:reg_D_inst|reg[6]  ; Clock        ; Clock       ; 0.000        ; 0.023      ; 0.491      ;
; 0.406 ; count[0]                     ; current_state.S1             ; Clock        ; Clock       ; 0.000        ; 0.025      ; 0.515      ;
; 0.414 ; current_state.S3             ; n_bit_DFF:reg_D_inst|reg[8]  ; Clock        ; Clock       ; 0.000        ; 0.042      ; 0.540      ;
; 0.438 ; current_state.S2b            ; n_bit_DFF:reg_R_inst|reg[9]  ; Clock        ; Clock       ; 0.000        ; 0.064      ; 0.586      ;
; 0.441 ; count[3]                     ; current_state.S1             ; Clock        ; Clock       ; 0.000        ; 0.025      ; 0.550      ;
; 0.441 ; count[3]                     ; count[0]                     ; Clock        ; Clock       ; 0.000        ; 0.025      ; 0.550      ;
; 0.457 ; n_bit_DFF:reg_D_inst|reg[8]  ; n_bit_DFF:reg_R_inst|reg[8]  ; Clock        ; Clock       ; 0.000        ; 0.042      ; 0.583      ;
; 0.458 ; n_bit_DFF:reg_D_inst|reg[14] ; n_bit_DFF:reg_R_inst|reg[14] ; Clock        ; Clock       ; 0.000        ; 0.042      ; 0.584      ;
; 0.466 ; current_state.S1             ; n_bit_DFF:reg_R_inst|reg[5]  ; Clock        ; Clock       ; 0.000        ; 0.122      ; 0.672      ;
; 0.467 ; current_state.S1             ; n_bit_DFF:reg_R_inst|reg[0]  ; Clock        ; Clock       ; 0.000        ; 0.122      ; 0.673      ;
; 0.467 ; current_state.S1             ; n_bit_DFF:reg_R_inst|reg[7]  ; Clock        ; Clock       ; 0.000        ; 0.122      ; 0.673      ;
; 0.467 ; current_state.S1             ; n_bit_DFF:reg_R_inst|reg[3]  ; Clock        ; Clock       ; 0.000        ; 0.122      ; 0.673      ;
; 0.469 ; n_bit_DFF:reg_R_inst|reg[16] ; n_bit_DFF:reg_R_inst|reg[16] ; Clock        ; Clock       ; 0.000        ; 0.026      ; 0.579      ;
; 0.472 ; count[0]                     ; count[3]                     ; Clock        ; Clock       ; 0.000        ; 0.025      ; 0.581      ;
; 0.476 ; count[0]                     ; current_state.S4             ; Clock        ; Clock       ; 0.000        ; 0.139      ; 0.699      ;
; 0.476 ; current_state.S2b            ; n_bit_DFF:reg_R_inst|reg[14] ; Clock        ; Clock       ; 0.000        ; 0.056      ; 0.616      ;
; 0.476 ; n_bit_DFF:reg_R_inst|reg[8]  ; n_bit_DFF:reg_R_inst|reg[8]  ; Clock        ; Clock       ; 0.000        ; 0.024      ; 0.584      ;
; 0.478 ; current_state.S2b            ; n_bit_DFF:reg_R_inst|reg[8]  ; Clock        ; Clock       ; 0.000        ; 0.056      ; 0.618      ;
; 0.479 ; current_state.S2b            ; n_bit_DFF:reg_R_inst|reg[12] ; Clock        ; Clock       ; 0.000        ; 0.056      ; 0.619      ;
; 0.481 ; current_state.S2b            ; n_bit_DFF:reg_R_inst|reg[11] ; Clock        ; Clock       ; 0.000        ; 0.064      ; 0.629      ;
; 0.481 ; current_state.S2b            ; n_bit_DFF:reg_R_inst|reg[16] ; Clock        ; Clock       ; 0.000        ; 0.064      ; 0.629      ;
; 0.483 ; current_state.S2b            ; n_bit_DFF:reg_R_inst|reg[10] ; Clock        ; Clock       ; 0.000        ; 0.064      ; 0.631      ;
; 0.486 ; n_bit_DFF:reg_R_inst|reg[1]  ; n_bit_DFF:reg_R_inst|reg[1]  ; Clock        ; Clock       ; 0.000        ; 0.022      ; 0.592      ;
; 0.486 ; n_bit_DFF:reg_R_inst|reg[6]  ; n_bit_DFF:reg_R_inst|reg[6]  ; Clock        ; Clock       ; 0.000        ; 0.022      ; 0.592      ;
; 0.487 ; current_state.S2b            ; n_bit_DFF:reg_R_inst|reg[13] ; Clock        ; Clock       ; 0.000        ; 0.064      ; 0.635      ;
; 0.489 ; current_state.S3             ; count[3]                     ; Clock        ; Clock       ; 0.000        ; -0.049     ; 0.524      ;
; 0.489 ; current_state.S2b            ; n_bit_DFF:reg_R_inst|reg[15] ; Clock        ; Clock       ; 0.000        ; 0.064      ; 0.637      ;
; 0.490 ; count[1]                     ; count[2]                     ; Clock        ; Clock       ; 0.000        ; 0.025      ; 0.599      ;
; 0.491 ; count[3]                     ; current_state.S4             ; Clock        ; Clock       ; 0.000        ; 0.139      ; 0.714      ;
; 0.492 ; count[0]                     ; count[2]                     ; Clock        ; Clock       ; 0.000        ; 0.025      ; 0.601      ;
; 0.498 ; n_bit_DFF:reg_D_inst|reg[11] ; n_bit_DFF:reg_R_inst|reg[11] ; Clock        ; Clock       ; 0.000        ; 0.068      ; 0.650      ;
; 0.499 ; n_bit_DFF:reg_D_inst|reg[15] ; n_bit_DFF:reg_D_inst|reg[14] ; Clock        ; Clock       ; 0.000        ; 0.135      ; 0.718      ;
; 0.505 ; n_bit_DFF:reg_D_inst|reg[8]  ; n_bit_DFF:reg_D_inst|reg[7]  ; Clock        ; Clock       ; 0.000        ; 0.040      ; 0.629      ;
; 0.508 ; n_bit_DFF:reg_D_inst|reg[9]  ; n_bit_DFF:reg_R_inst|reg[9]  ; Clock        ; Clock       ; 0.000        ; 0.068      ; 0.660      ;
; 0.512 ; current_state.Start          ; n_bit_DFF:reg_Q_inst|reg[5]  ; Clock        ; Clock       ; 0.000        ; -0.011     ; 0.585      ;
; 0.512 ; n_bit_DFF:reg_Q_inst|reg[4]  ; n_bit_DFF:reg_Q_inst|reg[5]  ; Clock        ; Clock       ; 0.000        ; 0.039      ; 0.635      ;
; 0.517 ; current_state.Start          ; n_bit_DFF:reg_Q_inst|reg[6]  ; Clock        ; Clock       ; 0.000        ; -0.011     ; 0.590      ;
; 0.517 ; current_state.Start          ; n_bit_DFF:reg_Q_inst|reg[7]  ; Clock        ; Clock       ; 0.000        ; -0.011     ; 0.590      ;
; 0.522 ; n_bit_DFF:reg_D_inst|reg[12] ; n_bit_DFF:reg_R_inst|reg[12] ; Clock        ; Clock       ; 0.000        ; 0.042      ; 0.648      ;
; 0.523 ; current_state.Start          ; n_bit_DFF:reg_Q_inst|reg[1]  ; Clock        ; Clock       ; 0.000        ; -0.014     ; 0.593      ;
; 0.524 ; current_state.Start          ; n_bit_DFF:reg_Q_inst|reg[2]  ; Clock        ; Clock       ; 0.000        ; -0.014     ; 0.594      ;
; 0.528 ; n_bit_DFF:reg_R_inst|reg[16] ; current_state.S2b            ; Clock        ; Clock       ; 0.000        ; 0.031      ; 0.643      ;
; 0.529 ; current_state.Start          ; n_bit_DFF:reg_Q_inst|reg[3]  ; Clock        ; Clock       ; 0.000        ; -0.014     ; 0.599      ;
; 0.529 ; current_state.Start          ; n_bit_DFF:reg_Q_inst|reg[4]  ; Clock        ; Clock       ; 0.000        ; -0.014     ; 0.599      ;
; 0.530 ; n_bit_DFF:reg_R_inst|reg[15] ; n_bit_DFF:reg_R_inst|reg[15] ; Clock        ; Clock       ; 0.000        ; 0.026      ; 0.640      ;
; 0.530 ; n_bit_DFF:reg_R_inst|reg[11] ; n_bit_DFF:reg_R_inst|reg[11] ; Clock        ; Clock       ; 0.000        ; 0.026      ; 0.640      ;
; 0.532 ; count[1]                     ; current_state.S1             ; Clock        ; Clock       ; 0.000        ; 0.025      ; 0.641      ;
; 0.532 ; n_bit_DFF:reg_R_inst|reg[16] ; current_state.S2a            ; Clock        ; Clock       ; 0.000        ; 0.031      ; 0.647      ;
; 0.533 ; count[1]                     ; count[0]                     ; Clock        ; Clock       ; 0.000        ; 0.025      ; 0.642      ;
; 0.534 ; count[2]                     ; current_state.S1             ; Clock        ; Clock       ; 0.000        ; 0.025      ; 0.643      ;
; 0.535 ; count[2]                     ; count[0]                     ; Clock        ; Clock       ; 0.000        ; 0.025      ; 0.644      ;
; 0.538 ; n_bit_DFF:reg_R_inst|reg[10] ; n_bit_DFF:reg_R_inst|reg[10] ; Clock        ; Clock       ; 0.000        ; 0.026      ; 0.648      ;
; 0.540 ; n_bit_DFF:reg_R_inst|reg[2]  ; n_bit_DFF:reg_R_inst|reg[2]  ; Clock        ; Clock       ; 0.000        ; 0.022      ; 0.646      ;
; 0.543 ; n_bit_DFF:reg_R_inst|reg[12] ; n_bit_DFF:reg_R_inst|reg[12] ; Clock        ; Clock       ; 0.000        ; 0.024      ; 0.651      ;
; 0.545 ; current_state.S3             ; n_bit_DFF:reg_D_inst|reg[5]  ; Clock        ; Clock       ; 0.000        ; 0.047      ; 0.676      ;
; 0.545 ; current_state.S3             ; n_bit_DFF:reg_D_inst|reg[4]  ; Clock        ; Clock       ; 0.000        ; 0.047      ; 0.676      ;
; 0.545 ; current_state.S3             ; n_bit_DFF:reg_D_inst|reg[0]  ; Clock        ; Clock       ; 0.000        ; 0.047      ; 0.676      ;
; 0.546 ; current_state.S3             ; n_bit_DFF:reg_D_inst|reg[3]  ; Clock        ; Clock       ; 0.000        ; 0.047      ; 0.677      ;
; 0.546 ; current_state.S3             ; n_bit_DFF:reg_D_inst|reg[2]  ; Clock        ; Clock       ; 0.000        ; 0.047      ; 0.677      ;
; 0.546 ; current_state.S3             ; n_bit_DFF:reg_D_inst|reg[1]  ; Clock        ; Clock       ; 0.000        ; 0.047      ; 0.677      ;
; 0.546 ; n_bit_DFF:reg_D_inst|reg[1]  ; n_bit_DFF:reg_R_inst|reg[1]  ; Clock        ; Clock       ; 0.000        ; 0.017      ; 0.647      ;
; 0.547 ; current_state.S3             ; n_bit_DFF:reg_D_inst|reg[6]  ; Clock        ; Clock       ; 0.000        ; 0.047      ; 0.678      ;
; 0.552 ; current_state.Start          ; current_state.S1             ; Clock        ; Clock       ; 0.000        ; -0.049     ; 0.587      ;
; 0.554 ; n_bit_DFF:reg_D_inst|reg[10] ; n_bit_DFF:reg_R_inst|reg[10] ; Clock        ; Clock       ; 0.000        ; 0.068      ; 0.706      ;
; 0.561 ; n_bit_DFF:reg_R_inst|reg[4]  ; n_bit_DFF:reg_R_inst|reg[4]  ; Clock        ; Clock       ; 0.000        ; 0.022      ; 0.667      ;
; 0.562 ; n_bit_DFF:reg_D_inst|reg[2]  ; n_bit_DFF:reg_R_inst|reg[2]  ; Clock        ; Clock       ; 0.000        ; 0.017      ; 0.663      ;
; 0.566 ; n_bit_DFF:reg_D_inst|reg[4]  ; n_bit_DFF:reg_R_inst|reg[4]  ; Clock        ; Clock       ; 0.000        ; 0.017      ; 0.667      ;
; 0.570 ; count[1]                     ; count[3]                     ; Clock        ; Clock       ; 0.000        ; 0.025      ; 0.679      ;
; 0.570 ; count[2]                     ; count[3]                     ; Clock        ; Clock       ; 0.000        ; 0.025      ; 0.679      ;
; 0.573 ; n_bit_DFF:reg_R_inst|reg[3]  ; n_bit_DFF:reg_R_inst|reg[3]  ; Clock        ; Clock       ; 0.000        ; 0.022      ; 0.679      ;
; 0.574 ; n_bit_DFF:reg_R_inst|reg[5]  ; n_bit_DFF:reg_R_inst|reg[5]  ; Clock        ; Clock       ; 0.000        ; 0.022      ; 0.680      ;
; 0.574 ; n_bit_DFF:reg_D_inst|reg[6]  ; n_bit_DFF:reg_R_inst|reg[6]  ; Clock        ; Clock       ; 0.000        ; 0.017      ; 0.675      ;
; 0.575 ; n_bit_DFF:reg_R_inst|reg[7]  ; n_bit_DFF:reg_R_inst|reg[7]  ; Clock        ; Clock       ; 0.000        ; 0.022      ; 0.681      ;
; 0.575 ; current_state.S1             ; n_bit_DFF:reg_R_inst|reg[6]  ; Clock        ; Clock       ; 0.000        ; 0.122      ; 0.781      ;
; 0.575 ; current_state.S1             ; n_bit_DFF:reg_R_inst|reg[2]  ; Clock        ; Clock       ; 0.000        ; 0.122      ; 0.781      ;
+-------+------------------------------+------------------------------+--------------+-------------+--------------+------------+------------+


----------------------------------------------
; Fast 1200mV 0C Model Metastability Summary ;
----------------------------------------------
No synchronizer chains to report.


+-------------------------------------------------------------------------------+
; Multicorner Timing Analysis Summary                                           ;
+------------------+---------+-------+----------+---------+---------------------+
; Clock            ; Setup   ; Hold  ; Recovery ; Removal ; Minimum Pulse Width ;
+------------------+---------+-------+----------+---------+---------------------+
; Worst-case Slack ; -2.571  ; 0.201 ; N/A      ; N/A     ; -3.000              ;
;  Clock           ; -2.571  ; 0.201 ; N/A      ; N/A     ; -3.000              ;
; Design-wide TNS  ; -88.725 ; 0.0   ; 0.0      ; 0.0     ; -68.535             ;
;  Clock           ; -88.725 ; 0.000 ; N/A      ; N/A     ; -68.535             ;
+------------------+---------+-------+----------+---------+---------------------+


+------------------------------------------------------------------------------------------------------------------------------------------------------------------------------------------------------------------------------------------------------------------------------------------------------------------------------------------------------------------------------------------------------------------+
; Board Trace Model Assignments                                                                                                                                                                                                                                                                                                                                                                                    ;
+---------------+--------------+-------------------+-------------------------+-------------------------+---------------+---------------------+----------------+------------------+--------+------------------+------------------------+------------------------+--------------+---------------+-----------------+-------+---------------------+--------------------+---------------+-----------------+-------------+
; Pin           ; I/O Standard ; Near Tline Length ; Near Tline L per Length ; Near Tline C per Length ; Near Series R ; Near Differential R ; Near Pull-up R ; Near Pull-down R ; Near C ; Far Tline Length ; Far Tline L per Length ; Far Tline C per Length ; Far Series R ; Far Pull-up R ; Far Pull-down R ; Far C ; Termination Voltage ; Far Differential R ; EBD File Name ; EBD Signal Name ; EBD Far-end ;
+---------------+--------------+-------------------+-------------------------+-------------------------+---------------+---------------------+----------------+------------------+--------+------------------+------------------------+------------------------+--------------+---------------+-----------------+-------+---------------------+--------------------+---------------+-----------------+-------------+
; Quotient[0]   ; 2.5 V        ; 0 in              ; 0 H/in                  ; 0 F/in                  ; short         ; -                   ; open           ; open             ; open   ; 0 in             ; 0 H/in                 ; 0 F/in                 ; short        ; open          ; open            ; open  ; 0 V                 ; -                  ; n/a           ; n/a             ; n/a         ;
; Quotient[1]   ; 2.5 V        ; 0 in              ; 0 H/in                  ; 0 F/in                  ; short         ; -                   ; open           ; open             ; open   ; 0 in             ; 0 H/in                 ; 0 F/in                 ; short        ; open          ; open            ; open  ; 0 V                 ; -                  ; n/a           ; n/a             ; n/a         ;
; Quotient[2]   ; 2.5 V        ; 0 in              ; 0 H/in                  ; 0 F/in                  ; short         ; -                   ; open           ; open             ; open   ; 0 in             ; 0 H/in                 ; 0 F/in                 ; short        ; open          ; open            ; open  ; 0 V                 ; -                  ; n/a           ; n/a             ; n/a         ;
; Quotient[3]   ; 2.5 V        ; 0 in              ; 0 H/in                  ; 0 F/in                  ; short         ; -                   ; open           ; open             ; open   ; 0 in             ; 0 H/in                 ; 0 F/in                 ; short        ; open          ; open            ; open  ; 0 V                 ; -                  ; n/a           ; n/a             ; n/a         ;
; Quotient[4]   ; 2.5 V        ; 0 in              ; 0 H/in                  ; 0 F/in                  ; short         ; -                   ; open           ; open             ; open   ; 0 in             ; 0 H/in                 ; 0 F/in                 ; short        ; open          ; open            ; open  ; 0 V                 ; -                  ; n/a           ; n/a             ; n/a         ;
; Quotient[5]   ; 2.5 V        ; 0 in              ; 0 H/in                  ; 0 F/in                  ; short         ; -                   ; open           ; open             ; open   ; 0 in             ; 0 H/in                 ; 0 F/in                 ; short        ; open          ; open            ; open  ; 0 V                 ; -                  ; n/a           ; n/a             ; n/a         ;
; Quotient[6]   ; 2.5 V        ; 0 in              ; 0 H/in                  ; 0 F/in                  ; short         ; -                   ; open           ; open             ; open   ; 0 in             ; 0 H/in                 ; 0 F/in                 ; short        ; open          ; open            ; open  ; 0 V                 ; -                  ; n/a           ; n/a             ; n/a         ;
; Quotient[7]   ; 2.5 V        ; 0 in              ; 0 H/in                  ; 0 F/in                  ; short         ; -                   ; open           ; open             ; open   ; 0 in             ; 0 H/in                 ; 0 F/in                 ; short        ; open          ; open            ; open  ; 0 V                 ; -                  ; n/a           ; n/a             ; n/a         ;
; Remainder[0]  ; 2.5 V        ; 0 in              ; 0 H/in                  ; 0 F/in                  ; short         ; -                   ; open           ; open             ; open   ; 0 in             ; 0 H/in                 ; 0 F/in                 ; short        ; open          ; open            ; open  ; 0 V                 ; -                  ; n/a           ; n/a             ; n/a         ;
; Remainder[1]  ; 2.5 V        ; 0 in              ; 0 H/in                  ; 0 F/in                  ; short         ; -                   ; open           ; open             ; open   ; 0 in             ; 0 H/in                 ; 0 F/in                 ; short        ; open          ; open            ; open  ; 0 V                 ; -                  ; n/a           ; n/a             ; n/a         ;
; Remainder[2]  ; 2.5 V        ; 0 in              ; 0 H/in                  ; 0 F/in                  ; short         ; -                   ; open           ; open             ; open   ; 0 in             ; 0 H/in                 ; 0 F/in                 ; short        ; open          ; open            ; open  ; 0 V                 ; -                  ; n/a           ; n/a             ; n/a         ;
; Remainder[3]  ; 2.5 V        ; 0 in              ; 0 H/in                  ; 0 F/in                  ; short         ; -                   ; open           ; open             ; open   ; 0 in             ; 0 H/in                 ; 0 F/in                 ; short        ; open          ; open            ; open  ; 0 V                 ; -                  ; n/a           ; n/a             ; n/a         ;
; Remainder[4]  ; 2.5 V        ; 0 in              ; 0 H/in                  ; 0 F/in                  ; short         ; -                   ; open           ; open             ; open   ; 0 in             ; 0 H/in                 ; 0 F/in                 ; short        ; open          ; open            ; open  ; 0 V                 ; -                  ; n/a           ; n/a             ; n/a         ;
; Remainder[5]  ; 2.5 V        ; 0 in              ; 0 H/in                  ; 0 F/in                  ; short         ; -                   ; open           ; open             ; open   ; 0 in             ; 0 H/in                 ; 0 F/in                 ; short        ; open          ; open            ; open  ; 0 V                 ; -                  ; n/a           ; n/a             ; n/a         ;
; Remainder[6]  ; 2.5 V        ; 0 in              ; 0 H/in                  ; 0 F/in                  ; short         ; -                   ; open           ; open             ; open   ; 0 in             ; 0 H/in                 ; 0 F/in                 ; short        ; open          ; open            ; open  ; 0 V                 ; -                  ; n/a           ; n/a             ; n/a         ;
; Remainder[7]  ; 2.5 V        ; 0 in              ; 0 H/in                  ; 0 F/in                  ; short         ; -                   ; open           ; open             ; open   ; 0 in             ; 0 H/in                 ; 0 F/in                 ; short        ; open          ; open            ; open  ; 0 V                 ; -                  ; n/a           ; n/a             ; n/a         ;
; HEX0[0]       ; 2.5 V        ; 0 in              ; 0 H/in                  ; 0 F/in                  ; short         ; -                   ; open           ; open             ; open   ; 0 in             ; 0 H/in                 ; 0 F/in                 ; short        ; open          ; open            ; open  ; 0 V                 ; -                  ; n/a           ; n/a             ; n/a         ;
; HEX0[1]       ; 2.5 V        ; 0 in              ; 0 H/in                  ; 0 F/in                  ; short         ; -                   ; open           ; open             ; open   ; 0 in             ; 0 H/in                 ; 0 F/in                 ; short        ; open          ; open            ; open  ; 0 V                 ; -                  ; n/a           ; n/a             ; n/a         ;
; HEX0[2]       ; 2.5 V        ; 0 in              ; 0 H/in                  ; 0 F/in                  ; short         ; -                   ; open           ; open             ; open   ; 0 in             ; 0 H/in                 ; 0 F/in                 ; short        ; open          ; open            ; open  ; 0 V                 ; -                  ; n/a           ; n/a             ; n/a         ;
; HEX0[3]       ; 2.5 V        ; 0 in              ; 0 H/in                  ; 0 F/in                  ; short         ; -                   ; open           ; open             ; open   ; 0 in             ; 0 H/in                 ; 0 F/in                 ; short        ; open          ; open            ; open  ; 0 V                 ; -                  ; n/a           ; n/a             ; n/a         ;
; HEX0[4]       ; 2.5 V        ; 0 in              ; 0 H/in                  ; 0 F/in                  ; short         ; -                   ; open           ; open             ; open   ; 0 in             ; 0 H/in                 ; 0 F/in                 ; short        ; open          ; open            ; open  ; 0 V                 ; -                  ; n/a           ; n/a             ; n/a         ;
; HEX0[5]       ; 2.5 V        ; 0 in              ; 0 H/in                  ; 0 F/in                  ; short         ; -                   ; open           ; open             ; open   ; 0 in             ; 0 H/in                 ; 0 F/in                 ; short        ; open          ; open            ; open  ; 0 V                 ; -                  ; n/a           ; n/a             ; n/a         ;
; HEX0[6]       ; 2.5 V        ; 0 in              ; 0 H/in                  ; 0 F/in                  ; short         ; -                   ; open           ; open             ; open   ; 0 in             ; 0 H/in                 ; 0 F/in                 ; short        ; open          ; open            ; open  ; 0 V                 ; -                  ; n/a           ; n/a             ; n/a         ;
; HEX1[0]       ; 2.5 V        ; 0 in              ; 0 H/in                  ; 0 F/in                  ; short         ; -                   ; open           ; open             ; open   ; 0 in             ; 0 H/in                 ; 0 F/in                 ; short        ; open          ; open            ; open  ; 0 V                 ; -                  ; n/a           ; n/a             ; n/a         ;
; HEX1[1]       ; 2.5 V        ; 0 in              ; 0 H/in                  ; 0 F/in                  ; short         ; -                   ; open           ; open             ; open   ; 0 in             ; 0 H/in                 ; 0 F/in                 ; short        ; open          ; open            ; open  ; 0 V                 ; -                  ; n/a           ; n/a             ; n/a         ;
; HEX1[2]       ; 2.5 V        ; 0 in              ; 0 H/in                  ; 0 F/in                  ; short         ; -                   ; open           ; open             ; open   ; 0 in             ; 0 H/in                 ; 0 F/in                 ; short        ; open          ; open            ; open  ; 0 V                 ; -                  ; n/a           ; n/a             ; n/a         ;
; HEX1[3]       ; 2.5 V        ; 0 in              ; 0 H/in                  ; 0 F/in                  ; short         ; -                   ; open           ; open             ; open   ; 0 in             ; 0 H/in                 ; 0 F/in                 ; short        ; open          ; open            ; open  ; 0 V                 ; -                  ; n/a           ; n/a             ; n/a         ;
; HEX1[4]       ; 2.5 V        ; 0 in              ; 0 H/in                  ; 0 F/in                  ; short         ; -                   ; open           ; open             ; open   ; 0 in             ; 0 H/in                 ; 0 F/in                 ; short        ; open          ; open            ; open  ; 0 V                 ; -                  ; n/a           ; n/a             ; n/a         ;
; HEX1[5]       ; 2.5 V        ; 0 in              ; 0 H/in                  ; 0 F/in                  ; short         ; -                   ; open           ; open             ; open   ; 0 in             ; 0 H/in                 ; 0 F/in                 ; short        ; open          ; open            ; open  ; 0 V                 ; -                  ; n/a           ; n/a             ; n/a         ;
; HEX1[6]       ; 2.5 V        ; 0 in              ; 0 H/in                  ; 0 F/in                  ; short         ; -                   ; open           ; open             ; open   ; 0 in             ; 0 H/in                 ; 0 F/in                 ; short        ; open          ; open            ; open  ; 0 V                 ; -                  ; n/a           ; n/a             ; n/a         ;
; HEX2[0]       ; 2.5 V        ; 0 in              ; 0 H/in                  ; 0 F/in                  ; short         ; -                   ; open           ; open             ; open   ; 0 in             ; 0 H/in                 ; 0 F/in                 ; short        ; open          ; open            ; open  ; 0 V                 ; -                  ; n/a           ; n/a             ; n/a         ;
; HEX2[1]       ; 2.5 V        ; 0 in              ; 0 H/in                  ; 0 F/in                  ; short         ; -                   ; open           ; open             ; open   ; 0 in             ; 0 H/in                 ; 0 F/in                 ; short        ; open          ; open            ; open  ; 0 V                 ; -                  ; n/a           ; n/a             ; n/a         ;
; HEX2[2]       ; 2.5 V        ; 0 in              ; 0 H/in                  ; 0 F/in                  ; short         ; -                   ; open           ; open             ; open   ; 0 in             ; 0 H/in                 ; 0 F/in                 ; short        ; open          ; open            ; open  ; 0 V                 ; -                  ; n/a           ; n/a             ; n/a         ;
; HEX2[3]       ; 2.5 V        ; 0 in              ; 0 H/in                  ; 0 F/in                  ; short         ; -                   ; open           ; open             ; open   ; 0 in             ; 0 H/in                 ; 0 F/in                 ; short        ; open          ; open            ; open  ; 0 V                 ; -                  ; n/a           ; n/a             ; n/a         ;
; HEX2[4]       ; 2.5 V        ; 0 in              ; 0 H/in                  ; 0 F/in                  ; short         ; -                   ; open           ; open             ; open   ; 0 in             ; 0 H/in                 ; 0 F/in                 ; short        ; open          ; open            ; open  ; 0 V                 ; -                  ; n/a           ; n/a             ; n/a         ;
; HEX2[5]       ; 2.5 V        ; 0 in              ; 0 H/in                  ; 0 F/in                  ; short         ; -                   ; open           ; open             ; open   ; 0 in             ; 0 H/in                 ; 0 F/in                 ; short        ; open          ; open            ; open  ; 0 V                 ; -                  ; n/a           ; n/a             ; n/a         ;
; HEX2[6]       ; 2.5 V        ; 0 in              ; 0 H/in                  ; 0 F/in                  ; short         ; -                   ; open           ; open             ; open   ; 0 in             ; 0 H/in                 ; 0 F/in                 ; short        ; open          ; open            ; open  ; 0 V                 ; -                  ; n/a           ; n/a             ; n/a         ;
; HEX3[0]       ; 2.5 V        ; 0 in              ; 0 H/in                  ; 0 F/in                  ; short         ; -                   ; open           ; open             ; open   ; 0 in             ; 0 H/in                 ; 0 F/in                 ; short        ; open          ; open            ; open  ; 0 V                 ; -                  ; n/a           ; n/a             ; n/a         ;
; HEX3[1]       ; 2.5 V        ; 0 in              ; 0 H/in                  ; 0 F/in                  ; short         ; -                   ; open           ; open             ; open   ; 0 in             ; 0 H/in                 ; 0 F/in                 ; short        ; open          ; open            ; open  ; 0 V                 ; -                  ; n/a           ; n/a             ; n/a         ;
; HEX3[2]       ; 2.5 V        ; 0 in              ; 0 H/in                  ; 0 F/in                  ; short         ; -                   ; open           ; open             ; open   ; 0 in             ; 0 H/in                 ; 0 F/in                 ; short        ; open          ; open            ; open  ; 0 V                 ; -                  ; n/a           ; n/a             ; n/a         ;
; HEX3[3]       ; 2.5 V        ; 0 in              ; 0 H/in                  ; 0 F/in                  ; short         ; -                   ; open           ; open             ; open   ; 0 in             ; 0 H/in                 ; 0 F/in                 ; short        ; open          ; open            ; open  ; 0 V                 ; -                  ; n/a           ; n/a             ; n/a         ;
; HEX3[4]       ; 2.5 V        ; 0 in              ; 0 H/in                  ; 0 F/in                  ; short         ; -                   ; open           ; open             ; open   ; 0 in             ; 0 H/in                 ; 0 F/in                 ; short        ; open          ; open            ; open  ; 0 V                 ; -                  ; n/a           ; n/a             ; n/a         ;
; HEX3[5]       ; 2.5 V        ; 0 in              ; 0 H/in                  ; 0 F/in                  ; short         ; -                   ; open           ; open             ; open   ; 0 in             ; 0 H/in                 ; 0 F/in                 ; short        ; open          ; open            ; open  ; 0 V                 ; -                  ; n/a           ; n/a             ; n/a         ;
; HEX3[6]       ; 2.5 V        ; 0 in              ; 0 H/in                  ; 0 F/in                  ; short         ; -                   ; open           ; open             ; open   ; 0 in             ; 0 H/in                 ; 0 F/in                 ; short        ; open          ; open            ; open  ; 0 V                 ; -                  ; n/a           ; n/a             ; n/a         ;
; ~ALTERA_DCLK~ ; 2.5 V        ; 0 in              ; 0 H/in                  ; 0 F/in                  ; short         ; -                   ; open           ; open             ; open   ; 0 in             ; 0 H/in                 ; 0 F/in                 ; short        ; open          ; open            ; open  ; 0 V                 ; -                  ; n/a           ; n/a             ; n/a         ;
; ~ALTERA_nCEO~ ; 2.5 V        ; 0 in              ; 0 H/in                  ; 0 F/in                  ; short         ; -                   ; open           ; open             ; open   ; 0 in             ; 0 H/in                 ; 0 F/in                 ; short        ; open          ; open            ; open  ; 0 V                 ; -                  ; n/a           ; n/a             ; n/a         ;
+---------------+--------------+-------------------+-------------------------+-------------------------+---------------+---------------------+----------------+------------------+--------+------------------+------------------------+------------------------+--------------+---------------+-----------------+-------+---------------------+--------------------+---------------+-----------------+-------------+


+----------------------------------------------------------------------------+
; Input Transition Times                                                     ;
+-------------------------+--------------+-----------------+-----------------+
; Pin                     ; I/O Standard ; 10-90 Rise Time ; 90-10 Fall Time ;
+-------------------------+--------------+-----------------+-----------------+
; Clock                   ; 2.5 V        ; 2000 ps         ; 2000 ps         ;
; Dividend[0]             ; 2.5 V        ; 2000 ps         ; 2000 ps         ;
; Dividend[1]             ; 2.5 V        ; 2000 ps         ; 2000 ps         ;
; Dividend[2]             ; 2.5 V        ; 2000 ps         ; 2000 ps         ;
; Dividend[3]             ; 2.5 V        ; 2000 ps         ; 2000 ps         ;
; Dividend[4]             ; 2.5 V        ; 2000 ps         ; 2000 ps         ;
; Dividend[5]             ; 2.5 V        ; 2000 ps         ; 2000 ps         ;
; Dividend[6]             ; 2.5 V        ; 2000 ps         ; 2000 ps         ;
; Dividend[7]             ; 2.5 V        ; 2000 ps         ; 2000 ps         ;
; Reset                   ; 2.5 V        ; 2000 ps         ; 2000 ps         ;
; Divisor[7]              ; 2.5 V        ; 2000 ps         ; 2000 ps         ;
; Divisor[6]              ; 2.5 V        ; 2000 ps         ; 2000 ps         ;
; Divisor[5]              ; 2.5 V        ; 2000 ps         ; 2000 ps         ;
; Divisor[4]              ; 2.5 V        ; 2000 ps         ; 2000 ps         ;
; Divisor[3]              ; 2.5 V        ; 2000 ps         ; 2000 ps         ;
; Divisor[2]              ; 2.5 V        ; 2000 ps         ; 2000 ps         ;
; Divisor[1]              ; 2.5 V        ; 2000 ps         ; 2000 ps         ;
; Divisor[0]              ; 2.5 V        ; 2000 ps         ; 2000 ps         ;
; ~ALTERA_ASDO_DATA1~     ; 2.5 V        ; 2000 ps         ; 2000 ps         ;
; ~ALTERA_FLASH_nCE_nCSO~ ; 2.5 V        ; 2000 ps         ; 2000 ps         ;
; ~ALTERA_DATA0~          ; 2.5 V        ; 2000 ps         ; 2000 ps         ;
+-------------------------+--------------+-----------------+-----------------+


+--------------------------------------------------------------------------------------------------------------------------------------------------------------------------------------------------------------------------------------------------------------------------------------------------------------------------------------------------------------------------------------------------------------------------------------------------------------------------------------------------------------------------------------------------------------------------------------------------------------------------------------------------------------------------------------------+
; Signal Integrity Metrics (Slow 1200mv 0c Model)                                                                                                                                                                                                                                                                                                                                                                                                                                                                                                                                                                                                                                            ;
+---------------+--------------+---------------------+---------------------+------------------------------+------------------------------+---------------------+---------------------+--------------------------------------+--------------------------------------+-----------------------------+-----------------------------+----------------------------+----------------------------+-----------------------------+-----------------------------+--------------------+--------------------+-------------------------------------+-------------------------------------+----------------------------+----------------------------+---------------------------+---------------------------+
; Pin           ; I/O Standard ; Board Delay on Rise ; Board Delay on Fall ; Steady State Voh at FPGA Pin ; Steady State Vol at FPGA Pin ; Voh Max at FPGA Pin ; Vol Min at FPGA Pin ; Ringback Voltage on Rise at FPGA Pin ; Ringback Voltage on Fall at FPGA Pin ; 10-90 Rise Time at FPGA Pin ; 90-10 Fall Time at FPGA Pin ; Monotonic Rise at FPGA Pin ; Monotonic Fall at FPGA Pin ; Steady State Voh at Far-end ; Steady State Vol at Far-end ; Voh Max at Far-end ; Vol Min at Far-end ; Ringback Voltage on Rise at Far-end ; Ringback Voltage on Fall at Far-end ; 10-90 Rise Time at Far-end ; 90-10 Fall Time at Far-end ; Monotonic Rise at Far-end ; Monotonic Fall at Far-end ;
+---------------+--------------+---------------------+---------------------+------------------------------+------------------------------+---------------------+---------------------+--------------------------------------+--------------------------------------+-----------------------------+-----------------------------+----------------------------+----------------------------+-----------------------------+-----------------------------+--------------------+--------------------+-------------------------------------+-------------------------------------+----------------------------+----------------------------+---------------------------+---------------------------+
; Quotient[0]   ; 2.5 V        ; 0 s                 ; 0 s                 ; 2.32 V                       ; 4.49e-09 V                   ; 2.38 V              ; -0.00552 V          ; 0.096 V                              ; 0.019 V                              ; 4.18e-10 s                  ; 3.59e-10 s                  ; No                         ; Yes                        ; 2.32 V                      ; 4.49e-09 V                  ; 2.38 V             ; -0.00552 V         ; 0.096 V                             ; 0.019 V                             ; 4.18e-10 s                 ; 3.59e-10 s                 ; No                        ; Yes                       ;
; Quotient[1]   ; 2.5 V        ; 0 s                 ; 0 s                 ; 2.32 V                       ; 4.49e-09 V                   ; 2.38 V              ; -0.00552 V          ; 0.096 V                              ; 0.019 V                              ; 4.18e-10 s                  ; 3.59e-10 s                  ; No                         ; Yes                        ; 2.32 V                      ; 4.49e-09 V                  ; 2.38 V             ; -0.00552 V         ; 0.096 V                             ; 0.019 V                             ; 4.18e-10 s                 ; 3.59e-10 s                 ; No                        ; Yes                       ;
; Quotient[2]   ; 2.5 V        ; 0 s                 ; 0 s                 ; 2.32 V                       ; 4.49e-09 V                   ; 2.38 V              ; -0.00552 V          ; 0.096 V                              ; 0.019 V                              ; 4.18e-10 s                  ; 3.59e-10 s                  ; No                         ; Yes                        ; 2.32 V                      ; 4.49e-09 V                  ; 2.38 V             ; -0.00552 V         ; 0.096 V                             ; 0.019 V                             ; 4.18e-10 s                 ; 3.59e-10 s                 ; No                        ; Yes                       ;
; Quotient[3]   ; 2.5 V        ; 0 s                 ; 0 s                 ; 2.32 V                       ; 4.49e-09 V                   ; 2.38 V              ; -0.00552 V          ; 0.096 V                              ; 0.019 V                              ; 4.18e-10 s                  ; 3.59e-10 s                  ; No                         ; Yes                        ; 2.32 V                      ; 4.49e-09 V                  ; 2.38 V             ; -0.00552 V         ; 0.096 V                             ; 0.019 V                             ; 4.18e-10 s                 ; 3.59e-10 s                 ; No                        ; Yes                       ;
; Quotient[4]   ; 2.5 V        ; 0 s                 ; 0 s                 ; 2.32 V                       ; 4.49e-09 V                   ; 2.38 V              ; -0.00552 V          ; 0.096 V                              ; 0.019 V                              ; 4.18e-10 s                  ; 3.59e-10 s                  ; No                         ; Yes                        ; 2.32 V                      ; 4.49e-09 V                  ; 2.38 V             ; -0.00552 V         ; 0.096 V                             ; 0.019 V                             ; 4.18e-10 s                 ; 3.59e-10 s                 ; No                        ; Yes                       ;
; Quotient[5]   ; 2.5 V        ; 0 s                 ; 0 s                 ; 2.32 V                       ; 4.49e-09 V                   ; 2.38 V              ; -0.00552 V          ; 0.096 V                              ; 0.019 V                              ; 4.18e-10 s                  ; 3.59e-10 s                  ; No                         ; Yes                        ; 2.32 V                      ; 4.49e-09 V                  ; 2.38 V             ; -0.00552 V         ; 0.096 V                             ; 0.019 V                             ; 4.18e-10 s                 ; 3.59e-10 s                 ; No                        ; Yes                       ;
; Quotient[6]   ; 2.5 V        ; 0 s                 ; 0 s                 ; 2.32 V                       ; 4.49e-09 V                   ; 2.38 V              ; -0.00552 V          ; 0.096 V                              ; 0.019 V                              ; 4.18e-10 s                  ; 3.59e-10 s                  ; No                         ; Yes                        ; 2.32 V                      ; 4.49e-09 V                  ; 2.38 V             ; -0.00552 V         ; 0.096 V                             ; 0.019 V                             ; 4.18e-10 s                 ; 3.59e-10 s                 ; No                        ; Yes                       ;
; Quotient[7]   ; 2.5 V        ; 0 s                 ; 0 s                 ; 2.32 V                       ; 4.49e-09 V                   ; 2.38 V              ; -0.00552 V          ; 0.096 V                              ; 0.019 V                              ; 4.18e-10 s                  ; 3.59e-10 s                  ; No                         ; Yes                        ; 2.32 V                      ; 4.49e-09 V                  ; 2.38 V             ; -0.00552 V         ; 0.096 V                             ; 0.019 V                             ; 4.18e-10 s                 ; 3.59e-10 s                 ; No                        ; Yes                       ;
; Remainder[0]  ; 2.5 V        ; 0 s                 ; 0 s                 ; 2.32 V                       ; 4.49e-09 V                   ; 2.38 V              ; -0.00552 V          ; 0.096 V                              ; 0.019 V                              ; 4.18e-10 s                  ; 3.59e-10 s                  ; No                         ; Yes                        ; 2.32 V                      ; 4.49e-09 V                  ; 2.38 V             ; -0.00552 V         ; 0.096 V                             ; 0.019 V                             ; 4.18e-10 s                 ; 3.59e-10 s                 ; No                        ; Yes                       ;
; Remainder[1]  ; 2.5 V        ; 0 s                 ; 0 s                 ; 2.32 V                       ; 4.49e-09 V                   ; 2.33 V              ; -0.00467 V          ; 0.226 V                              ; 0.087 V                              ; 2.91e-09 s                  ; 2.74e-09 s                  ; Yes                        ; Yes                        ; 2.32 V                      ; 4.49e-09 V                  ; 2.33 V             ; -0.00467 V         ; 0.226 V                             ; 0.087 V                             ; 2.91e-09 s                 ; 2.74e-09 s                 ; Yes                       ; Yes                       ;
; Remainder[2]  ; 2.5 V        ; 0 s                 ; 0 s                 ; 2.32 V                       ; 4.49e-09 V                   ; 2.38 V              ; -0.00552 V          ; 0.096 V                              ; 0.019 V                              ; 4.18e-10 s                  ; 3.59e-10 s                  ; No                         ; Yes                        ; 2.32 V                      ; 4.49e-09 V                  ; 2.38 V             ; -0.00552 V         ; 0.096 V                             ; 0.019 V                             ; 4.18e-10 s                 ; 3.59e-10 s                 ; No                        ; Yes                       ;
; Remainder[3]  ; 2.5 V        ; 0 s                 ; 0 s                 ; 2.32 V                       ; 4.49e-09 V                   ; 2.38 V              ; -0.00552 V          ; 0.096 V                              ; 0.019 V                              ; 4.18e-10 s                  ; 3.59e-10 s                  ; No                         ; Yes                        ; 2.32 V                      ; 4.49e-09 V                  ; 2.38 V             ; -0.00552 V         ; 0.096 V                             ; 0.019 V                             ; 4.18e-10 s                 ; 3.59e-10 s                 ; No                        ; Yes                       ;
; Remainder[4]  ; 2.5 V        ; 0 s                 ; 0 s                 ; 2.32 V                       ; 4.49e-09 V                   ; 2.38 V              ; -0.00552 V          ; 0.096 V                              ; 0.019 V                              ; 4.18e-10 s                  ; 3.59e-10 s                  ; No                         ; Yes                        ; 2.32 V                      ; 4.49e-09 V                  ; 2.38 V             ; -0.00552 V         ; 0.096 V                             ; 0.019 V                             ; 4.18e-10 s                 ; 3.59e-10 s                 ; No                        ; Yes                       ;
; Remainder[5]  ; 2.5 V        ; 0 s                 ; 0 s                 ; 2.32 V                       ; 4.49e-09 V                   ; 2.38 V              ; -0.00552 V          ; 0.096 V                              ; 0.019 V                              ; 4.18e-10 s                  ; 3.59e-10 s                  ; No                         ; Yes                        ; 2.32 V                      ; 4.49e-09 V                  ; 2.38 V             ; -0.00552 V         ; 0.096 V                             ; 0.019 V                             ; 4.18e-10 s                 ; 3.59e-10 s                 ; No                        ; Yes                       ;
; Remainder[6]  ; 2.5 V        ; 0 s                 ; 0 s                 ; 2.32 V                       ; 4.49e-09 V                   ; 2.38 V              ; -0.00552 V          ; 0.096 V                              ; 0.019 V                              ; 4.18e-10 s                  ; 3.59e-10 s                  ; No                         ; Yes                        ; 2.32 V                      ; 4.49e-09 V                  ; 2.38 V             ; -0.00552 V         ; 0.096 V                             ; 0.019 V                             ; 4.18e-10 s                 ; 3.59e-10 s                 ; No                        ; Yes                       ;
; Remainder[7]  ; 2.5 V        ; 0 s                 ; 0 s                 ; 2.32 V                       ; 4.49e-09 V                   ; 2.33 V              ; -0.00467 V          ; 0.226 V                              ; 0.087 V                              ; 2.91e-09 s                  ; 2.74e-09 s                  ; Yes                        ; Yes                        ; 2.32 V                      ; 4.49e-09 V                  ; 2.33 V             ; -0.00467 V         ; 0.226 V                             ; 0.087 V                             ; 2.91e-09 s                 ; 2.74e-09 s                 ; Yes                       ; Yes                       ;
; HEX0[0]       ; 2.5 V        ; 0 s                 ; 0 s                 ; 2.32 V                       ; 4.49e-09 V                   ; 2.38 V              ; -0.00552 V          ; 0.096 V                              ; 0.019 V                              ; 4.18e-10 s                  ; 3.59e-10 s                  ; No                         ; Yes                        ; 2.32 V                      ; 4.49e-09 V                  ; 2.38 V             ; -0.00552 V         ; 0.096 V                             ; 0.019 V                             ; 4.18e-10 s                 ; 3.59e-10 s                 ; No                        ; Yes                       ;
; HEX0[1]       ; 2.5 V        ; 0 s                 ; 0 s                 ; 2.32 V                       ; 4.49e-09 V                   ; 2.33 V              ; -0.00467 V          ; 0.226 V                              ; 0.087 V                              ; 2.91e-09 s                  ; 2.74e-09 s                  ; Yes                        ; Yes                        ; 2.32 V                      ; 4.49e-09 V                  ; 2.33 V             ; -0.00467 V         ; 0.226 V                             ; 0.087 V                             ; 2.91e-09 s                 ; 2.74e-09 s                 ; Yes                       ; Yes                       ;
; HEX0[2]       ; 2.5 V        ; 0 s                 ; 0 s                 ; 2.32 V                       ; 4.49e-09 V                   ; 2.38 V              ; -0.00552 V          ; 0.096 V                              ; 0.019 V                              ; 4.18e-10 s                  ; 3.59e-10 s                  ; No                         ; Yes                        ; 2.32 V                      ; 4.49e-09 V                  ; 2.38 V             ; -0.00552 V         ; 0.096 V                             ; 0.019 V                             ; 4.18e-10 s                 ; 3.59e-10 s                 ; No                        ; Yes                       ;
; HEX0[3]       ; 2.5 V        ; 0 s                 ; 0 s                 ; 2.32 V                       ; 3.07e-09 V                   ; 2.38 V              ; -0.0144 V           ; 0.227 V                              ; 0.024 V                              ; 3.14e-10 s                  ; 3.39e-10 s                  ; Yes                        ; Yes                        ; 2.32 V                      ; 3.07e-09 V                  ; 2.38 V             ; -0.0144 V          ; 0.227 V                             ; 0.024 V                             ; 3.14e-10 s                 ; 3.39e-10 s                 ; Yes                       ; Yes                       ;
; HEX0[4]       ; 2.5 V        ; 0 s                 ; 0 s                 ; 2.32 V                       ; 3.07e-09 V                   ; 2.38 V              ; -0.0144 V           ; 0.227 V                              ; 0.024 V                              ; 3.14e-10 s                  ; 3.39e-10 s                  ; Yes                        ; Yes                        ; 2.32 V                      ; 3.07e-09 V                  ; 2.38 V             ; -0.0144 V          ; 0.227 V                             ; 0.024 V                             ; 3.14e-10 s                 ; 3.39e-10 s                 ; Yes                       ; Yes                       ;
; HEX0[5]       ; 2.5 V        ; 0 s                 ; 0 s                 ; 2.32 V                       ; 3.07e-09 V                   ; 2.33 V              ; -0.00496 V          ; 0.223 V                              ; 0.086 V                              ; 2.9e-09 s                   ; 2.73e-09 s                  ; Yes                        ; Yes                        ; 2.32 V                      ; 3.07e-09 V                  ; 2.33 V             ; -0.00496 V         ; 0.223 V                             ; 0.086 V                             ; 2.9e-09 s                  ; 2.73e-09 s                 ; Yes                       ; Yes                       ;
; HEX0[6]       ; 2.5 V        ; 0 s                 ; 0 s                 ; 2.32 V                       ; 3.07e-09 V                   ; 2.38 V              ; -0.0144 V           ; 0.227 V                              ; 0.024 V                              ; 3.14e-10 s                  ; 3.39e-10 s                  ; Yes                        ; Yes                        ; 2.32 V                      ; 3.07e-09 V                  ; 2.38 V             ; -0.0144 V          ; 0.227 V                             ; 0.024 V                             ; 3.14e-10 s                 ; 3.39e-10 s                 ; Yes                       ; Yes                       ;
; HEX1[0]       ; 2.5 V        ; 0 s                 ; 0 s                 ; 2.32 V                       ; 3.07e-09 V                   ; 2.38 V              ; -0.0144 V           ; 0.227 V                              ; 0.024 V                              ; 3.14e-10 s                  ; 3.39e-10 s                  ; Yes                        ; Yes                        ; 2.32 V                      ; 3.07e-09 V                  ; 2.38 V             ; -0.0144 V          ; 0.227 V                             ; 0.024 V                             ; 3.14e-10 s                 ; 3.39e-10 s                 ; Yes                       ; Yes                       ;
; HEX1[1]       ; 2.5 V        ; 0 s                 ; 0 s                 ; 2.32 V                       ; 3.07e-09 V                   ; 2.37 V              ; -0.00994 V          ; 0.186 V                              ; 0.028 V                              ; 4.98e-10 s                  ; 4.96e-10 s                  ; Yes                        ; Yes                        ; 2.32 V                      ; 3.07e-09 V                  ; 2.37 V             ; -0.00994 V         ; 0.186 V                             ; 0.028 V                             ; 4.98e-10 s                 ; 4.96e-10 s                 ; Yes                       ; Yes                       ;
; HEX1[2]       ; 2.5 V        ; 0 s                 ; 0 s                 ; 2.32 V                       ; 3.07e-09 V                   ; 2.37 V              ; -0.00994 V          ; 0.186 V                              ; 0.028 V                              ; 4.98e-10 s                  ; 4.96e-10 s                  ; Yes                        ; Yes                        ; 2.32 V                      ; 3.07e-09 V                  ; 2.37 V             ; -0.00994 V         ; 0.186 V                             ; 0.028 V                             ; 4.98e-10 s                 ; 4.96e-10 s                 ; Yes                       ; Yes                       ;
; HEX1[3]       ; 2.5 V        ; 0 s                 ; 0 s                 ; 2.32 V                       ; 3.07e-09 V                   ; 2.37 V              ; -0.00994 V          ; 0.186 V                              ; 0.028 V                              ; 4.98e-10 s                  ; 4.96e-10 s                  ; Yes                        ; Yes                        ; 2.32 V                      ; 3.07e-09 V                  ; 2.37 V             ; -0.00994 V         ; 0.186 V                             ; 0.028 V                             ; 4.98e-10 s                 ; 4.96e-10 s                 ; Yes                       ; Yes                       ;
; HEX1[4]       ; 2.5 V        ; 0 s                 ; 0 s                 ; 2.32 V                       ; 3.07e-09 V                   ; 2.37 V              ; -0.00994 V          ; 0.186 V                              ; 0.028 V                              ; 4.98e-10 s                  ; 4.96e-10 s                  ; Yes                        ; Yes                        ; 2.32 V                      ; 3.07e-09 V                  ; 2.37 V             ; -0.00994 V         ; 0.186 V                             ; 0.028 V                             ; 4.98e-10 s                 ; 4.96e-10 s                 ; Yes                       ; Yes                       ;
; HEX1[5]       ; 2.5 V        ; 0 s                 ; 0 s                 ; 2.32 V                       ; 3.07e-09 V                   ; 2.33 V              ; -0.00496 V          ; 0.223 V                              ; 0.086 V                              ; 2.9e-09 s                   ; 2.73e-09 s                  ; Yes                        ; Yes                        ; 2.32 V                      ; 3.07e-09 V                  ; 2.33 V             ; -0.00496 V         ; 0.223 V                             ; 0.086 V                             ; 2.9e-09 s                  ; 2.73e-09 s                 ; Yes                       ; Yes                       ;
; HEX1[6]       ; 2.5 V        ; 0 s                 ; 0 s                 ; 2.32 V                       ; 3.07e-09 V                   ; 2.33 V              ; -0.00496 V          ; 0.223 V                              ; 0.086 V                              ; 2.9e-09 s                   ; 2.73e-09 s                  ; Yes                        ; Yes                        ; 2.32 V                      ; 3.07e-09 V                  ; 2.33 V             ; -0.00496 V         ; 0.223 V                             ; 0.086 V                             ; 2.9e-09 s                  ; 2.73e-09 s                 ; Yes                       ; Yes                       ;
; HEX2[0]       ; 2.5 V        ; 0 s                 ; 0 s                 ; 2.32 V                       ; 3.07e-09 V                   ; 2.37 V              ; -0.00994 V          ; 0.186 V                              ; 0.028 V                              ; 4.98e-10 s                  ; 4.96e-10 s                  ; Yes                        ; Yes                        ; 2.32 V                      ; 3.07e-09 V                  ; 2.37 V             ; -0.00994 V         ; 0.186 V                             ; 0.028 V                             ; 4.98e-10 s                 ; 4.96e-10 s                 ; Yes                       ; Yes                       ;
; HEX2[1]       ; 2.5 V        ; 0 s                 ; 0 s                 ; 2.32 V                       ; 3.07e-09 V                   ; 2.37 V              ; -0.00994 V          ; 0.186 V                              ; 0.028 V                              ; 4.98e-10 s                  ; 4.96e-10 s                  ; Yes                        ; Yes                        ; 2.32 V                      ; 3.07e-09 V                  ; 2.37 V             ; -0.00994 V         ; 0.186 V                             ; 0.028 V                             ; 4.98e-10 s                 ; 4.96e-10 s                 ; Yes                       ; Yes                       ;
; HEX2[2]       ; 2.5 V        ; 0 s                 ; 0 s                 ; 2.32 V                       ; 3.07e-09 V                   ; 2.37 V              ; -0.00994 V          ; 0.186 V                              ; 0.028 V                              ; 4.98e-10 s                  ; 4.96e-10 s                  ; Yes                        ; Yes                        ; 2.32 V                      ; 3.07e-09 V                  ; 2.37 V             ; -0.00994 V         ; 0.186 V                             ; 0.028 V                             ; 4.98e-10 s                 ; 4.96e-10 s                 ; Yes                       ; Yes                       ;
; HEX2[3]       ; 2.5 V        ; 0 s                 ; 0 s                 ; 2.32 V                       ; 3.07e-09 V                   ; 2.37 V              ; -0.00994 V          ; 0.186 V                              ; 0.028 V                              ; 4.98e-10 s                  ; 4.96e-10 s                  ; Yes                        ; Yes                        ; 2.32 V                      ; 3.07e-09 V                  ; 2.37 V             ; -0.00994 V         ; 0.186 V                             ; 0.028 V                             ; 4.98e-10 s                 ; 4.96e-10 s                 ; Yes                       ; Yes                       ;
; HEX2[4]       ; 2.5 V        ; 0 s                 ; 0 s                 ; 2.32 V                       ; 3.07e-09 V                   ; 2.37 V              ; -0.00994 V          ; 0.186 V                              ; 0.028 V                              ; 4.98e-10 s                  ; 4.96e-10 s                  ; Yes                        ; Yes                        ; 2.32 V                      ; 3.07e-09 V                  ; 2.37 V             ; -0.00994 V         ; 0.186 V                             ; 0.028 V                             ; 4.98e-10 s                 ; 4.96e-10 s                 ; Yes                       ; Yes                       ;
; HEX2[5]       ; 2.5 V        ; 0 s                 ; 0 s                 ; 2.32 V                       ; 3.07e-09 V                   ; 2.37 V              ; -0.00994 V          ; 0.186 V                              ; 0.028 V                              ; 4.98e-10 s                  ; 4.96e-10 s                  ; Yes                        ; Yes                        ; 2.32 V                      ; 3.07e-09 V                  ; 2.37 V             ; -0.00994 V         ; 0.186 V                             ; 0.028 V                             ; 4.98e-10 s                 ; 4.96e-10 s                 ; Yes                       ; Yes                       ;
; HEX2[6]       ; 2.5 V        ; 0 s                 ; 0 s                 ; 2.32 V                       ; 3.07e-09 V                   ; 2.37 V              ; -0.00994 V          ; 0.186 V                              ; 0.028 V                              ; 4.98e-10 s                  ; 4.96e-10 s                  ; Yes                        ; Yes                        ; 2.32 V                      ; 3.07e-09 V                  ; 2.37 V             ; -0.00994 V         ; 0.186 V                             ; 0.028 V                             ; 4.98e-10 s                 ; 4.96e-10 s                 ; Yes                       ; Yes                       ;
; HEX3[0]       ; 2.5 V        ; 0 s                 ; 0 s                 ; 2.32 V                       ; 3.07e-09 V                   ; 2.37 V              ; -0.00994 V          ; 0.186 V                              ; 0.028 V                              ; 4.98e-10 s                  ; 4.96e-10 s                  ; Yes                        ; Yes                        ; 2.32 V                      ; 3.07e-09 V                  ; 2.37 V             ; -0.00994 V         ; 0.186 V                             ; 0.028 V                             ; 4.98e-10 s                 ; 4.96e-10 s                 ; Yes                       ; Yes                       ;
; HEX3[1]       ; 2.5 V        ; 0 s                 ; 0 s                 ; 2.32 V                       ; 3.07e-09 V                   ; 2.38 V              ; -0.0144 V           ; 0.227 V                              ; 0.024 V                              ; 3.14e-10 s                  ; 3.39e-10 s                  ; Yes                        ; Yes                        ; 2.32 V                      ; 3.07e-09 V                  ; 2.38 V             ; -0.0144 V          ; 0.227 V                             ; 0.024 V                             ; 3.14e-10 s                 ; 3.39e-10 s                 ; Yes                       ; Yes                       ;
; HEX3[2]       ; 2.5 V        ; 0 s                 ; 0 s                 ; 2.32 V                       ; 4.49e-09 V                   ; 2.33 V              ; -0.00467 V          ; 0.226 V                              ; 0.087 V                              ; 2.91e-09 s                  ; 2.74e-09 s                  ; Yes                        ; Yes                        ; 2.32 V                      ; 4.49e-09 V                  ; 2.33 V             ; -0.00467 V         ; 0.226 V                             ; 0.087 V                             ; 2.91e-09 s                 ; 2.74e-09 s                 ; Yes                       ; Yes                       ;
; HEX3[3]       ; 2.5 V        ; 0 s                 ; 0 s                 ; 2.32 V                       ; 4.49e-09 V                   ; 2.38 V              ; -0.00552 V          ; 0.096 V                              ; 0.019 V                              ; 4.18e-10 s                  ; 3.59e-10 s                  ; No                         ; Yes                        ; 2.32 V                      ; 4.49e-09 V                  ; 2.38 V             ; -0.00552 V         ; 0.096 V                             ; 0.019 V                             ; 4.18e-10 s                 ; 3.59e-10 s                 ; No                        ; Yes                       ;
; HEX3[4]       ; 2.5 V        ; 0 s                 ; 0 s                 ; 2.32 V                       ; 4.49e-09 V                   ; 2.38 V              ; -0.00552 V          ; 0.096 V                              ; 0.019 V                              ; 4.18e-10 s                  ; 3.59e-10 s                  ; No                         ; Yes                        ; 2.32 V                      ; 4.49e-09 V                  ; 2.38 V             ; -0.00552 V         ; 0.096 V                             ; 0.019 V                             ; 4.18e-10 s                 ; 3.59e-10 s                 ; No                        ; Yes                       ;
; HEX3[5]       ; 2.5 V        ; 0 s                 ; 0 s                 ; 2.32 V                       ; 4.49e-09 V                   ; 2.38 V              ; -0.00552 V          ; 0.096 V                              ; 0.019 V                              ; 4.18e-10 s                  ; 3.59e-10 s                  ; No                         ; Yes                        ; 2.32 V                      ; 4.49e-09 V                  ; 2.38 V             ; -0.00552 V         ; 0.096 V                             ; 0.019 V                             ; 4.18e-10 s                 ; 3.59e-10 s                 ; No                        ; Yes                       ;
; HEX3[6]       ; 2.5 V        ; 0 s                 ; 0 s                 ; 2.32 V                       ; 4.49e-09 V                   ; 2.38 V              ; -0.00552 V          ; 0.096 V                              ; 0.019 V                              ; 4.18e-10 s                  ; 3.59e-10 s                  ; No                         ; Yes                        ; 2.32 V                      ; 4.49e-09 V                  ; 2.38 V             ; -0.00552 V         ; 0.096 V                             ; 0.019 V                             ; 4.18e-10 s                 ; 3.59e-10 s                 ; No                        ; Yes                       ;
; ~ALTERA_DCLK~ ; 2.5 V        ; 0 s                 ; 0 s                 ; 2.32 V                       ; 2.67e-09 V                   ; 2.38 V              ; -0.0485 V           ; 0.167 V                              ; 0.096 V                              ; 2.95e-10 s                  ; 2.73e-10 s                  ; Yes                        ; Yes                        ; 2.32 V                      ; 2.67e-09 V                  ; 2.38 V             ; -0.0485 V          ; 0.167 V                             ; 0.096 V                             ; 2.95e-10 s                 ; 2.73e-10 s                 ; Yes                       ; Yes                       ;
; ~ALTERA_nCEO~ ; 2.5 V        ; 0 s                 ; 0 s                 ; 2.32 V                       ; 4.18e-09 V                   ; 2.38 V              ; -0.00483 V          ; 0.152 V                              ; 0.012 V                              ; 4.81e-10 s                  ; 6.29e-10 s                  ; Yes                        ; Yes                        ; 2.32 V                      ; 4.18e-09 V                  ; 2.38 V             ; -0.00483 V         ; 0.152 V                             ; 0.012 V                             ; 4.81e-10 s                 ; 6.29e-10 s                 ; Yes                       ; Yes                       ;
+---------------+--------------+---------------------+---------------------+------------------------------+------------------------------+---------------------+---------------------+--------------------------------------+--------------------------------------+-----------------------------+-----------------------------+----------------------------+----------------------------+-----------------------------+-----------------------------+--------------------+--------------------+-------------------------------------+-------------------------------------+----------------------------+----------------------------+---------------------------+---------------------------+


+--------------------------------------------------------------------------------------------------------------------------------------------------------------------------------------------------------------------------------------------------------------------------------------------------------------------------------------------------------------------------------------------------------------------------------------------------------------------------------------------------------------------------------------------------------------------------------------------------------------------------------------------------------------------------------------------+
; Signal Integrity Metrics (Slow 1200mv 85c Model)                                                                                                                                                                                                                                                                                                                                                                                                                                                                                                                                                                                                                                           ;
+---------------+--------------+---------------------+---------------------+------------------------------+------------------------------+---------------------+---------------------+--------------------------------------+--------------------------------------+-----------------------------+-----------------------------+----------------------------+----------------------------+-----------------------------+-----------------------------+--------------------+--------------------+-------------------------------------+-------------------------------------+----------------------------+----------------------------+---------------------------+---------------------------+
; Pin           ; I/O Standard ; Board Delay on Rise ; Board Delay on Fall ; Steady State Voh at FPGA Pin ; Steady State Vol at FPGA Pin ; Voh Max at FPGA Pin ; Vol Min at FPGA Pin ; Ringback Voltage on Rise at FPGA Pin ; Ringback Voltage on Fall at FPGA Pin ; 10-90 Rise Time at FPGA Pin ; 90-10 Fall Time at FPGA Pin ; Monotonic Rise at FPGA Pin ; Monotonic Fall at FPGA Pin ; Steady State Voh at Far-end ; Steady State Vol at Far-end ; Voh Max at Far-end ; Vol Min at Far-end ; Ringback Voltage on Rise at Far-end ; Ringback Voltage on Fall at Far-end ; 10-90 Rise Time at Far-end ; 90-10 Fall Time at Far-end ; Monotonic Rise at Far-end ; Monotonic Fall at Far-end ;
+---------------+--------------+---------------------+---------------------+------------------------------+------------------------------+---------------------+---------------------+--------------------------------------+--------------------------------------+-----------------------------+-----------------------------+----------------------------+----------------------------+-----------------------------+-----------------------------+--------------------+--------------------+-------------------------------------+-------------------------------------+----------------------------+----------------------------+---------------------------+---------------------------+
; Quotient[0]   ; 2.5 V        ; 0 s                 ; 0 s                 ; 2.32 V                       ; 6.92e-07 V                   ; 2.35 V              ; -0.00996 V          ; 0.121 V                              ; 0.03 V                               ; 4.64e-10 s                  ; 4.47e-10 s                  ; Yes                        ; Yes                        ; 2.32 V                      ; 6.92e-07 V                  ; 2.35 V             ; -0.00996 V         ; 0.121 V                             ; 0.03 V                              ; 4.64e-10 s                 ; 4.47e-10 s                 ; Yes                       ; Yes                       ;
; Quotient[1]   ; 2.5 V        ; 0 s                 ; 0 s                 ; 2.32 V                       ; 6.92e-07 V                   ; 2.35 V              ; -0.00996 V          ; 0.121 V                              ; 0.03 V                               ; 4.64e-10 s                  ; 4.47e-10 s                  ; Yes                        ; Yes                        ; 2.32 V                      ; 6.92e-07 V                  ; 2.35 V             ; -0.00996 V         ; 0.121 V                             ; 0.03 V                              ; 4.64e-10 s                 ; 4.47e-10 s                 ; Yes                       ; Yes                       ;
; Quotient[2]   ; 2.5 V        ; 0 s                 ; 0 s                 ; 2.32 V                       ; 6.92e-07 V                   ; 2.35 V              ; -0.00996 V          ; 0.121 V                              ; 0.03 V                               ; 4.64e-10 s                  ; 4.47e-10 s                  ; Yes                        ; Yes                        ; 2.32 V                      ; 6.92e-07 V                  ; 2.35 V             ; -0.00996 V         ; 0.121 V                             ; 0.03 V                              ; 4.64e-10 s                 ; 4.47e-10 s                 ; Yes                       ; Yes                       ;
; Quotient[3]   ; 2.5 V        ; 0 s                 ; 0 s                 ; 2.32 V                       ; 6.92e-07 V                   ; 2.35 V              ; -0.00996 V          ; 0.121 V                              ; 0.03 V                               ; 4.64e-10 s                  ; 4.47e-10 s                  ; Yes                        ; Yes                        ; 2.32 V                      ; 6.92e-07 V                  ; 2.35 V             ; -0.00996 V         ; 0.121 V                             ; 0.03 V                              ; 4.64e-10 s                 ; 4.47e-10 s                 ; Yes                       ; Yes                       ;
; Quotient[4]   ; 2.5 V        ; 0 s                 ; 0 s                 ; 2.32 V                       ; 6.92e-07 V                   ; 2.35 V              ; -0.00996 V          ; 0.121 V                              ; 0.03 V                               ; 4.64e-10 s                  ; 4.47e-10 s                  ; Yes                        ; Yes                        ; 2.32 V                      ; 6.92e-07 V                  ; 2.35 V             ; -0.00996 V         ; 0.121 V                             ; 0.03 V                              ; 4.64e-10 s                 ; 4.47e-10 s                 ; Yes                       ; Yes                       ;
; Quotient[5]   ; 2.5 V        ; 0 s                 ; 0 s                 ; 2.32 V                       ; 6.92e-07 V                   ; 2.35 V              ; -0.00996 V          ; 0.121 V                              ; 0.03 V                               ; 4.64e-10 s                  ; 4.47e-10 s                  ; Yes                        ; Yes                        ; 2.32 V                      ; 6.92e-07 V                  ; 2.35 V             ; -0.00996 V         ; 0.121 V                             ; 0.03 V                              ; 4.64e-10 s                 ; 4.47e-10 s                 ; Yes                       ; Yes                       ;
; Quotient[6]   ; 2.5 V        ; 0 s                 ; 0 s                 ; 2.32 V                       ; 6.92e-07 V                   ; 2.35 V              ; -0.00996 V          ; 0.121 V                              ; 0.03 V                               ; 4.64e-10 s                  ; 4.47e-10 s                  ; Yes                        ; Yes                        ; 2.32 V                      ; 6.92e-07 V                  ; 2.35 V             ; -0.00996 V         ; 0.121 V                             ; 0.03 V                              ; 4.64e-10 s                 ; 4.47e-10 s                 ; Yes                       ; Yes                       ;
; Quotient[7]   ; 2.5 V        ; 0 s                 ; 0 s                 ; 2.32 V                       ; 6.92e-07 V                   ; 2.35 V              ; -0.00996 V          ; 0.121 V                              ; 0.03 V                               ; 4.64e-10 s                  ; 4.47e-10 s                  ; Yes                        ; Yes                        ; 2.32 V                      ; 6.92e-07 V                  ; 2.35 V             ; -0.00996 V         ; 0.121 V                             ; 0.03 V                              ; 4.64e-10 s                 ; 4.47e-10 s                 ; Yes                       ; Yes                       ;
; Remainder[0]  ; 2.5 V        ; 0 s                 ; 0 s                 ; 2.32 V                       ; 6.92e-07 V                   ; 2.35 V              ; -0.00996 V          ; 0.121 V                              ; 0.03 V                               ; 4.64e-10 s                  ; 4.47e-10 s                  ; Yes                        ; Yes                        ; 2.32 V                      ; 6.92e-07 V                  ; 2.35 V             ; -0.00996 V         ; 0.121 V                             ; 0.03 V                              ; 4.64e-10 s                 ; 4.47e-10 s                 ; Yes                       ; Yes                       ;
; Remainder[1]  ; 2.5 V        ; 0 s                 ; 0 s                 ; 2.32 V                       ; 6.92e-07 V                   ; 2.33 V              ; -0.00265 V          ; 0.133 V                              ; 0.056 V                              ; 3.55e-09 s                  ; 3.31e-09 s                  ; Yes                        ; Yes                        ; 2.32 V                      ; 6.92e-07 V                  ; 2.33 V             ; -0.00265 V         ; 0.133 V                             ; 0.056 V                             ; 3.55e-09 s                 ; 3.31e-09 s                 ; Yes                       ; Yes                       ;
; Remainder[2]  ; 2.5 V        ; 0 s                 ; 0 s                 ; 2.32 V                       ; 6.92e-07 V                   ; 2.35 V              ; -0.00996 V          ; 0.121 V                              ; 0.03 V                               ; 4.64e-10 s                  ; 4.47e-10 s                  ; Yes                        ; Yes                        ; 2.32 V                      ; 6.92e-07 V                  ; 2.35 V             ; -0.00996 V         ; 0.121 V                             ; 0.03 V                              ; 4.64e-10 s                 ; 4.47e-10 s                 ; Yes                       ; Yes                       ;
; Remainder[3]  ; 2.5 V        ; 0 s                 ; 0 s                 ; 2.32 V                       ; 6.92e-07 V                   ; 2.35 V              ; -0.00996 V          ; 0.121 V                              ; 0.03 V                               ; 4.64e-10 s                  ; 4.47e-10 s                  ; Yes                        ; Yes                        ; 2.32 V                      ; 6.92e-07 V                  ; 2.35 V             ; -0.00996 V         ; 0.121 V                             ; 0.03 V                              ; 4.64e-10 s                 ; 4.47e-10 s                 ; Yes                       ; Yes                       ;
; Remainder[4]  ; 2.5 V        ; 0 s                 ; 0 s                 ; 2.32 V                       ; 6.92e-07 V                   ; 2.35 V              ; -0.00996 V          ; 0.121 V                              ; 0.03 V                               ; 4.64e-10 s                  ; 4.47e-10 s                  ; Yes                        ; Yes                        ; 2.32 V                      ; 6.92e-07 V                  ; 2.35 V             ; -0.00996 V         ; 0.121 V                             ; 0.03 V                              ; 4.64e-10 s                 ; 4.47e-10 s                 ; Yes                       ; Yes                       ;
; Remainder[5]  ; 2.5 V        ; 0 s                 ; 0 s                 ; 2.32 V                       ; 6.92e-07 V                   ; 2.35 V              ; -0.00996 V          ; 0.121 V                              ; 0.03 V                               ; 4.64e-10 s                  ; 4.47e-10 s                  ; Yes                        ; Yes                        ; 2.32 V                      ; 6.92e-07 V                  ; 2.35 V             ; -0.00996 V         ; 0.121 V                             ; 0.03 V                              ; 4.64e-10 s                 ; 4.47e-10 s                 ; Yes                       ; Yes                       ;
; Remainder[6]  ; 2.5 V        ; 0 s                 ; 0 s                 ; 2.32 V                       ; 6.92e-07 V                   ; 2.35 V              ; -0.00996 V          ; 0.121 V                              ; 0.03 V                               ; 4.64e-10 s                  ; 4.47e-10 s                  ; Yes                        ; Yes                        ; 2.32 V                      ; 6.92e-07 V                  ; 2.35 V             ; -0.00996 V         ; 0.121 V                             ; 0.03 V                              ; 4.64e-10 s                 ; 4.47e-10 s                 ; Yes                       ; Yes                       ;
; Remainder[7]  ; 2.5 V        ; 0 s                 ; 0 s                 ; 2.32 V                       ; 6.92e-07 V                   ; 2.33 V              ; -0.00265 V          ; 0.133 V                              ; 0.056 V                              ; 3.55e-09 s                  ; 3.31e-09 s                  ; Yes                        ; Yes                        ; 2.32 V                      ; 6.92e-07 V                  ; 2.33 V             ; -0.00265 V         ; 0.133 V                             ; 0.056 V                             ; 3.55e-09 s                 ; 3.31e-09 s                 ; Yes                       ; Yes                       ;
; HEX0[0]       ; 2.5 V        ; 0 s                 ; 0 s                 ; 2.32 V                       ; 6.92e-07 V                   ; 2.35 V              ; -0.00996 V          ; 0.121 V                              ; 0.03 V                               ; 4.64e-10 s                  ; 4.47e-10 s                  ; Yes                        ; Yes                        ; 2.32 V                      ; 6.92e-07 V                  ; 2.35 V             ; -0.00996 V         ; 0.121 V                             ; 0.03 V                              ; 4.64e-10 s                 ; 4.47e-10 s                 ; Yes                       ; Yes                       ;
; HEX0[1]       ; 2.5 V        ; 0 s                 ; 0 s                 ; 2.32 V                       ; 6.92e-07 V                   ; 2.33 V              ; -0.00265 V          ; 0.133 V                              ; 0.056 V                              ; 3.55e-09 s                  ; 3.31e-09 s                  ; Yes                        ; Yes                        ; 2.32 V                      ; 6.92e-07 V                  ; 2.33 V             ; -0.00265 V         ; 0.133 V                             ; 0.056 V                             ; 3.55e-09 s                 ; 3.31e-09 s                 ; Yes                       ; Yes                       ;
; HEX0[2]       ; 2.5 V        ; 0 s                 ; 0 s                 ; 2.32 V                       ; 6.92e-07 V                   ; 2.35 V              ; -0.00996 V          ; 0.121 V                              ; 0.03 V                               ; 4.64e-10 s                  ; 4.47e-10 s                  ; Yes                        ; Yes                        ; 2.32 V                      ; 6.92e-07 V                  ; 2.35 V             ; -0.00996 V         ; 0.121 V                             ; 0.03 V                              ; 4.64e-10 s                 ; 4.47e-10 s                 ; Yes                       ; Yes                       ;
; HEX0[3]       ; 2.5 V        ; 0 s                 ; 0 s                 ; 2.32 V                       ; 4.67e-07 V                   ; 2.36 V              ; -0.00552 V          ; 0.11 V                               ; 0.007 V                              ; 4.54e-10 s                  ; 4.35e-10 s                  ; Yes                        ; Yes                        ; 2.32 V                      ; 4.67e-07 V                  ; 2.36 V             ; -0.00552 V         ; 0.11 V                              ; 0.007 V                             ; 4.54e-10 s                 ; 4.35e-10 s                 ; Yes                       ; Yes                       ;
; HEX0[4]       ; 2.5 V        ; 0 s                 ; 0 s                 ; 2.32 V                       ; 4.67e-07 V                   ; 2.36 V              ; -0.00552 V          ; 0.11 V                               ; 0.007 V                              ; 4.54e-10 s                  ; 4.35e-10 s                  ; Yes                        ; Yes                        ; 2.32 V                      ; 4.67e-07 V                  ; 2.36 V             ; -0.00552 V         ; 0.11 V                              ; 0.007 V                             ; 4.54e-10 s                 ; 4.35e-10 s                 ; Yes                       ; Yes                       ;
; HEX0[5]       ; 2.5 V        ; 0 s                 ; 0 s                 ; 2.32 V                       ; 4.67e-07 V                   ; 2.33 V              ; -0.00269 V          ; 0.13 V                               ; 0.055 V                              ; 3.54e-09 s                  ; 3.29e-09 s                  ; Yes                        ; Yes                        ; 2.32 V                      ; 4.67e-07 V                  ; 2.33 V             ; -0.00269 V         ; 0.13 V                              ; 0.055 V                             ; 3.54e-09 s                 ; 3.29e-09 s                 ; Yes                       ; Yes                       ;
; HEX0[6]       ; 2.5 V        ; 0 s                 ; 0 s                 ; 2.32 V                       ; 4.67e-07 V                   ; 2.36 V              ; -0.00552 V          ; 0.11 V                               ; 0.007 V                              ; 4.54e-10 s                  ; 4.35e-10 s                  ; Yes                        ; Yes                        ; 2.32 V                      ; 4.67e-07 V                  ; 2.36 V             ; -0.00552 V         ; 0.11 V                              ; 0.007 V                             ; 4.54e-10 s                 ; 4.35e-10 s                 ; Yes                       ; Yes                       ;
; HEX1[0]       ; 2.5 V        ; 0 s                 ; 0 s                 ; 2.32 V                       ; 4.67e-07 V                   ; 2.36 V              ; -0.00552 V          ; 0.11 V                               ; 0.007 V                              ; 4.54e-10 s                  ; 4.35e-10 s                  ; Yes                        ; Yes                        ; 2.32 V                      ; 4.67e-07 V                  ; 2.36 V             ; -0.00552 V         ; 0.11 V                              ; 0.007 V                             ; 4.54e-10 s                 ; 4.35e-10 s                 ; Yes                       ; Yes                       ;
; HEX1[1]       ; 2.5 V        ; 0 s                 ; 0 s                 ; 2.32 V                       ; 4.67e-07 V                   ; 2.35 V              ; -0.00942 V          ; 0.116 V                              ; 0.033 V                              ; 6.66e-10 s                  ; 6.27e-10 s                  ; Yes                        ; Yes                        ; 2.32 V                      ; 4.67e-07 V                  ; 2.35 V             ; -0.00942 V         ; 0.116 V                             ; 0.033 V                             ; 6.66e-10 s                 ; 6.27e-10 s                 ; Yes                       ; Yes                       ;
; HEX1[2]       ; 2.5 V        ; 0 s                 ; 0 s                 ; 2.32 V                       ; 4.67e-07 V                   ; 2.35 V              ; -0.00942 V          ; 0.116 V                              ; 0.033 V                              ; 6.66e-10 s                  ; 6.27e-10 s                  ; Yes                        ; Yes                        ; 2.32 V                      ; 4.67e-07 V                  ; 2.35 V             ; -0.00942 V         ; 0.116 V                             ; 0.033 V                             ; 6.66e-10 s                 ; 6.27e-10 s                 ; Yes                       ; Yes                       ;
; HEX1[3]       ; 2.5 V        ; 0 s                 ; 0 s                 ; 2.32 V                       ; 4.67e-07 V                   ; 2.35 V              ; -0.00942 V          ; 0.116 V                              ; 0.033 V                              ; 6.66e-10 s                  ; 6.27e-10 s                  ; Yes                        ; Yes                        ; 2.32 V                      ; 4.67e-07 V                  ; 2.35 V             ; -0.00942 V         ; 0.116 V                             ; 0.033 V                             ; 6.66e-10 s                 ; 6.27e-10 s                 ; Yes                       ; Yes                       ;
; HEX1[4]       ; 2.5 V        ; 0 s                 ; 0 s                 ; 2.32 V                       ; 4.67e-07 V                   ; 2.35 V              ; -0.00942 V          ; 0.116 V                              ; 0.033 V                              ; 6.66e-10 s                  ; 6.27e-10 s                  ; Yes                        ; Yes                        ; 2.32 V                      ; 4.67e-07 V                  ; 2.35 V             ; -0.00942 V         ; 0.116 V                             ; 0.033 V                             ; 6.66e-10 s                 ; 6.27e-10 s                 ; Yes                       ; Yes                       ;
; HEX1[5]       ; 2.5 V        ; 0 s                 ; 0 s                 ; 2.32 V                       ; 4.67e-07 V                   ; 2.33 V              ; -0.00269 V          ; 0.13 V                               ; 0.055 V                              ; 3.54e-09 s                  ; 3.29e-09 s                  ; Yes                        ; Yes                        ; 2.32 V                      ; 4.67e-07 V                  ; 2.33 V             ; -0.00269 V         ; 0.13 V                              ; 0.055 V                             ; 3.54e-09 s                 ; 3.29e-09 s                 ; Yes                       ; Yes                       ;
; HEX1[6]       ; 2.5 V        ; 0 s                 ; 0 s                 ; 2.32 V                       ; 4.67e-07 V                   ; 2.33 V              ; -0.00269 V          ; 0.13 V                               ; 0.055 V                              ; 3.54e-09 s                  ; 3.29e-09 s                  ; Yes                        ; Yes                        ; 2.32 V                      ; 4.67e-07 V                  ; 2.33 V             ; -0.00269 V         ; 0.13 V                              ; 0.055 V                             ; 3.54e-09 s                 ; 3.29e-09 s                 ; Yes                       ; Yes                       ;
; HEX2[0]       ; 2.5 V        ; 0 s                 ; 0 s                 ; 2.32 V                       ; 4.67e-07 V                   ; 2.35 V              ; -0.00942 V          ; 0.116 V                              ; 0.033 V                              ; 6.66e-10 s                  ; 6.27e-10 s                  ; Yes                        ; Yes                        ; 2.32 V                      ; 4.67e-07 V                  ; 2.35 V             ; -0.00942 V         ; 0.116 V                             ; 0.033 V                             ; 6.66e-10 s                 ; 6.27e-10 s                 ; Yes                       ; Yes                       ;
; HEX2[1]       ; 2.5 V        ; 0 s                 ; 0 s                 ; 2.32 V                       ; 4.67e-07 V                   ; 2.35 V              ; -0.00942 V          ; 0.116 V                              ; 0.033 V                              ; 6.66e-10 s                  ; 6.27e-10 s                  ; Yes                        ; Yes                        ; 2.32 V                      ; 4.67e-07 V                  ; 2.35 V             ; -0.00942 V         ; 0.116 V                             ; 0.033 V                             ; 6.66e-10 s                 ; 6.27e-10 s                 ; Yes                       ; Yes                       ;
; HEX2[2]       ; 2.5 V        ; 0 s                 ; 0 s                 ; 2.32 V                       ; 4.67e-07 V                   ; 2.35 V              ; -0.00942 V          ; 0.116 V                              ; 0.033 V                              ; 6.66e-10 s                  ; 6.27e-10 s                  ; Yes                        ; Yes                        ; 2.32 V                      ; 4.67e-07 V                  ; 2.35 V             ; -0.00942 V         ; 0.116 V                             ; 0.033 V                             ; 6.66e-10 s                 ; 6.27e-10 s                 ; Yes                       ; Yes                       ;
; HEX2[3]       ; 2.5 V        ; 0 s                 ; 0 s                 ; 2.32 V                       ; 4.67e-07 V                   ; 2.35 V              ; -0.00942 V          ; 0.116 V                              ; 0.033 V                              ; 6.66e-10 s                  ; 6.27e-10 s                  ; Yes                        ; Yes                        ; 2.32 V                      ; 4.67e-07 V                  ; 2.35 V             ; -0.00942 V         ; 0.116 V                             ; 0.033 V                             ; 6.66e-10 s                 ; 6.27e-10 s                 ; Yes                       ; Yes                       ;
; HEX2[4]       ; 2.5 V        ; 0 s                 ; 0 s                 ; 2.32 V                       ; 4.67e-07 V                   ; 2.35 V              ; -0.00942 V          ; 0.116 V                              ; 0.033 V                              ; 6.66e-10 s                  ; 6.27e-10 s                  ; Yes                        ; Yes                        ; 2.32 V                      ; 4.67e-07 V                  ; 2.35 V             ; -0.00942 V         ; 0.116 V                             ; 0.033 V                             ; 6.66e-10 s                 ; 6.27e-10 s                 ; Yes                       ; Yes                       ;
; HEX2[5]       ; 2.5 V        ; 0 s                 ; 0 s                 ; 2.32 V                       ; 4.67e-07 V                   ; 2.35 V              ; -0.00942 V          ; 0.116 V                              ; 0.033 V                              ; 6.66e-10 s                  ; 6.27e-10 s                  ; Yes                        ; Yes                        ; 2.32 V                      ; 4.67e-07 V                  ; 2.35 V             ; -0.00942 V         ; 0.116 V                             ; 0.033 V                             ; 6.66e-10 s                 ; 6.27e-10 s                 ; Yes                       ; Yes                       ;
; HEX2[6]       ; 2.5 V        ; 0 s                 ; 0 s                 ; 2.32 V                       ; 4.67e-07 V                   ; 2.35 V              ; -0.00942 V          ; 0.116 V                              ; 0.033 V                              ; 6.66e-10 s                  ; 6.27e-10 s                  ; Yes                        ; Yes                        ; 2.32 V                      ; 4.67e-07 V                  ; 2.35 V             ; -0.00942 V         ; 0.116 V                             ; 0.033 V                             ; 6.66e-10 s                 ; 6.27e-10 s                 ; Yes                       ; Yes                       ;
; HEX3[0]       ; 2.5 V        ; 0 s                 ; 0 s                 ; 2.32 V                       ; 4.67e-07 V                   ; 2.35 V              ; -0.00942 V          ; 0.116 V                              ; 0.033 V                              ; 6.66e-10 s                  ; 6.27e-10 s                  ; Yes                        ; Yes                        ; 2.32 V                      ; 4.67e-07 V                  ; 2.35 V             ; -0.00942 V         ; 0.116 V                             ; 0.033 V                             ; 6.66e-10 s                 ; 6.27e-10 s                 ; Yes                       ; Yes                       ;
; HEX3[1]       ; 2.5 V        ; 0 s                 ; 0 s                 ; 2.32 V                       ; 4.67e-07 V                   ; 2.36 V              ; -0.00552 V          ; 0.11 V                               ; 0.007 V                              ; 4.54e-10 s                  ; 4.35e-10 s                  ; Yes                        ; Yes                        ; 2.32 V                      ; 4.67e-07 V                  ; 2.36 V             ; -0.00552 V         ; 0.11 V                              ; 0.007 V                             ; 4.54e-10 s                 ; 4.35e-10 s                 ; Yes                       ; Yes                       ;
; HEX3[2]       ; 2.5 V        ; 0 s                 ; 0 s                 ; 2.32 V                       ; 6.92e-07 V                   ; 2.33 V              ; -0.00265 V          ; 0.133 V                              ; 0.056 V                              ; 3.55e-09 s                  ; 3.31e-09 s                  ; Yes                        ; Yes                        ; 2.32 V                      ; 6.92e-07 V                  ; 2.33 V             ; -0.00265 V         ; 0.133 V                             ; 0.056 V                             ; 3.55e-09 s                 ; 3.31e-09 s                 ; Yes                       ; Yes                       ;
; HEX3[3]       ; 2.5 V        ; 0 s                 ; 0 s                 ; 2.32 V                       ; 6.92e-07 V                   ; 2.35 V              ; -0.00996 V          ; 0.121 V                              ; 0.03 V                               ; 4.64e-10 s                  ; 4.47e-10 s                  ; Yes                        ; Yes                        ; 2.32 V                      ; 6.92e-07 V                  ; 2.35 V             ; -0.00996 V         ; 0.121 V                             ; 0.03 V                              ; 4.64e-10 s                 ; 4.47e-10 s                 ; Yes                       ; Yes                       ;
; HEX3[4]       ; 2.5 V        ; 0 s                 ; 0 s                 ; 2.32 V                       ; 6.92e-07 V                   ; 2.35 V              ; -0.00996 V          ; 0.121 V                              ; 0.03 V                               ; 4.64e-10 s                  ; 4.47e-10 s                  ; Yes                        ; Yes                        ; 2.32 V                      ; 6.92e-07 V                  ; 2.35 V             ; -0.00996 V         ; 0.121 V                             ; 0.03 V                              ; 4.64e-10 s                 ; 4.47e-10 s                 ; Yes                       ; Yes                       ;
; HEX3[5]       ; 2.5 V        ; 0 s                 ; 0 s                 ; 2.32 V                       ; 6.92e-07 V                   ; 2.35 V              ; -0.00996 V          ; 0.121 V                              ; 0.03 V                               ; 4.64e-10 s                  ; 4.47e-10 s                  ; Yes                        ; Yes                        ; 2.32 V                      ; 6.92e-07 V                  ; 2.35 V             ; -0.00996 V         ; 0.121 V                             ; 0.03 V                              ; 4.64e-10 s                 ; 4.47e-10 s                 ; Yes                       ; Yes                       ;
; HEX3[6]       ; 2.5 V        ; 0 s                 ; 0 s                 ; 2.32 V                       ; 6.92e-07 V                   ; 2.35 V              ; -0.00996 V          ; 0.121 V                              ; 0.03 V                               ; 4.64e-10 s                  ; 4.47e-10 s                  ; Yes                        ; Yes                        ; 2.32 V                      ; 6.92e-07 V                  ; 2.35 V             ; -0.00996 V         ; 0.121 V                             ; 0.03 V                              ; 4.64e-10 s                 ; 4.47e-10 s                 ; Yes                       ; Yes                       ;
; ~ALTERA_DCLK~ ; 2.5 V        ; 0 s                 ; 0 s                 ; 2.32 V                       ; 3.75e-07 V                   ; 2.35 V              ; -0.0109 V           ; 0.084 V                              ; 0.027 V                              ; 4.31e-10 s                  ; 3.61e-10 s                  ; Yes                        ; Yes                        ; 2.32 V                      ; 3.75e-07 V                  ; 2.35 V             ; -0.0109 V          ; 0.084 V                             ; 0.027 V                             ; 4.31e-10 s                 ; 3.61e-10 s                 ; Yes                       ; Yes                       ;
; ~ALTERA_nCEO~ ; 2.5 V        ; 0 s                 ; 0 s                 ; 2.32 V                       ; 6.15e-07 V                   ; 2.35 V              ; -0.00712 V          ; 0.093 V                              ; 0.02 V                               ; 6.21e-10 s                  ; 7.9e-10 s                   ; Yes                        ; Yes                        ; 2.32 V                      ; 6.15e-07 V                  ; 2.35 V             ; -0.00712 V         ; 0.093 V                             ; 0.02 V                              ; 6.21e-10 s                 ; 7.9e-10 s                  ; Yes                       ; Yes                       ;
+---------------+--------------+---------------------+---------------------+------------------------------+------------------------------+---------------------+---------------------+--------------------------------------+--------------------------------------+-----------------------------+-----------------------------+----------------------------+----------------------------+-----------------------------+-----------------------------+--------------------+--------------------+-------------------------------------+-------------------------------------+----------------------------+----------------------------+---------------------------+---------------------------+


+--------------------------------------------------------------------------------------------------------------------------------------------------------------------------------------------------------------------------------------------------------------------------------------------------------------------------------------------------------------------------------------------------------------------------------------------------------------------------------------------------------------------------------------------------------------------------------------------------------------------------------------------------------------------------------------------+
; Signal Integrity Metrics (Fast 1200mv 0c Model)                                                                                                                                                                                                                                                                                                                                                                                                                                                                                                                                                                                                                                            ;
+---------------+--------------+---------------------+---------------------+------------------------------+------------------------------+---------------------+---------------------+--------------------------------------+--------------------------------------+-----------------------------+-----------------------------+----------------------------+----------------------------+-----------------------------+-----------------------------+--------------------+--------------------+-------------------------------------+-------------------------------------+----------------------------+----------------------------+---------------------------+---------------------------+
; Pin           ; I/O Standard ; Board Delay on Rise ; Board Delay on Fall ; Steady State Voh at FPGA Pin ; Steady State Vol at FPGA Pin ; Voh Max at FPGA Pin ; Vol Min at FPGA Pin ; Ringback Voltage on Rise at FPGA Pin ; Ringback Voltage on Fall at FPGA Pin ; 10-90 Rise Time at FPGA Pin ; 90-10 Fall Time at FPGA Pin ; Monotonic Rise at FPGA Pin ; Monotonic Fall at FPGA Pin ; Steady State Voh at Far-end ; Steady State Vol at Far-end ; Voh Max at Far-end ; Vol Min at Far-end ; Ringback Voltage on Rise at Far-end ; Ringback Voltage on Fall at Far-end ; 10-90 Rise Time at Far-end ; 90-10 Fall Time at Far-end ; Monotonic Rise at Far-end ; Monotonic Fall at Far-end ;
+---------------+--------------+---------------------+---------------------+------------------------------+------------------------------+---------------------+---------------------+--------------------------------------+--------------------------------------+-----------------------------+-----------------------------+----------------------------+----------------------------+-----------------------------+-----------------------------+--------------------+--------------------+-------------------------------------+-------------------------------------+----------------------------+----------------------------+---------------------------+---------------------------+
; Quotient[0]   ; 2.5 V        ; 0 s                 ; 0 s                 ; 2.62 V                       ; 4.05e-08 V                   ; 2.72 V              ; -0.0349 V           ; 0.173 V                              ; 0.1 V                                ; 2.72e-10 s                  ; 2.69e-10 s                  ; Yes                        ; Yes                        ; 2.62 V                      ; 4.05e-08 V                  ; 2.72 V             ; -0.0349 V          ; 0.173 V                             ; 0.1 V                               ; 2.72e-10 s                 ; 2.69e-10 s                 ; Yes                       ; Yes                       ;
; Quotient[1]   ; 2.5 V        ; 0 s                 ; 0 s                 ; 2.62 V                       ; 4.05e-08 V                   ; 2.72 V              ; -0.0349 V           ; 0.173 V                              ; 0.1 V                                ; 2.72e-10 s                  ; 2.69e-10 s                  ; Yes                        ; Yes                        ; 2.62 V                      ; 4.05e-08 V                  ; 2.72 V             ; -0.0349 V          ; 0.173 V                             ; 0.1 V                               ; 2.72e-10 s                 ; 2.69e-10 s                 ; Yes                       ; Yes                       ;
; Quotient[2]   ; 2.5 V        ; 0 s                 ; 0 s                 ; 2.62 V                       ; 4.05e-08 V                   ; 2.72 V              ; -0.0349 V           ; 0.173 V                              ; 0.1 V                                ; 2.72e-10 s                  ; 2.69e-10 s                  ; Yes                        ; Yes                        ; 2.62 V                      ; 4.05e-08 V                  ; 2.72 V             ; -0.0349 V          ; 0.173 V                             ; 0.1 V                               ; 2.72e-10 s                 ; 2.69e-10 s                 ; Yes                       ; Yes                       ;
; Quotient[3]   ; 2.5 V        ; 0 s                 ; 0 s                 ; 2.62 V                       ; 4.05e-08 V                   ; 2.72 V              ; -0.0349 V           ; 0.173 V                              ; 0.1 V                                ; 2.72e-10 s                  ; 2.69e-10 s                  ; Yes                        ; Yes                        ; 2.62 V                      ; 4.05e-08 V                  ; 2.72 V             ; -0.0349 V          ; 0.173 V                             ; 0.1 V                               ; 2.72e-10 s                 ; 2.69e-10 s                 ; Yes                       ; Yes                       ;
; Quotient[4]   ; 2.5 V        ; 0 s                 ; 0 s                 ; 2.62 V                       ; 4.05e-08 V                   ; 2.72 V              ; -0.0349 V           ; 0.173 V                              ; 0.1 V                                ; 2.72e-10 s                  ; 2.69e-10 s                  ; Yes                        ; Yes                        ; 2.62 V                      ; 4.05e-08 V                  ; 2.72 V             ; -0.0349 V          ; 0.173 V                             ; 0.1 V                               ; 2.72e-10 s                 ; 2.69e-10 s                 ; Yes                       ; Yes                       ;
; Quotient[5]   ; 2.5 V        ; 0 s                 ; 0 s                 ; 2.62 V                       ; 4.05e-08 V                   ; 2.72 V              ; -0.0349 V           ; 0.173 V                              ; 0.1 V                                ; 2.72e-10 s                  ; 2.69e-10 s                  ; Yes                        ; Yes                        ; 2.62 V                      ; 4.05e-08 V                  ; 2.72 V             ; -0.0349 V          ; 0.173 V                             ; 0.1 V                               ; 2.72e-10 s                 ; 2.69e-10 s                 ; Yes                       ; Yes                       ;
; Quotient[6]   ; 2.5 V        ; 0 s                 ; 0 s                 ; 2.62 V                       ; 4.05e-08 V                   ; 2.72 V              ; -0.0349 V           ; 0.173 V                              ; 0.1 V                                ; 2.72e-10 s                  ; 2.69e-10 s                  ; Yes                        ; Yes                        ; 2.62 V                      ; 4.05e-08 V                  ; 2.72 V             ; -0.0349 V          ; 0.173 V                             ; 0.1 V                               ; 2.72e-10 s                 ; 2.69e-10 s                 ; Yes                       ; Yes                       ;
; Quotient[7]   ; 2.5 V        ; 0 s                 ; 0 s                 ; 2.62 V                       ; 4.05e-08 V                   ; 2.72 V              ; -0.0349 V           ; 0.173 V                              ; 0.1 V                                ; 2.72e-10 s                  ; 2.69e-10 s                  ; Yes                        ; Yes                        ; 2.62 V                      ; 4.05e-08 V                  ; 2.72 V             ; -0.0349 V          ; 0.173 V                             ; 0.1 V                               ; 2.72e-10 s                 ; 2.69e-10 s                 ; Yes                       ; Yes                       ;
; Remainder[0]  ; 2.5 V        ; 0 s                 ; 0 s                 ; 2.62 V                       ; 4.05e-08 V                   ; 2.72 V              ; -0.0349 V           ; 0.173 V                              ; 0.1 V                                ; 2.72e-10 s                  ; 2.69e-10 s                  ; Yes                        ; Yes                        ; 2.62 V                      ; 4.05e-08 V                  ; 2.72 V             ; -0.0349 V          ; 0.173 V                             ; 0.1 V                               ; 2.72e-10 s                 ; 2.69e-10 s                 ; Yes                       ; Yes                       ;
; Remainder[1]  ; 2.5 V        ; 0 s                 ; 0 s                 ; 2.62 V                       ; 4.05e-08 V                   ; 2.64 V              ; -0.0113 V           ; 0.208 V                              ; 0.179 V                              ; 2.38e-09 s                  ; 2.23e-09 s                  ; No                         ; Yes                        ; 2.62 V                      ; 4.05e-08 V                  ; 2.64 V             ; -0.0113 V          ; 0.208 V                             ; 0.179 V                             ; 2.38e-09 s                 ; 2.23e-09 s                 ; No                        ; Yes                       ;
; Remainder[2]  ; 2.5 V        ; 0 s                 ; 0 s                 ; 2.62 V                       ; 4.05e-08 V                   ; 2.72 V              ; -0.0349 V           ; 0.173 V                              ; 0.1 V                                ; 2.72e-10 s                  ; 2.69e-10 s                  ; Yes                        ; Yes                        ; 2.62 V                      ; 4.05e-08 V                  ; 2.72 V             ; -0.0349 V          ; 0.173 V                             ; 0.1 V                               ; 2.72e-10 s                 ; 2.69e-10 s                 ; Yes                       ; Yes                       ;
; Remainder[3]  ; 2.5 V        ; 0 s                 ; 0 s                 ; 2.62 V                       ; 4.05e-08 V                   ; 2.72 V              ; -0.0349 V           ; 0.173 V                              ; 0.1 V                                ; 2.72e-10 s                  ; 2.69e-10 s                  ; Yes                        ; Yes                        ; 2.62 V                      ; 4.05e-08 V                  ; 2.72 V             ; -0.0349 V          ; 0.173 V                             ; 0.1 V                               ; 2.72e-10 s                 ; 2.69e-10 s                 ; Yes                       ; Yes                       ;
; Remainder[4]  ; 2.5 V        ; 0 s                 ; 0 s                 ; 2.62 V                       ; 4.05e-08 V                   ; 2.72 V              ; -0.0349 V           ; 0.173 V                              ; 0.1 V                                ; 2.72e-10 s                  ; 2.69e-10 s                  ; Yes                        ; Yes                        ; 2.62 V                      ; 4.05e-08 V                  ; 2.72 V             ; -0.0349 V          ; 0.173 V                             ; 0.1 V                               ; 2.72e-10 s                 ; 2.69e-10 s                 ; Yes                       ; Yes                       ;
; Remainder[5]  ; 2.5 V        ; 0 s                 ; 0 s                 ; 2.62 V                       ; 4.05e-08 V                   ; 2.72 V              ; -0.0349 V           ; 0.173 V                              ; 0.1 V                                ; 2.72e-10 s                  ; 2.69e-10 s                  ; Yes                        ; Yes                        ; 2.62 V                      ; 4.05e-08 V                  ; 2.72 V             ; -0.0349 V          ; 0.173 V                             ; 0.1 V                               ; 2.72e-10 s                 ; 2.69e-10 s                 ; Yes                       ; Yes                       ;
; Remainder[6]  ; 2.5 V        ; 0 s                 ; 0 s                 ; 2.62 V                       ; 4.05e-08 V                   ; 2.72 V              ; -0.0349 V           ; 0.173 V                              ; 0.1 V                                ; 2.72e-10 s                  ; 2.69e-10 s                  ; Yes                        ; Yes                        ; 2.62 V                      ; 4.05e-08 V                  ; 2.72 V             ; -0.0349 V          ; 0.173 V                             ; 0.1 V                               ; 2.72e-10 s                 ; 2.69e-10 s                 ; Yes                       ; Yes                       ;
; Remainder[7]  ; 2.5 V        ; 0 s                 ; 0 s                 ; 2.62 V                       ; 4.05e-08 V                   ; 2.64 V              ; -0.0113 V           ; 0.208 V                              ; 0.179 V                              ; 2.38e-09 s                  ; 2.23e-09 s                  ; No                         ; Yes                        ; 2.62 V                      ; 4.05e-08 V                  ; 2.64 V             ; -0.0113 V          ; 0.208 V                             ; 0.179 V                             ; 2.38e-09 s                 ; 2.23e-09 s                 ; No                        ; Yes                       ;
; HEX0[0]       ; 2.5 V        ; 0 s                 ; 0 s                 ; 2.62 V                       ; 4.05e-08 V                   ; 2.72 V              ; -0.0349 V           ; 0.173 V                              ; 0.1 V                                ; 2.72e-10 s                  ; 2.69e-10 s                  ; Yes                        ; Yes                        ; 2.62 V                      ; 4.05e-08 V                  ; 2.72 V             ; -0.0349 V          ; 0.173 V                             ; 0.1 V                               ; 2.72e-10 s                 ; 2.69e-10 s                 ; Yes                       ; Yes                       ;
; HEX0[1]       ; 2.5 V        ; 0 s                 ; 0 s                 ; 2.62 V                       ; 4.05e-08 V                   ; 2.64 V              ; -0.0113 V           ; 0.208 V                              ; 0.179 V                              ; 2.38e-09 s                  ; 2.23e-09 s                  ; No                         ; Yes                        ; 2.62 V                      ; 4.05e-08 V                  ; 2.64 V             ; -0.0113 V          ; 0.208 V                             ; 0.179 V                             ; 2.38e-09 s                 ; 2.23e-09 s                 ; No                        ; Yes                       ;
; HEX0[2]       ; 2.5 V        ; 0 s                 ; 0 s                 ; 2.62 V                       ; 4.05e-08 V                   ; 2.72 V              ; -0.0349 V           ; 0.173 V                              ; 0.1 V                                ; 2.72e-10 s                  ; 2.69e-10 s                  ; Yes                        ; Yes                        ; 2.62 V                      ; 4.05e-08 V                  ; 2.72 V             ; -0.0349 V          ; 0.173 V                             ; 0.1 V                               ; 2.72e-10 s                 ; 2.69e-10 s                 ; Yes                       ; Yes                       ;
; HEX0[3]       ; 2.5 V        ; 0 s                 ; 0 s                 ; 2.62 V                       ; 2.74e-08 V                   ; 2.73 V              ; -0.0384 V           ; 0.169 V                              ; 0.089 V                              ; 2.7e-10 s                   ; 2.62e-10 s                  ; Yes                        ; Yes                        ; 2.62 V                      ; 2.74e-08 V                  ; 2.73 V             ; -0.0384 V          ; 0.169 V                             ; 0.089 V                             ; 2.7e-10 s                  ; 2.62e-10 s                 ; Yes                       ; Yes                       ;
; HEX0[4]       ; 2.5 V        ; 0 s                 ; 0 s                 ; 2.62 V                       ; 2.74e-08 V                   ; 2.73 V              ; -0.0384 V           ; 0.169 V                              ; 0.089 V                              ; 2.7e-10 s                   ; 2.62e-10 s                  ; Yes                        ; Yes                        ; 2.62 V                      ; 2.74e-08 V                  ; 2.73 V             ; -0.0384 V          ; 0.169 V                             ; 0.089 V                             ; 2.7e-10 s                  ; 2.62e-10 s                 ; Yes                       ; Yes                       ;
; HEX0[5]       ; 2.5 V        ; 0 s                 ; 0 s                 ; 2.62 V                       ; 2.74e-08 V                   ; 2.64 V              ; -0.0117 V           ; 0.202 V                              ; 0.176 V                              ; 2.38e-09 s                  ; 2.22e-09 s                  ; No                         ; Yes                        ; 2.62 V                      ; 2.74e-08 V                  ; 2.64 V             ; -0.0117 V          ; 0.202 V                             ; 0.176 V                             ; 2.38e-09 s                 ; 2.22e-09 s                 ; No                        ; Yes                       ;
; HEX0[6]       ; 2.5 V        ; 0 s                 ; 0 s                 ; 2.62 V                       ; 2.74e-08 V                   ; 2.73 V              ; -0.0384 V           ; 0.169 V                              ; 0.089 V                              ; 2.7e-10 s                   ; 2.62e-10 s                  ; Yes                        ; Yes                        ; 2.62 V                      ; 2.74e-08 V                  ; 2.73 V             ; -0.0384 V          ; 0.169 V                             ; 0.089 V                             ; 2.7e-10 s                  ; 2.62e-10 s                 ; Yes                       ; Yes                       ;
; HEX1[0]       ; 2.5 V        ; 0 s                 ; 0 s                 ; 2.62 V                       ; 2.74e-08 V                   ; 2.73 V              ; -0.0384 V           ; 0.169 V                              ; 0.089 V                              ; 2.7e-10 s                   ; 2.62e-10 s                  ; Yes                        ; Yes                        ; 2.62 V                      ; 2.74e-08 V                  ; 2.73 V             ; -0.0384 V          ; 0.169 V                             ; 0.089 V                             ; 2.7e-10 s                  ; 2.62e-10 s                 ; Yes                       ; Yes                       ;
; HEX1[1]       ; 2.5 V        ; 0 s                 ; 0 s                 ; 2.62 V                       ; 2.74e-08 V                   ; 2.71 V              ; -0.0317 V           ; 0.148 V                              ; 0.064 V                              ; 4.51e-10 s                  ; 4.15e-10 s                  ; No                         ; Yes                        ; 2.62 V                      ; 2.74e-08 V                  ; 2.71 V             ; -0.0317 V          ; 0.148 V                             ; 0.064 V                             ; 4.51e-10 s                 ; 4.15e-10 s                 ; No                        ; Yes                       ;
; HEX1[2]       ; 2.5 V        ; 0 s                 ; 0 s                 ; 2.62 V                       ; 2.74e-08 V                   ; 2.71 V              ; -0.0317 V           ; 0.148 V                              ; 0.064 V                              ; 4.51e-10 s                  ; 4.15e-10 s                  ; No                         ; Yes                        ; 2.62 V                      ; 2.74e-08 V                  ; 2.71 V             ; -0.0317 V          ; 0.148 V                             ; 0.064 V                             ; 4.51e-10 s                 ; 4.15e-10 s                 ; No                        ; Yes                       ;
; HEX1[3]       ; 2.5 V        ; 0 s                 ; 0 s                 ; 2.62 V                       ; 2.74e-08 V                   ; 2.71 V              ; -0.0317 V           ; 0.148 V                              ; 0.064 V                              ; 4.51e-10 s                  ; 4.15e-10 s                  ; No                         ; Yes                        ; 2.62 V                      ; 2.74e-08 V                  ; 2.71 V             ; -0.0317 V          ; 0.148 V                             ; 0.064 V                             ; 4.51e-10 s                 ; 4.15e-10 s                 ; No                        ; Yes                       ;
; HEX1[4]       ; 2.5 V        ; 0 s                 ; 0 s                 ; 2.62 V                       ; 2.74e-08 V                   ; 2.71 V              ; -0.0317 V           ; 0.148 V                              ; 0.064 V                              ; 4.51e-10 s                  ; 4.15e-10 s                  ; No                         ; Yes                        ; 2.62 V                      ; 2.74e-08 V                  ; 2.71 V             ; -0.0317 V          ; 0.148 V                             ; 0.064 V                             ; 4.51e-10 s                 ; 4.15e-10 s                 ; No                        ; Yes                       ;
; HEX1[5]       ; 2.5 V        ; 0 s                 ; 0 s                 ; 2.62 V                       ; 2.74e-08 V                   ; 2.64 V              ; -0.0117 V           ; 0.202 V                              ; 0.176 V                              ; 2.38e-09 s                  ; 2.22e-09 s                  ; No                         ; Yes                        ; 2.62 V                      ; 2.74e-08 V                  ; 2.64 V             ; -0.0117 V          ; 0.202 V                             ; 0.176 V                             ; 2.38e-09 s                 ; 2.22e-09 s                 ; No                        ; Yes                       ;
; HEX1[6]       ; 2.5 V        ; 0 s                 ; 0 s                 ; 2.62 V                       ; 2.74e-08 V                   ; 2.64 V              ; -0.0117 V           ; 0.202 V                              ; 0.176 V                              ; 2.38e-09 s                  ; 2.22e-09 s                  ; No                         ; Yes                        ; 2.62 V                      ; 2.74e-08 V                  ; 2.64 V             ; -0.0117 V          ; 0.202 V                             ; 0.176 V                             ; 2.38e-09 s                 ; 2.22e-09 s                 ; No                        ; Yes                       ;
; HEX2[0]       ; 2.5 V        ; 0 s                 ; 0 s                 ; 2.62 V                       ; 2.74e-08 V                   ; 2.71 V              ; -0.0317 V           ; 0.148 V                              ; 0.064 V                              ; 4.51e-10 s                  ; 4.15e-10 s                  ; No                         ; Yes                        ; 2.62 V                      ; 2.74e-08 V                  ; 2.71 V             ; -0.0317 V          ; 0.148 V                             ; 0.064 V                             ; 4.51e-10 s                 ; 4.15e-10 s                 ; No                        ; Yes                       ;
; HEX2[1]       ; 2.5 V        ; 0 s                 ; 0 s                 ; 2.62 V                       ; 2.74e-08 V                   ; 2.71 V              ; -0.0317 V           ; 0.148 V                              ; 0.064 V                              ; 4.51e-10 s                  ; 4.15e-10 s                  ; No                         ; Yes                        ; 2.62 V                      ; 2.74e-08 V                  ; 2.71 V             ; -0.0317 V          ; 0.148 V                             ; 0.064 V                             ; 4.51e-10 s                 ; 4.15e-10 s                 ; No                        ; Yes                       ;
; HEX2[2]       ; 2.5 V        ; 0 s                 ; 0 s                 ; 2.62 V                       ; 2.74e-08 V                   ; 2.71 V              ; -0.0317 V           ; 0.148 V                              ; 0.064 V                              ; 4.51e-10 s                  ; 4.15e-10 s                  ; No                         ; Yes                        ; 2.62 V                      ; 2.74e-08 V                  ; 2.71 V             ; -0.0317 V          ; 0.148 V                             ; 0.064 V                             ; 4.51e-10 s                 ; 4.15e-10 s                 ; No                        ; Yes                       ;
; HEX2[3]       ; 2.5 V        ; 0 s                 ; 0 s                 ; 2.62 V                       ; 2.74e-08 V                   ; 2.71 V              ; -0.0317 V           ; 0.148 V                              ; 0.064 V                              ; 4.51e-10 s                  ; 4.15e-10 s                  ; No                         ; Yes                        ; 2.62 V                      ; 2.74e-08 V                  ; 2.71 V             ; -0.0317 V          ; 0.148 V                             ; 0.064 V                             ; 4.51e-10 s                 ; 4.15e-10 s                 ; No                        ; Yes                       ;
; HEX2[4]       ; 2.5 V        ; 0 s                 ; 0 s                 ; 2.62 V                       ; 2.74e-08 V                   ; 2.71 V              ; -0.0317 V           ; 0.148 V                              ; 0.064 V                              ; 4.51e-10 s                  ; 4.15e-10 s                  ; No                         ; Yes                        ; 2.62 V                      ; 2.74e-08 V                  ; 2.71 V             ; -0.0317 V          ; 0.148 V                             ; 0.064 V                             ; 4.51e-10 s                 ; 4.15e-10 s                 ; No                        ; Yes                       ;
; HEX2[5]       ; 2.5 V        ; 0 s                 ; 0 s                 ; 2.62 V                       ; 2.74e-08 V                   ; 2.71 V              ; -0.0317 V           ; 0.148 V                              ; 0.064 V                              ; 4.51e-10 s                  ; 4.15e-10 s                  ; No                         ; Yes                        ; 2.62 V                      ; 2.74e-08 V                  ; 2.71 V             ; -0.0317 V          ; 0.148 V                             ; 0.064 V                             ; 4.51e-10 s                 ; 4.15e-10 s                 ; No                        ; Yes                       ;
; HEX2[6]       ; 2.5 V        ; 0 s                 ; 0 s                 ; 2.62 V                       ; 2.74e-08 V                   ; 2.71 V              ; -0.0317 V           ; 0.148 V                              ; 0.064 V                              ; 4.51e-10 s                  ; 4.15e-10 s                  ; No                         ; Yes                        ; 2.62 V                      ; 2.74e-08 V                  ; 2.71 V             ; -0.0317 V          ; 0.148 V                             ; 0.064 V                             ; 4.51e-10 s                 ; 4.15e-10 s                 ; No                        ; Yes                       ;
; HEX3[0]       ; 2.5 V        ; 0 s                 ; 0 s                 ; 2.62 V                       ; 2.74e-08 V                   ; 2.71 V              ; -0.0317 V           ; 0.148 V                              ; 0.064 V                              ; 4.51e-10 s                  ; 4.15e-10 s                  ; No                         ; Yes                        ; 2.62 V                      ; 2.74e-08 V                  ; 2.71 V             ; -0.0317 V          ; 0.148 V                             ; 0.064 V                             ; 4.51e-10 s                 ; 4.15e-10 s                 ; No                        ; Yes                       ;
; HEX3[1]       ; 2.5 V        ; 0 s                 ; 0 s                 ; 2.62 V                       ; 2.74e-08 V                   ; 2.73 V              ; -0.0384 V           ; 0.169 V                              ; 0.089 V                              ; 2.7e-10 s                   ; 2.62e-10 s                  ; Yes                        ; Yes                        ; 2.62 V                      ; 2.74e-08 V                  ; 2.73 V             ; -0.0384 V          ; 0.169 V                             ; 0.089 V                             ; 2.7e-10 s                  ; 2.62e-10 s                 ; Yes                       ; Yes                       ;
; HEX3[2]       ; 2.5 V        ; 0 s                 ; 0 s                 ; 2.62 V                       ; 4.05e-08 V                   ; 2.64 V              ; -0.0113 V           ; 0.208 V                              ; 0.179 V                              ; 2.38e-09 s                  ; 2.23e-09 s                  ; No                         ; Yes                        ; 2.62 V                      ; 4.05e-08 V                  ; 2.64 V             ; -0.0113 V          ; 0.208 V                             ; 0.179 V                             ; 2.38e-09 s                 ; 2.23e-09 s                 ; No                        ; Yes                       ;
; HEX3[3]       ; 2.5 V        ; 0 s                 ; 0 s                 ; 2.62 V                       ; 4.05e-08 V                   ; 2.72 V              ; -0.0349 V           ; 0.173 V                              ; 0.1 V                                ; 2.72e-10 s                  ; 2.69e-10 s                  ; Yes                        ; Yes                        ; 2.62 V                      ; 4.05e-08 V                  ; 2.72 V             ; -0.0349 V          ; 0.173 V                             ; 0.1 V                               ; 2.72e-10 s                 ; 2.69e-10 s                 ; Yes                       ; Yes                       ;
; HEX3[4]       ; 2.5 V        ; 0 s                 ; 0 s                 ; 2.62 V                       ; 4.05e-08 V                   ; 2.72 V              ; -0.0349 V           ; 0.173 V                              ; 0.1 V                                ; 2.72e-10 s                  ; 2.69e-10 s                  ; Yes                        ; Yes                        ; 2.62 V                      ; 4.05e-08 V                  ; 2.72 V             ; -0.0349 V          ; 0.173 V                             ; 0.1 V                               ; 2.72e-10 s                 ; 2.69e-10 s                 ; Yes                       ; Yes                       ;
; HEX3[5]       ; 2.5 V        ; 0 s                 ; 0 s                 ; 2.62 V                       ; 4.05e-08 V                   ; 2.72 V              ; -0.0349 V           ; 0.173 V                              ; 0.1 V                                ; 2.72e-10 s                  ; 2.69e-10 s                  ; Yes                        ; Yes                        ; 2.62 V                      ; 4.05e-08 V                  ; 2.72 V             ; -0.0349 V          ; 0.173 V                             ; 0.1 V                               ; 2.72e-10 s                 ; 2.69e-10 s                 ; Yes                       ; Yes                       ;
; HEX3[6]       ; 2.5 V        ; 0 s                 ; 0 s                 ; 2.62 V                       ; 4.05e-08 V                   ; 2.72 V              ; -0.0349 V           ; 0.173 V                              ; 0.1 V                                ; 2.72e-10 s                  ; 2.69e-10 s                  ; Yes                        ; Yes                        ; 2.62 V                      ; 4.05e-08 V                  ; 2.72 V             ; -0.0349 V          ; 0.173 V                             ; 0.1 V                               ; 2.72e-10 s                 ; 2.69e-10 s                 ; Yes                       ; Yes                       ;
; ~ALTERA_DCLK~ ; 2.5 V        ; 0 s                 ; 0 s                 ; 2.62 V                       ; 2.22e-08 V                   ; 2.74 V              ; -0.06 V             ; 0.158 V                              ; 0.08 V                               ; 2.68e-10 s                  ; 2.19e-10 s                  ; Yes                        ; Yes                        ; 2.62 V                      ; 2.22e-08 V                  ; 2.74 V             ; -0.06 V            ; 0.158 V                             ; 0.08 V                              ; 2.68e-10 s                 ; 2.19e-10 s                 ; Yes                       ; Yes                       ;
; ~ALTERA_nCEO~ ; 2.5 V        ; 0 s                 ; 0 s                 ; 2.62 V                       ; 3.54e-08 V                   ; 2.7 V               ; -0.00943 V          ; 0.276 V                              ; 0.035 V                              ; 3.19e-10 s                  ; 4.99e-10 s                  ; No                         ; Yes                        ; 2.62 V                      ; 3.54e-08 V                  ; 2.7 V              ; -0.00943 V         ; 0.276 V                             ; 0.035 V                             ; 3.19e-10 s                 ; 4.99e-10 s                 ; No                        ; Yes                       ;
+---------------+--------------+---------------------+---------------------+------------------------------+------------------------------+---------------------+---------------------+--------------------------------------+--------------------------------------+-----------------------------+-----------------------------+----------------------------+----------------------------+-----------------------------+-----------------------------+--------------------+--------------------+-------------------------------------+-------------------------------------+----------------------------+----------------------------+---------------------------+---------------------------+


+-------------------------------------------------------------------+
; Setup Transfers                                                   ;
+------------+----------+----------+----------+----------+----------+
; From Clock ; To Clock ; RR Paths ; FR Paths ; RF Paths ; FF Paths ;
+------------+----------+----------+----------+----------+----------+
; Clock      ; Clock    ; 904      ; 0        ; 0        ; 0        ;
+------------+----------+----------+----------+----------+----------+
Entries labeled "false path" only account for clock-to-clock false paths and not path-based false paths. As a result, actual path counts may be lower than reported.


+-------------------------------------------------------------------+
; Hold Transfers                                                    ;
+------------+----------+----------+----------+----------+----------+
; From Clock ; To Clock ; RR Paths ; FR Paths ; RF Paths ; FF Paths ;
+------------+----------+----------+----------+----------+----------+
; Clock      ; Clock    ; 904      ; 0        ; 0        ; 0        ;
+------------+----------+----------+----------+----------+----------+
Entries labeled "false path" only account for clock-to-clock false paths and not path-based false paths. As a result, actual path counts may be lower than reported.


---------------
; Report TCCS ;
---------------
No dedicated SERDES Transmitter circuitry present in device or used in design


---------------
; Report RSKM ;
---------------
No non-DPA dedicated SERDES Receiver circuitry present in device or used in design


+------------------------------------------------+
; Unconstrained Paths Summary                    ;
+---------------------------------+-------+------+
; Property                        ; Setup ; Hold ;
+---------------------------------+-------+------+
; Illegal Clocks                  ; 0     ; 0    ;
; Unconstrained Clocks            ; 0     ; 0    ;
; Unconstrained Input Ports       ; 17    ; 17   ;
; Unconstrained Input Port Paths  ; 26    ; 26   ;
; Unconstrained Output Ports      ; 44    ; 44   ;
; Unconstrained Output Port Paths ; 156   ; 156  ;
+---------------------------------+-------+------+


+-------------------------------------+
; Clock Status Summary                ;
+--------+-------+------+-------------+
; Target ; Clock ; Type ; Status      ;
+--------+-------+------+-------------+
; Clock  ; Clock ; Base ; Constrained ;
+--------+-------+------+-------------+


+----------------------------------------------------------------------------------------------------+
; Unconstrained Input Ports                                                                          ;
+-------------+--------------------------------------------------------------------------------------+
; Input Port  ; Comment                                                                              ;
+-------------+--------------------------------------------------------------------------------------+
; Dividend[0] ; No input delay, min/max delays, false-path exceptions, or max skew assignments found ;
; Dividend[1] ; No input delay, min/max delays, false-path exceptions, or max skew assignments found ;
; Dividend[2] ; No input delay, min/max delays, false-path exceptions, or max skew assignments found ;
; Dividend[3] ; No input delay, min/max delays, false-path exceptions, or max skew assignments found ;
; Dividend[4] ; No input delay, min/max delays, false-path exceptions, or max skew assignments found ;
; Dividend[5] ; No input delay, min/max delays, false-path exceptions, or max skew assignments found ;
; Dividend[6] ; No input delay, min/max delays, false-path exceptions, or max skew assignments found ;
; Dividend[7] ; No input delay, min/max delays, false-path exceptions, or max skew assignments found ;
; Divisor[0]  ; No input delay, min/max delays, false-path exceptions, or max skew assignments found ;
; Divisor[1]  ; No input delay, min/max delays, false-path exceptions, or max skew assignments found ;
; Divisor[2]  ; No input delay, min/max delays, false-path exceptions, or max skew assignments found ;
; Divisor[3]  ; No input delay, min/max delays, false-path exceptions, or max skew assignments found ;
; Divisor[4]  ; No input delay, min/max delays, false-path exceptions, or max skew assignments found ;
; Divisor[5]  ; No input delay, min/max delays, false-path exceptions, or max skew assignments found ;
; Divisor[6]  ; No input delay, min/max delays, false-path exceptions, or max skew assignments found ;
; Divisor[7]  ; No input delay, min/max delays, false-path exceptions, or max skew assignments found ;
; Reset       ; No input delay, min/max delays, false-path exceptions, or max skew assignments found ;
+-------------+--------------------------------------------------------------------------------------+


+------------------------------------------------------------------------------------------------------+
; Unconstrained Output Ports                                                                           ;
+--------------+---------------------------------------------------------------------------------------+
; Output Port  ; Comment                                                                               ;
+--------------+---------------------------------------------------------------------------------------+
; HEX0[0]      ; No output delay, min/max delays, false-path exceptions, or max skew assignments found ;
; HEX0[1]      ; No output delay, min/max delays, false-path exceptions, or max skew assignments found ;
; HEX0[2]      ; No output delay, min/max delays, false-path exceptions, or max skew assignments found ;
; HEX0[3]      ; No output delay, min/max delays, false-path exceptions, or max skew assignments found ;
; HEX0[4]      ; No output delay, min/max delays, false-path exceptions, or max skew assignments found ;
; HEX0[5]      ; No output delay, min/max delays, false-path exceptions, or max skew assignments found ;
; HEX0[6]      ; No output delay, min/max delays, false-path exceptions, or max skew assignments found ;
; HEX1[0]      ; No output delay, min/max delays, false-path exceptions, or max skew assignments found ;
; HEX1[1]      ; No output delay, min/max delays, false-path exceptions, or max skew assignments found ;
; HEX1[2]      ; No output delay, min/max delays, false-path exceptions, or max skew assignments found ;
; HEX1[3]      ; No output delay, min/max delays, false-path exceptions, or max skew assignments found ;
; HEX1[4]      ; No output delay, min/max delays, false-path exceptions, or max skew assignments found ;
; HEX1[5]      ; No output delay, min/max delays, false-path exceptions, or max skew assignments found ;
; HEX1[6]      ; No output delay, min/max delays, false-path exceptions, or max skew assignments found ;
; HEX2[0]      ; No output delay, min/max delays, false-path exceptions, or max skew assignments found ;
; HEX2[1]      ; No output delay, min/max delays, false-path exceptions, or max skew assignments found ;
; HEX2[2]      ; No output delay, min/max delays, false-path exceptions, or max skew assignments found ;
; HEX2[3]      ; No output delay, min/max delays, false-path exceptions, or max skew assignments found ;
; HEX2[4]      ; No output delay, min/max delays, false-path exceptions, or max skew assignments found ;
; HEX2[5]      ; No output delay, min/max delays, false-path exceptions, or max skew assignments found ;
; HEX2[6]      ; No output delay, min/max delays, false-path exceptions, or max skew assignments found ;
; HEX3[0]      ; No output delay, min/max delays, false-path exceptions, or max skew assignments found ;
; HEX3[1]      ; No output delay, min/max delays, false-path exceptions, or max skew assignments found ;
; HEX3[2]      ; No output delay, min/max delays, false-path exceptions, or max skew assignments found ;
; HEX3[3]      ; No output delay, min/max delays, false-path exceptions, or max skew assignments found ;
; HEX3[4]      ; No output delay, min/max delays, false-path exceptions, or max skew assignments found ;
; HEX3[5]      ; No output delay, min/max delays, false-path exceptions, or max skew assignments found ;
; HEX3[6]      ; No output delay, min/max delays, false-path exceptions, or max skew assignments found ;
; Quotient[0]  ; No output delay, min/max delays, false-path exceptions, or max skew assignments found ;
; Quotient[1]  ; No output delay, min/max delays, false-path exceptions, or max skew assignments found ;
; Quotient[2]  ; No output delay, min/max delays, false-path exceptions, or max skew assignments found ;
; Quotient[3]  ; No output delay, min/max delays, false-path exceptions, or max skew assignments found ;
; Quotient[4]  ; No output delay, min/max delays, false-path exceptions, or max skew assignments found ;
; Quotient[5]  ; No output delay, min/max delays, false-path exceptions, or max skew assignments found ;
; Quotient[6]  ; No output delay, min/max delays, false-path exceptions, or max skew assignments found ;
; Quotient[7]  ; No output delay, min/max delays, false-path exceptions, or max skew assignments found ;
; Remainder[0] ; No output delay, min/max delays, false-path exceptions, or max skew assignments found ;
; Remainder[1] ; No output delay, min/max delays, false-path exceptions, or max skew assignments found ;
; Remainder[2] ; No output delay, min/max delays, false-path exceptions, or max skew assignments found ;
; Remainder[3] ; No output delay, min/max delays, false-path exceptions, or max skew assignments found ;
; Remainder[4] ; No output delay, min/max delays, false-path exceptions, or max skew assignments found ;
; Remainder[5] ; No output delay, min/max delays, false-path exceptions, or max skew assignments found ;
; Remainder[6] ; No output delay, min/max delays, false-path exceptions, or max skew assignments found ;
; Remainder[7] ; No output delay, min/max delays, false-path exceptions, or max skew assignments found ;
+--------------+---------------------------------------------------------------------------------------+


+----------------------------------------------------------------------------------------------------+
; Unconstrained Input Ports                                                                          ;
+-------------+--------------------------------------------------------------------------------------+
; Input Port  ; Comment                                                                              ;
+-------------+--------------------------------------------------------------------------------------+
; Dividend[0] ; No input delay, min/max delays, false-path exceptions, or max skew assignments found ;
; Dividend[1] ; No input delay, min/max delays, false-path exceptions, or max skew assignments found ;
; Dividend[2] ; No input delay, min/max delays, false-path exceptions, or max skew assignments found ;
; Dividend[3] ; No input delay, min/max delays, false-path exceptions, or max skew assignments found ;
; Dividend[4] ; No input delay, min/max delays, false-path exceptions, or max skew assignments found ;
; Dividend[5] ; No input delay, min/max delays, false-path exceptions, or max skew assignments found ;
; Dividend[6] ; No input delay, min/max delays, false-path exceptions, or max skew assignments found ;
; Dividend[7] ; No input delay, min/max delays, false-path exceptions, or max skew assignments found ;
; Divisor[0]  ; No input delay, min/max delays, false-path exceptions, or max skew assignments found ;
; Divisor[1]  ; No input delay, min/max delays, false-path exceptions, or max skew assignments found ;
; Divisor[2]  ; No input delay, min/max delays, false-path exceptions, or max skew assignments found ;
; Divisor[3]  ; No input delay, min/max delays, false-path exceptions, or max skew assignments found ;
; Divisor[4]  ; No input delay, min/max delays, false-path exceptions, or max skew assignments found ;
; Divisor[5]  ; No input delay, min/max delays, false-path exceptions, or max skew assignments found ;
; Divisor[6]  ; No input delay, min/max delays, false-path exceptions, or max skew assignments found ;
; Divisor[7]  ; No input delay, min/max delays, false-path exceptions, or max skew assignments found ;
; Reset       ; No input delay, min/max delays, false-path exceptions, or max skew assignments found ;
+-------------+--------------------------------------------------------------------------------------+


+------------------------------------------------------------------------------------------------------+
; Unconstrained Output Ports                                                                           ;
+--------------+---------------------------------------------------------------------------------------+
; Output Port  ; Comment                                                                               ;
+--------------+---------------------------------------------------------------------------------------+
; HEX0[0]      ; No output delay, min/max delays, false-path exceptions, or max skew assignments found ;
; HEX0[1]      ; No output delay, min/max delays, false-path exceptions, or max skew assignments found ;
; HEX0[2]      ; No output delay, min/max delays, false-path exceptions, or max skew assignments found ;
; HEX0[3]      ; No output delay, min/max delays, false-path exceptions, or max skew assignments found ;
; HEX0[4]      ; No output delay, min/max delays, false-path exceptions, or max skew assignments found ;
; HEX0[5]      ; No output delay, min/max delays, false-path exceptions, or max skew assignments found ;
; HEX0[6]      ; No output delay, min/max delays, false-path exceptions, or max skew assignments found ;
; HEX1[0]      ; No output delay, min/max delays, false-path exceptions, or max skew assignments found ;
; HEX1[1]      ; No output delay, min/max delays, false-path exceptions, or max skew assignments found ;
; HEX1[2]      ; No output delay, min/max delays, false-path exceptions, or max skew assignments found ;
; HEX1[3]      ; No output delay, min/max delays, false-path exceptions, or max skew assignments found ;
; HEX1[4]      ; No output delay, min/max delays, false-path exceptions, or max skew assignments found ;
; HEX1[5]      ; No output delay, min/max delays, false-path exceptions, or max skew assignments found ;
; HEX1[6]      ; No output delay, min/max delays, false-path exceptions, or max skew assignments found ;
; HEX2[0]      ; No output delay, min/max delays, false-path exceptions, or max skew assignments found ;
; HEX2[1]      ; No output delay, min/max delays, false-path exceptions, or max skew assignments found ;
; HEX2[2]      ; No output delay, min/max delays, false-path exceptions, or max skew assignments found ;
; HEX2[3]      ; No output delay, min/max delays, false-path exceptions, or max skew assignments found ;
; HEX2[4]      ; No output delay, min/max delays, false-path exceptions, or max skew assignments found ;
; HEX2[5]      ; No output delay, min/max delays, false-path exceptions, or max skew assignments found ;
; HEX2[6]      ; No output delay, min/max delays, false-path exceptions, or max skew assignments found ;
; HEX3[0]      ; No output delay, min/max delays, false-path exceptions, or max skew assignments found ;
; HEX3[1]      ; No output delay, min/max delays, false-path exceptions, or max skew assignments found ;
; HEX3[2]      ; No output delay, min/max delays, false-path exceptions, or max skew assignments found ;
; HEX3[3]      ; No output delay, min/max delays, false-path exceptions, or max skew assignments found ;
; HEX3[4]      ; No output delay, min/max delays, false-path exceptions, or max skew assignments found ;
; HEX3[5]      ; No output delay, min/max delays, false-path exceptions, or max skew assignments found ;
; HEX3[6]      ; No output delay, min/max delays, false-path exceptions, or max skew assignments found ;
; Quotient[0]  ; No output delay, min/max delays, false-path exceptions, or max skew assignments found ;
; Quotient[1]  ; No output delay, min/max delays, false-path exceptions, or max skew assignments found ;
; Quotient[2]  ; No output delay, min/max delays, false-path exceptions, or max skew assignments found ;
; Quotient[3]  ; No output delay, min/max delays, false-path exceptions, or max skew assignments found ;
; Quotient[4]  ; No output delay, min/max delays, false-path exceptions, or max skew assignments found ;
; Quotient[5]  ; No output delay, min/max delays, false-path exceptions, or max skew assignments found ;
; Quotient[6]  ; No output delay, min/max delays, false-path exceptions, or max skew assignments found ;
; Quotient[7]  ; No output delay, min/max delays, false-path exceptions, or max skew assignments found ;
; Remainder[0] ; No output delay, min/max delays, false-path exceptions, or max skew assignments found ;
; Remainder[1] ; No output delay, min/max delays, false-path exceptions, or max skew assignments found ;
; Remainder[2] ; No output delay, min/max delays, false-path exceptions, or max skew assignments found ;
; Remainder[3] ; No output delay, min/max delays, false-path exceptions, or max skew assignments found ;
; Remainder[4] ; No output delay, min/max delays, false-path exceptions, or max skew assignments found ;
; Remainder[5] ; No output delay, min/max delays, false-path exceptions, or max skew assignments found ;
; Remainder[6] ; No output delay, min/max delays, false-path exceptions, or max skew assignments found ;
; Remainder[7] ; No output delay, min/max delays, false-path exceptions, or max skew assignments found ;
+--------------+---------------------------------------------------------------------------------------+


+--------------------------+
; Timing Analyzer Messages ;
+--------------------------+
Info: *******************************************************************
Info: Running Quartus Prime Timing Analyzer
    Info: Version 25.1std.0 Build 1129 10/21/2025 SC Lite Edition
    Info: Processing started: Fri May 29 22:45:39 2026
Info: Command: quartus_sta Division -c Division
Info: qsta_default_script.tcl version: #1
Warning (18236): Number of processors has not been specified which may cause overloading on shared machines.  Set the global assignment NUM_PARALLEL_PROCESSORS in your QSF to an appropriate value for best performance.
Info (20030): Parallel compilation is enabled and will use 10 of the 10 processors detected
Info (21077): Low junction temperature is 0 degrees C
Info (21077): High junction temperature is 85 degrees C
Critical Warning (332012): Synopsys Design Constraints File file not found: 'Division.sdc'. A Synopsys Design Constraints File is required by the Timing Analyzer to get proper timing constraints. Without it, the Compiler will not properly optimize the design.
Info (332142): No user constrained base clocks found in the design. Calling "derive_clocks -period 1.0"
Info (332105): Deriving Clocks
    Info (332105): create_clock -period 1.000 -name Clock Clock
Info (332143): No user constrained clock uncertainty found in the design. Calling "derive_clock_uncertainty"
Info (332154): The derive_clock_uncertainty command did not apply clock uncertainty to any clock-to-clock transfers.
Info: Found TIMING_ANALYZER_REPORT_SCRIPT_INCLUDE_DEFAULT_ANALYSIS = ON
Info: Analyzing Slow 1200mV 85C Model
Critical Warning (332148): Timing requirements not met
    Info (11105): For recommendations on closing timing, run Report Timing Closure Recommendations in the Timing Analyzer.
Info (332146): Worst-case setup slack is -2.571
    Info (332119):     Slack       End Point TNS Clock 
    Info (332119): ========= =================== =====================
    Info (332119):    -2.571             -88.725 Clock 
Info (332146): Worst-case hold slack is 0.440
    Info (332119):     Slack       End Point TNS Clock 
    Info (332119): ========= =================== =====================
    Info (332119):     0.440               0.000 Clock 
Info (332140): No Recovery paths to report
Info (332140): No Removal paths to report
Info (332146): Worst-case minimum pulse width slack is -3.000
    Info (332119):     Slack       End Point TNS Clock 
    Info (332119): ========= =================== =====================
    Info (332119):    -3.000             -68.535 Clock 
Info: Analyzing Slow 1200mV 0C Model
Info (334003): Started post-fitting delay annotation
Info (334004): Delay annotation completed successfully
Info (332154): The derive_clock_uncertainty command did not apply clock uncertainty to any clock-to-clock transfers.
Critical Warning (332148): Timing requirements not met
    Info (11105): For recommendations on closing timing, run Report Timing Closure Recommendations in the Timing Analyzer.
Info (332146): Worst-case setup slack is -2.212
    Info (332119):     Slack       End Point TNS Clock 
    Info (332119): ========= =================== =====================
    Info (332119):    -2.212             -75.899 Clock 
Info (332146): Worst-case hold slack is 0.387
    Info (332119):     Slack       End Point TNS Clock 
    Info (332119): ========= =================== =====================
    Info (332119):     0.387               0.000 Clock 
Info (332140): No Recovery paths to report
Info (332140): No Removal paths to report
Info (332146): Worst-case minimum pulse width slack is -3.000
    Info (332119):     Slack       End Point TNS Clock 
    Info (332119): ========= =================== =====================
    Info (332119):    -3.000             -68.535 Clock 
Info: Analyzing Fast 1200mV 0C Model
Info (332154): The derive_clock_uncertainty command did not apply clock uncertainty to any clock-to-clock transfers.
Critical Warning (332148): Timing requirements not met
    Info (11105): For recommendations on closing timing, run Report Timing Closure Recommendations in the Timing Analyzer.
Info (332146): Worst-case setup slack is -0.766
    Info (332119):     Slack       End Point TNS Clock 
    Info (332119): ========= =================== =====================
    Info (332119):    -0.766             -18.697 Clock 
Info (332146): Worst-case hold slack is 0.201
    Info (332119):     Slack       End Point TNS Clock 
    Info (332119): ========= =================== =====================
    Info (332119):     0.201               0.000 Clock 
Info (332140): No Recovery paths to report
Info (332140): No Removal paths to report
Info (332146): Worst-case minimum pulse width slack is -3.000
    Info (332119):     Slack       End Point TNS Clock 
    Info (332119): ========= =================== =====================
    Info (332119):    -3.000             -61.309 Clock 
Info (332102): Design is not fully constrained for setup requirements
Info (332102): Design is not fully constrained for hold requirements
Info: Quartus Prime Timing Analyzer was successful. 0 errors, 5 warnings
    Info: Peak virtual memory: 4953 megabytes
    Info: Processing ended: Fri May 29 22:45:42 2026
    Info: Elapsed time: 00:00:03
    Info: Total CPU time (on all processors): 00:00:02


